consulta_id,clase_pred_id,confianza,top5
100000,41,0.59958,"[{""clase_id"": 41, ""prob"": 0.59958}, {""clase_id"": 11, ""prob"": 0.32518}, {""clase_id"": 43, ""prob"": 0.01401}, {""clase_id"": 18, ""prob"": 0.00363}, {""clase_id"": 39, ""prob"": 0.00347}]"
100001,11,0.98896,"[{""clase_id"": 11, ""prob"": 0.98896}, {""clase_id"": 13, ""prob"": 0.00139}, {""clase_id"": 66, ""prob"": 0.00099}, {""clase_id"": 41, ""prob"": 0.00091}, {""clase_id"": 12, ""prob"": 0.00056}]"
100002,11,0.9903,"[{""clase_id"": 11, ""prob"": 0.9903}, {""clase_id"": 12, ""prob"": 0.00186}, {""clase_id"": 66, ""prob"": 0.00142}, {""clase_id"": 41, ""prob"": 0.00074}, {""clase_id"": 43, ""prob"": 0.00032}]"
100003,11,0.618,"[{""clase_id"": 11, ""prob"": 0.618}, {""clase_id"": 12, ""prob"": 0.3607}, {""clase_id"": 38, ""prob"": 0.00103}, {""clase_id"": 66, ""prob"": 0.00095}, {""clase_id"": 0, ""prob"": 0.00073}]"
100004,11,0.99094,"[{""clase_id"": 11, ""prob"": 0.99094}, {""clase_id"": 12, ""prob"": 0.00291}, {""clase_id"": 66, ""prob"": 0.00118}, {""clase_id"": 38, ""prob"": 0.00035}, {""clase_id"": 41, ""prob"": 0.00035}]"
100005,12,0.97034,"[{""clase_id"": 12, ""prob"": 0.97034}, {""clase_id"": 11, ""prob"": 0.02062}, {""clase_id"": 43, ""prob"": 0.00055}, {""clase_id"": 67, ""prob"": 0.00047}, {""clase_id"": 38, ""prob"": 0.00041}]"
100006,11,0.99144,"[{""clase_id"": 11, ""prob"": 0.99144}, {""clase_id"": 66, ""prob"": 0.00155}, {""clase_id"": 41, ""prob"": 0.00081}, {""clase_id"": 12, ""prob"": 0.00041}, {""clase_id"": 13, ""prob"": 0.0004}]"
100007,11,0.992,"[{""clase_id"": 11, ""prob"": 0.992}, {""clase_id"": 12, ""prob"": 0.00153}, {""clase_id"": 66, ""prob"": 0.00128}, {""clase_id"": 41, ""prob"": 0.00068}, {""clase_id"": 43, ""prob"": 0.00028}]"
100008,11,0.99231,"[{""clase_id"": 11, ""prob"": 0.99231}, {""clase_id"": 41, ""prob"": 0.00107}, {""clase_id"": 66, ""prob"": 0.00101}, {""clase_id"": 12, ""prob"": 0.00066}, {""clase_id"": 38, ""prob"": 0.00023}]"
100009,11,0.51651,"[{""clase_id"": 11, ""prob"": 0.51651}, {""clase_id"": 12, ""prob"": 0.46238}, {""clase_id"": 66, ""prob"": 0.00194}, {""clase_id"": 67, ""prob"": 0.00129}, {""clase_id"": 45, ""prob"": 0.00099}]"
100010,11,0.99042,"[{""clase_id"": 11, ""prob"": 0.99042}, {""clase_id"": 12, ""prob"": 0.00192}, {""clase_id"": 66, ""prob"": 0.00082}, {""clase_id"": 41, ""prob"": 0.00075}, {""clase_id"": 38, ""prob"": 0.00049}]"
100011,12,0.88872,"[{""clase_id"": 12, ""prob"": 0.88872}, {""clase_id"": 11, ""prob"": 0.08733}, {""clase_id"": 43, ""prob"": 0.00849}, {""clase_id"": 40, ""prob"": 0.00081}, {""clase_id"": 38, ""prob"": 0.00067}]"
100012,11,0.98488,"[{""clase_id"": 11, ""prob"": 0.98488}, {""clase_id"": 66, ""prob"": 0.00202}, {""clase_id"": 41, ""prob"": 0.00181}, {""clase_id"": 6, ""prob"": 0.00126}, {""clase_id"": 12, ""prob"": 0.00106}]"
100013,11,0.99049,"[{""clase_id"": 11, ""prob"": 0.99049}, {""clase_id"": 66, ""prob"": 0.00183}, {""clase_id"": 41, ""prob"": 0.00146}, {""clase_id"": 12, ""prob"": 0.00046}, {""clase_id"": 13, ""prob"": 0.00025}]"
100014,11,0.98675,"[{""clase_id"": 11, ""prob"": 0.98675}, {""clase_id"": 66, ""prob"": 0.00376}, {""clase_id"": 12, ""prob"": 0.00173}, {""clase_id"": 6, ""prob"": 0.00067}, {""clase_id"": 41, ""prob"": 0.00052}]"
100015,11,0.93449,"[{""clase_id"": 11, ""prob"": 0.93449}, {""clase_id"": 12, ""prob"": 0.05321}, {""clase_id"": 66, ""prob"": 0.00103}, {""clase_id"": 38, ""prob"": 0.00044}, {""clase_id"": 41, ""prob"": 0.00043}]"
100016,11,0.98698,"[{""clase_id"": 11, ""prob"": 0.98698}, {""clase_id"": 12, ""prob"": 0.00605}, {""clase_id"": 66, ""prob"": 0.00115}, {""clase_id"": 41, ""prob"": 0.00038}, {""clase_id"": 38, ""prob"": 0.0003}]"
100017,11,0.99086,"[{""clase_id"": 11, ""prob"": 0.99086}, {""clase_id"": 12, ""prob"": 0.00244}, {""clase_id"": 66, ""prob"": 0.00091}, {""clase_id"": 41, ""prob"": 0.00075}, {""clase_id"": 43, ""prob"": 0.00053}]"
100018,11,0.99174,"[{""clase_id"": 11, ""prob"": 0.99174}, {""clase_id"": 66, ""prob"": 0.00174}, {""clase_id"": 12, ""prob"": 0.00098}, {""clase_id"": 41, ""prob"": 0.00037}, {""clase_id"": 13, ""prob"": 0.0003}]"
100019,11,0.98717,"[{""clase_id"": 11, ""prob"": 0.98717}, {""clase_id"": 66, ""prob"": 0.00219}, {""clase_id"": 41, ""prob"": 0.00209}, {""clase_id"": 13, ""prob"": 0.0009}, {""clase_id"": 12, ""prob"": 0.00051}]"
100020,11,0.94356,"[{""clase_id"": 11, ""prob"": 0.94356}, {""clase_id"": 41, ""prob"": 0.03473}, {""clase_id"": 13, ""prob"": 0.00182}, {""clase_id"": 18, ""prob"": 0.00159}, {""clase_id"": 66, ""prob"": 0.00145}]"
100021,11,0.89582,"[{""clase_id"": 11, ""prob"": 0.89582}, {""clase_id"": 41, ""prob"": 0.03955}, {""clase_id"": 53, ""prob"": 0.00422}, {""clase_id"": 52, ""prob"": 0.00396}, {""clase_id"": 9, ""prob"": 0.00385}]"
100022,11,0.97316,"[{""clase_id"": 11, ""prob"": 0.97316}, {""clase_id"": 12, ""prob"": 0.01766}, {""clase_id"": 66, ""prob"": 0.00132}, {""clase_id"": 41, ""prob"": 0.0007}, {""clase_id"": 0, ""prob"": 0.00037}]"
100023,11,0.99087,"[{""clase_id"": 11, ""prob"": 0.99087}, {""clase_id"": 12, ""prob"": 0.00143}, {""clase_id"": 66, ""prob"": 0.00123}, {""clase_id"": 41, ""prob"": 0.00054}, {""clase_id"": 13, ""prob"": 0.00045}]"
100024,11,0.99191,"[{""clase_id"": 11, ""prob"": 0.99191}, {""clase_id"": 12, ""prob"": 0.00273}, {""clase_id"": 66, ""prob"": 0.00078}, {""clase_id"": 41, ""prob"": 0.00034}, {""clase_id"": 38, ""prob"": 0.00028}]"
100025,11,0.99203,"[{""clase_id"": 11, ""prob"": 0.99203}, {""clase_id"": 66, ""prob"": 0.00154}, {""clase_id"": 41, ""prob"": 0.00061}, {""clase_id"": 12, ""prob"": 0.00058}, {""clase_id"": 38, ""prob"": 0.0003}]"
100026,11,0.97812,"[{""clase_id"": 11, ""prob"": 0.97812}, {""clase_id"": 12, ""prob"": 0.00932}, {""clase_id"": 66, ""prob"": 0.00181}, {""clase_id"": 41, ""prob"": 0.00087}, {""clase_id"": 27, ""prob"": 0.00056}]"
100027,11,0.99266,"[{""clase_id"": 11, ""prob"": 0.99266}, {""clase_id"": 66, ""prob"": 0.00099}, {""clase_id"": 12, ""prob"": 0.00096}, {""clase_id"": 41, ""prob"": 0.00053}, {""clase_id"": 13, ""prob"": 0.00029}]"
100028,11,0.97566,"[{""clase_id"": 11, ""prob"": 0.97566}, {""clase_id"": 9, ""prob"": 0.00543}, {""clase_id"": 12, ""prob"": 0.00201}, {""clase_id"": 41, ""prob"": 0.00186}, {""clase_id"": 13, ""prob"": 0.00182}]"
100029,11,0.99349,"[{""clase_id"": 11, ""prob"": 0.99349}, {""clase_id"": 12, ""prob"": 0.00085}, {""clase_id"": 66, ""prob"": 0.00081}, {""clase_id"": 41, ""prob"": 0.00058}, {""clase_id"": 38, ""prob"": 0.00026}]"
100030,11,0.99162,"[{""clase_id"": 11, ""prob"": 0.99162}, {""clase_id"": 12, ""prob"": 0.00252}, {""clase_id"": 66, ""prob"": 0.001}, {""clase_id"": 38, ""prob"": 0.00036}, {""clase_id"": 41, ""prob"": 0.00033}]"
100031,11,0.99242,"[{""clase_id"": 11, ""prob"": 0.99242}, {""clase_id"": 12, ""prob"": 0.00093}, {""clase_id"": 66, ""prob"": 0.00082}, {""clase_id"": 13, ""prob"": 0.00045}, {""clase_id"": 41, ""prob"": 0.00039}]"
100032,12,0.91957,"[{""clase_id"": 12, ""prob"": 0.91957}, {""clase_id"": 11, ""prob"": 0.06619}, {""clase_id"": 67, ""prob"": 0.00076}, {""clase_id"": 38, ""prob"": 0.00055}, {""clase_id"": 57, ""prob"": 0.00049}]"
100033,11,0.99321,"[{""clase_id"": 11, ""prob"": 0.99321}, {""clase_id"": 66, ""prob"": 0.0008}, {""clase_id"": 12, ""prob"": 0.00078}, {""clase_id"": 41, ""prob"": 0.00069}, {""clase_id"": 38, ""prob"": 0.00018}]"
100034,11,0.99215,"[{""clase_id"": 11, ""prob"": 0.99215}, {""clase_id"": 66, ""prob"": 0.00091}, {""clase_id"": 41, ""prob"": 0.00066}, {""clase_id"": 13, ""prob"": 0.00061}, {""clase_id"": 12, ""prob"": 0.00054}]"
100035,11,0.98703,"[{""clase_id"": 11, ""prob"": 0.98703}, {""clase_id"": 13, ""prob"": 0.00134}, {""clase_id"": 66, ""prob"": 0.00127}, {""clase_id"": 41, ""prob"": 0.00095}, {""clase_id"": 12, ""prob"": 0.00091}]"
100036,11,0.96572,"[{""clase_id"": 11, ""prob"": 0.96572}, {""clase_id"": 41, ""prob"": 0.01684}, {""clase_id"": 13, ""prob"": 0.00238}, {""clase_id"": 66, ""prob"": 0.0018}, {""clase_id"": 18, ""prob"": 0.00067}]"
100037,11,0.88084,"[{""clase_id"": 11, ""prob"": 0.88084}, {""clase_id"": 66, ""prob"": 0.03424}, {""clase_id"": 41, ""prob"": 0.02498}, {""clase_id"": 42, ""prob"": 0.00426}, {""clase_id"": 23, ""prob"": 0.00364}]"
100038,11,0.99249,"[{""clase_id"": 11, ""prob"": 0.99249}, {""clase_id"": 66, ""prob"": 0.00134}, {""clase_id"": 41, ""prob"": 0.00066}, {""clase_id"": 12, ""prob"": 0.00059}, {""clase_id"": 38, ""prob"": 0.00028}]"
100039,11,0.99236,"[{""clase_id"": 11, ""prob"": 0.99236}, {""clase_id"": 66, ""prob"": 0.00148}, {""clase_id"": 41, ""prob"": 0.00064}, {""clase_id"": 12, ""prob"": 0.00059}, {""clase_id"": 38, ""prob"": 0.00028}]"
100040,13,0.84207,"[{""clase_id"": 13, ""prob"": 0.84207}, {""clase_id"": 14, ""prob"": 0.054}, {""clase_id"": 53, ""prob"": 0.01645}, {""clase_id"": 22, ""prob"": 0.0093}, {""clase_id"": 41, ""prob"": 0.00887}]"
100041,13,0.99331,"[{""clase_id"": 13, ""prob"": 0.99331}, {""clase_id"": 62, ""prob"": 0.00045}, {""clase_id"": 23, ""prob"": 0.00035}, {""clase_id"": 31, ""prob"": 0.0003}, {""clase_id"": 53, ""prob"": 0.00028}]"
100042,13,0.99528,"[{""clase_id"": 13, ""prob"": 0.99528}, {""clase_id"": 23, ""prob"": 0.00033}, {""clase_id"": 31, ""prob"": 0.00019}, {""clase_id"": 44, ""prob"": 0.00016}, {""clase_id"": 69, ""prob"": 0.00015}]"
100043,13,0.99551,"[{""clase_id"": 13, ""prob"": 0.99551}, {""clase_id"": 23, ""prob"": 0.00029}, {""clase_id"": 31, ""prob"": 0.00017}, {""clase_id"": 18, ""prob"": 0.00017}, {""clase_id"": 44, ""prob"": 0.00017}]"
100044,13,0.99502,"[{""clase_id"": 13, ""prob"": 0.99502}, {""clase_id"": 23, ""prob"": 0.0003}, {""clase_id"": 62, ""prob"": 0.0002}, {""clase_id"": 31, ""prob"": 0.0002}, {""clase_id"": 44, ""prob"": 0.0002}]"
100045,13,0.99362,"[{""clase_id"": 13, ""prob"": 0.99362}, {""clase_id"": 11, ""prob"": 0.00069}, {""clase_id"": 23, ""prob"": 0.00046}, {""clase_id"": 18, ""prob"": 0.00022}, {""clase_id"": 9, ""prob"": 0.00021}]"
100046,13,0.99502,"[{""clase_id"": 13, ""prob"": 0.99502}, {""clase_id"": 23, ""prob"": 0.00041}, {""clase_id"": 31, ""prob"": 0.00021}, {""clase_id"": 9, ""prob"": 0.0002}, {""clase_id"": 29, ""prob"": 0.00019}]"
100047,13,0.9387,"[{""clase_id"": 13, ""prob"": 0.9387}, {""clase_id"": 62, ""prob"": 0.0297}, {""clase_id"": 54, ""prob"": 0.00475}, {""clase_id"": 39, ""prob"": 0.00156}, {""clase_id"": 18, ""prob"": 0.00108}]"
100048,13,0.99392,"[{""clase_id"": 13, ""prob"": 0.99392}, {""clase_id"": 53, ""prob"": 0.00045}, {""clase_id"": 23, ""prob"": 0.00033}, {""clase_id"": 62, ""prob"": 0.00031}, {""clase_id"": 18, ""prob"": 0.00027}]"
100049,13,0.99442,"[{""clase_id"": 13, ""prob"": 0.99442}, {""clase_id"": 62, ""prob"": 0.00034}, {""clase_id"": 23, ""prob"": 0.00028}, {""clase_id"": 31, ""prob"": 0.00021}, {""clase_id"": 44, ""prob"": 0.00017}]"
100050,13,0.99501,"[{""clase_id"": 13, ""prob"": 0.99501}, {""clase_id"": 23, ""prob"": 0.00033}, {""clase_id"": 31, ""prob"": 0.00021}, {""clase_id"": 44, ""prob"": 0.00019}, {""clase_id"": 62, ""prob"": 0.00018}]"
100051,13,0.99486,"[{""clase_id"": 13, ""prob"": 0.99486}, {""clase_id"": 23, ""prob"": 0.00031}, {""clase_id"": 62, ""prob"": 0.00025}, {""clase_id"": 31, ""prob"": 0.00021}, {""clase_id"": 44, ""prob"": 0.00017}]"
100052,13,0.99461,"[{""clase_id"": 13, ""prob"": 0.99461}, {""clase_id"": 62, ""prob"": 0.00033}, {""clase_id"": 23, ""prob"": 0.00029}, {""clase_id"": 31, ""prob"": 0.00022}, {""clase_id"": 53, ""prob"": 0.00016}]"
100053,13,0.99474,"[{""clase_id"": 13, ""prob"": 0.99474}, {""clase_id"": 23, ""prob"": 0.00039}, {""clase_id"": 39, ""prob"": 0.00021}, {""clase_id"": 29, ""prob"": 0.0002}, {""clase_id"": 18, ""prob"": 0.00019}]"
100054,13,0.99491,"[{""clase_id"": 13, ""prob"": 0.99491}, {""clase_id"": 23, ""prob"": 0.00028}, {""clase_id"": 62, ""prob"": 0.00021}, {""clase_id"": 31, ""prob"": 0.00021}, {""clase_id"": 44, ""prob"": 0.00019}]"
100055,13,0.99117,"[{""clase_id"": 13, ""prob"": 0.99117}, {""clase_id"": 8, ""prob"": 0.00056}, {""clase_id"": 62, ""prob"": 0.00045}, {""clase_id"": 23, ""prob"": 0.00043}, {""clase_id"": 44, ""prob"": 0.00034}]"
100056,13,0.99498,"[{""clase_id"": 13, ""prob"": 0.99498}, {""clase_id"": 23, ""prob"": 0.00031}, {""clase_id"": 62, ""prob"": 0.00023}, {""clase_id"": 31, ""prob"": 0.0002}, {""clase_id"": 44, ""prob"": 0.00016}]"
100057,13,0.9946,"[{""clase_id"": 13, ""prob"": 0.9946}, {""clase_id"": 23, ""prob"": 0.00043}, {""clase_id"": 18, ""prob"": 0.00025}, {""clase_id"": 42, ""prob"": 0.00021}, {""clase_id"": 9, ""prob"": 0.0002}]"
100058,13,0.99505,"[{""clase_id"": 13, ""prob"": 0.99505}, {""clase_id"": 23, ""prob"": 0.0003}, {""clase_id"": 31, ""prob"": 0.00021}, {""clase_id"": 38, ""prob"": 0.0002}, {""clase_id"": 62, ""prob"": 0.00019}]"
100059,13,0.99492,"[{""clase_id"": 13, ""prob"": 0.99492}, {""clase_id"": 62, ""prob"": 0.00029}, {""clase_id"": 23, ""prob"": 0.00025}, {""clase_id"": 18, ""prob"": 0.00017}, {""clase_id"": 31, ""prob"": 0.00017}]"
100060,13,0.99172,"[{""clase_id"": 13, ""prob"": 0.99172}, {""clase_id"": 62, ""prob"": 0.00102}, {""clase_id"": 22, ""prob"": 0.00034}, {""clase_id"": 54, ""prob"": 0.00031}, {""clase_id"": 23, ""prob"": 0.0003}]"
100061,13,0.99051,"[{""clase_id"": 13, ""prob"": 0.99051}, {""clase_id"": 62, ""prob"": 0.0009}, {""clase_id"": 2, ""prob"": 0.00044}, {""clase_id"": 23, ""prob"": 0.00041}, {""clase_id"": 42, ""prob"": 0.00038}]"
100062,13,0.9943,"[{""clase_id"": 13, ""prob"": 0.9943}, {""clase_id"": 62, ""prob"": 0.00036}, {""clase_id"": 23, ""prob"": 0.0003}, {""clase_id"": 31, ""prob"": 0.00024}, {""clase_id"": 53, ""prob"": 0.00023}]"
100063,13,0.99498,"[{""clase_id"": 13, ""prob"": 0.99498}, {""clase_id"": 23, ""prob"": 0.00032}, {""clase_id"": 31, ""prob"": 0.0002}, {""clase_id"": 44, ""prob"": 0.00019}, {""clase_id"": 53, ""prob"": 0.00017}]"
100064,13,0.99473,"[{""clase_id"": 13, ""prob"": 0.99473}, {""clase_id"": 62, ""prob"": 0.00038}, {""clase_id"": 23, ""prob"": 0.00032}, {""clase_id"": 18, ""prob"": 0.00022}, {""clase_id"": 29, ""prob"": 0.00019}]"
100065,13,0.9943,"[{""clase_id"": 13, ""prob"": 0.9943}, {""clase_id"": 62, ""prob"": 0.00035}, {""clase_id"": 23, ""prob"": 0.00033}, {""clase_id"": 31, ""prob"": 0.00021}, {""clase_id"": 69, ""prob"": 0.00018}]"
100066,11,0.53389,"[{""clase_id"": 11, ""prob"": 0.53389}, {""clase_id"": 13, ""prob"": 0.35708}, {""clase_id"": 41, ""prob"": 0.02584}, {""clase_id"": 23, ""prob"": 0.00919}, {""clase_id"": 18, ""prob"": 0.008}]"
100067,13,0.99496,"[{""clase_id"": 13, ""prob"": 0.99496}, {""clase_id"": 23, ""prob"": 0.0003}, {""clase_id"": 31, ""prob"": 0.0002}, {""clase_id"": 62, ""prob"": 0.0002}, {""clase_id"": 44, ""prob"": 0.00019}]"
100068,13,0.99458,"[{""clase_id"": 13, ""prob"": 0.99458}, {""clase_id"": 62, ""prob"": 0.00031}, {""clase_id"": 23, ""prob"": 0.00026}, {""clase_id"": 31, ""prob"": 0.00022}, {""clase_id"": 44, ""prob"": 0.00017}]"
100069,13,0.99442,"[{""clase_id"": 13, ""prob"": 0.99442}, {""clase_id"": 62, ""prob"": 0.00031}, {""clase_id"": 23, ""prob"": 0.00029}, {""clase_id"": 38, ""prob"": 0.00022}, {""clase_id"": 31, ""prob"": 0.0002}]"
100070,13,0.99463,"[{""clase_id"": 13, ""prob"": 0.99463}, {""clase_id"": 23, ""prob"": 0.00029}, {""clase_id"": 31, ""prob"": 0.00024}, {""clase_id"": 62, ""prob"": 0.00023}, {""clase_id"": 44, ""prob"": 0.00021}]"
100071,13,0.98867,"[{""clase_id"": 13, ""prob"": 0.98867}, {""clase_id"": 23, ""prob"": 0.00139}, {""clase_id"": 14, ""prob"": 0.00105}, {""clase_id"": 42, ""prob"": 0.00083}, {""clase_id"": 18, ""prob"": 0.00044}]"
100072,13,0.99473,"[{""clase_id"": 13, ""prob"": 0.99473}, {""clase_id"": 23, ""prob"": 0.00039}, {""clase_id"": 62, ""prob"": 0.00028}, {""clase_id"": 18, ""prob"": 0.00024}, {""clase_id"": 31, ""prob"": 0.0002}]"
100073,13,0.99435,"[{""clase_id"": 13, ""prob"": 0.99435}, {""clase_id"": 62, ""prob"": 0.00035}, {""clase_id"": 23, ""prob"": 0.00028}, {""clase_id"": 31, ""prob"": 0.00021}, {""clase_id"": 53, ""prob"": 0.00019}]"
100074,13,0.46643,"[{""clase_id"": 13, ""prob"": 0.46643}, {""clase_id"": 69, ""prob"": 0.32334}, {""clase_id"": 74, ""prob"": 0.05118}, {""clase_id"": 30, ""prob"": 0.03071}, {""clase_id"": 44, ""prob"": 0.01114}]"
100075,13,0.99471,"[{""clase_id"": 13, ""prob"": 0.99471}, {""clase_id"": 62, ""prob"": 0.00036}, {""clase_id"": 23, ""prob"": 0.0003}, {""clase_id"": 18, ""prob"": 0.00018}, {""clase_id"": 53, ""prob"": 0.00016}]"
100076,13,0.9949,"[{""clase_id"": 13, ""prob"": 0.9949}, {""clase_id"": 62, ""prob"": 0.00035}, {""clase_id"": 23, ""prob"": 0.0003}, {""clase_id"": 18, ""prob"": 0.0002}, {""clase_id"": 31, ""prob"": 0.00017}]"
100077,13,0.99442,"[{""clase_id"": 13, ""prob"": 0.99442}, {""clase_id"": 62, ""prob"": 0.00031}, {""clase_id"": 23, ""prob"": 0.00029}, {""clase_id"": 31, ""prob"": 0.00021}, {""clase_id"": 44, ""prob"": 0.00018}]"
100078,13,0.99459,"[{""clase_id"": 13, ""prob"": 0.99459}, {""clase_id"": 23, ""prob"": 0.00027}, {""clase_id"": 62, ""prob"": 0.00027}, {""clase_id"": 31, ""prob"": 0.00021}, {""clase_id"": 44, ""prob"": 0.00019}]"
100079,13,0.97569,"[{""clase_id"": 13, ""prob"": 0.97569}, {""clase_id"": 39, ""prob"": 0.00762}, {""clase_id"": 62, ""prob"": 0.00143}, {""clase_id"": 54, ""prob"": 0.00108}, {""clase_id"": 31, ""prob"": 0.00075}]"
100080,32,0.99386,"[{""clase_id"": 32, ""prob"": 0.99386}, {""clase_id"": 76, ""prob"": 0.00066}, {""clase_id"": 17, ""prob"": 0.00043}, {""clase_id"": 62, ""prob"": 0.00025}, {""clase_id"": 33, ""prob"": 0.00023}]"
100081,32,0.99293,"[{""clase_id"": 32, ""prob"": 0.99293}, {""clase_id"": 76, ""prob"": 0.00049}, {""clase_id"": 33, ""prob"": 0.00036}, {""clase_id"": 62, ""prob"": 0.00031}, {""clase_id"": 31, ""prob"": 0.00027}]"
100082,32,0.97307,"[{""clase_id"": 32, ""prob"": 0.97307}, {""clase_id"": 76, ""prob"": 0.01546}, {""clase_id"": 17, ""prob"": 0.00286}, {""clase_id"": 33, ""prob"": 0.00058}, {""clase_id"": 62, ""prob"": 0.00045}]"
100083,32,0.99346,"[{""clase_id"": 32, ""prob"": 0.99346}, {""clase_id"": 17, ""prob"": 0.00042}, {""clase_id"": 33, ""prob"": 0.0004}, {""clase_id"": 76, ""prob"": 0.0003}, {""clase_id"": 2, ""prob"": 0.0003}]"
100084,32,0.99377,"[{""clase_id"": 32, ""prob"": 0.99377}, {""clase_id"": 76, ""prob"": 0.00039}, {""clase_id"": 62, ""prob"": 0.00033}, {""clase_id"": 17, ""prob"": 0.00031}, {""clase_id"": 2, ""prob"": 0.00028}]"
100085,32,0.99282,"[{""clase_id"": 32, ""prob"": 0.99282}, {""clase_id"": 76, ""prob"": 0.00044}, {""clase_id"": 31, ""prob"": 0.00034}, {""clase_id"": 62, ""prob"": 0.00031}, {""clase_id"": 2, ""prob"": 0.00026}]"
100086,32,0.97804,"[{""clase_id"": 32, ""prob"": 0.97804}, {""clase_id"": 76, ""prob"": 0.00888}, {""clase_id"": 17, ""prob"": 0.00307}, {""clase_id"": 21, ""prob"": 0.0005}, {""clase_id"": 33, ""prob"": 0.00049}]"
100087,32,0.99407,"[{""clase_id"": 32, ""prob"": 0.99407}, {""clase_id"": 76, ""prob"": 0.00056}, {""clase_id"": 17, ""prob"": 0.00053}, {""clase_id"": 33, ""prob"": 0.00029}, {""clase_id"": 62, ""prob"": 0.00021}]"
100088,32,0.9932,"[{""clase_id"": 32, ""prob"": 0.9932}, {""clase_id"": 76, ""prob"": 0.00051}, {""clase_id"": 33, ""prob"": 0.00027}, {""clase_id"": 17, ""prob"": 0.00026}, {""clase_id"": 4, ""prob"": 0.00025}]"
100089,32,0.99315,"[{""clase_id"": 32, ""prob"": 0.99315}, {""clase_id"": 76, ""prob"": 0.00106}, {""clase_id"": 17, ""prob"": 0.00046}, {""clase_id"": 33, ""prob"": 0.00032}, {""clase_id"": 31, ""prob"": 0.00023}]"
100090,32,0.99345,"[{""clase_id"": 32, ""prob"": 0.99345}, {""clase_id"": 76, ""prob"": 0.00063}, {""clase_id"": 33, ""prob"": 0.0003}, {""clase_id"": 17, ""prob"": 0.00028}, {""clase_id"": 31, ""prob"": 0.00028}]"
100091,32,0.99218,"[{""clase_id"": 32, ""prob"": 0.99218}, {""clase_id"": 76, ""prob"": 0.00057}, {""clase_id"": 60, ""prob"": 0.00037}, {""clase_id"": 4, ""prob"": 0.00033}, {""clase_id"": 62, ""prob"": 0.00031}]"
100092,32,0.99382,"[{""clase_id"": 32, ""prob"": 0.99382}, {""clase_id"": 17, ""prob"": 0.00069}, {""clase_id"": 76, ""prob"": 0.00052}, {""clase_id"": 62, ""prob"": 0.00028}, {""clase_id"": 33, ""prob"": 0.00026}]"
100093,32,0.70955,"[{""clase_id"": 32, ""prob"": 0.70955}, {""clase_id"": 33, ""prob"": 0.18539}, {""clase_id"": 31, ""prob"": 0.0171}, {""clase_id"": 17, ""prob"": 0.0114}, {""clase_id"": 76, ""prob"": 0.01103}]"
100094,32,0.99252,"[{""clase_id"": 32, ""prob"": 0.99252}, {""clase_id"": 17, ""prob"": 0.0007}, {""clase_id"": 76, ""prob"": 0.00066}, {""clase_id"": 33, ""prob"": 0.00056}, {""clase_id"": 4, ""prob"": 0.00028}]"
100095,32,0.99213,"[{""clase_id"": 32, ""prob"": 0.99213}, {""clase_id"": 76, ""prob"": 0.0004}, {""clase_id"": 62, ""prob"": 0.00037}, {""clase_id"": 31, ""prob"": 0.00035}, {""clase_id"": 33, ""prob"": 0.00032}]"
100096,32,0.99262,"[{""clase_id"": 32, ""prob"": 0.99262}, {""clase_id"": 62, ""prob"": 0.00044}, {""clase_id"": 2, ""prob"": 0.00034}, {""clase_id"": 70, ""prob"": 0.00031}, {""clase_id"": 76, ""prob"": 0.00031}]"
100097,17,0.45629,"[{""clase_id"": 17, ""prob"": 0.45629}, {""clase_id"": 32, ""prob"": 0.39312}, {""clase_id"": 31, ""prob"": 0.08585}, {""clase_id"": 76, ""prob"": 0.00552}, {""clase_id"": 33, ""prob"": 0.00493}]"
100098,32,0.98289,"[{""clase_id"": 32, ""prob"": 0.98289}, {""clase_id"": 31, ""prob"": 0.00407}, {""clase_id"": 33, ""prob"": 0.0019}, {""clase_id"": 76, ""prob"": 0.00158}, {""clase_id"": 36, ""prob"": 0.00136}]"
100099,32,0.99174,"[{""clase_id"": 32, ""prob"": 0.99174}, {""clase_id"": 70, ""prob"": 0.0005}, {""clase_id"": 31, ""prob"": 0.00043}, {""clase_id"": 2, ""prob"": 0.00033}, {""clase_id"": 3, ""prob"": 0.00032}]"
100100,32,0.9931,"[{""clase_id"": 32, ""prob"": 0.9931}, {""clase_id"": 76, ""prob"": 0.00047}, {""clase_id"": 33, ""prob"": 0.00034}, {""clase_id"": 62, ""prob"": 0.00032}, {""clase_id"": 17, ""prob"": 0.0003}]"
100101,32,0.99347,"[{""clase_id"": 32, ""prob"": 0.99347}, {""clase_id"": 76, ""prob"": 0.0004}, {""clase_id"": 62, ""prob"": 0.0003}, {""clase_id"": 33, ""prob"": 0.0003}, {""clase_id"": 17, ""prob"": 0.00029}]"
100102,32,0.99248,"[{""clase_id"": 32, ""prob"": 0.99248}, {""clase_id"": 76, ""prob"": 0.00071}, {""clase_id"": 33, ""prob"": 0.00032}, {""clase_id"": 4, ""prob"": 0.00029}, {""clase_id"": 31, ""prob"": 0.00026}]"
100103,32,0.99368,"[{""clase_id"": 32, ""prob"": 0.99368}, {""clase_id"": 76, ""prob"": 0.00044}, {""clase_id"": 62, ""prob"": 0.00031}, {""clase_id"": 17, ""prob"": 0.0003}, {""clase_id"": 33, ""prob"": 0.00026}]"
100104,32,0.99195,"[{""clase_id"": 32, ""prob"": 0.99195}, {""clase_id"": 76, ""prob"": 0.00054}, {""clase_id"": 31, ""prob"": 0.00054}, {""clase_id"": 36, ""prob"": 0.00044}, {""clase_id"": 62, ""prob"": 0.00043}]"
100105,32,0.9826,"[{""clase_id"": 32, ""prob"": 0.9826}, {""clase_id"": 31, ""prob"": 0.00347}, {""clase_id"": 17, ""prob"": 0.00211}, {""clase_id"": 76, ""prob"": 0.00091}, {""clase_id"": 60, ""prob"": 0.00086}]"
100106,32,0.96903,"[{""clase_id"": 32, ""prob"": 0.96903}, {""clase_id"": 76, ""prob"": 0.01792}, {""clase_id"": 17, ""prob"": 0.00188}, {""clase_id"": 33, ""prob"": 0.00089}, {""clase_id"": 4, ""prob"": 0.00057}]"
100107,32,0.99276,"[{""clase_id"": 32, ""prob"": 0.99275}, {""clase_id"": 76, ""prob"": 0.00041}, {""clase_id"": 33, ""prob"": 0.00032}, {""clase_id"": 4, ""prob"": 0.0003}, {""clase_id"": 17, ""prob"": 0.0003}]"
100108,32,0.9931,"[{""clase_id"": 32, ""prob"": 0.9931}, {""clase_id"": 76, ""prob"": 0.0009}, {""clase_id"": 17, ""prob"": 0.00042}, {""clase_id"": 62, ""prob"": 0.00033}, {""clase_id"": 33, ""prob"": 0.00028}]"
100109,32,0.99346,"[{""clase_id"": 32, ""prob"": 0.99346}, {""clase_id"": 76, ""prob"": 0.00044}, {""clase_id"": 17, ""prob"": 0.00031}, {""clase_id"": 33, ""prob"": 0.00028}, {""clase_id"": 4, ""prob"": 0.00024}]"
100110,32,0.70435,"[{""clase_id"": 32, ""prob"": 0.70435}, {""clase_id"": 76, ""prob"": 0.23737}, {""clase_id"": 17, ""prob"": 0.0224}, {""clase_id"": 70, ""prob"": 0.00299}, {""clase_id"": 69, ""prob"": 0.00141}]"
100111,32,0.99364,"[{""clase_id"": 32, ""prob"": 0.99364}, {""clase_id"": 76, ""prob"": 0.00052}, {""clase_id"": 17, ""prob"": 0.00031}, {""clase_id"": 62, ""prob"": 0.00023}, {""clase_id"": 2, ""prob"": 0.00021}]"
100112,32,0.99118,"[{""clase_id"": 32, ""prob"": 0.99118}, {""clase_id"": 76, ""prob"": 0.00156}, {""clase_id"": 17, ""prob"": 0.00152}, {""clase_id"": 33, ""prob"": 0.00039}, {""clase_id"": 62, ""prob"": 0.00023}]"
100113,32,0.99255,"[{""clase_id"": 32, ""prob"": 0.99255}, {""clase_id"": 70, ""prob"": 0.00048}, {""clase_id"": 76, ""prob"": 0.00038}, {""clase_id"": 62, ""prob"": 0.00037}, {""clase_id"": 17, ""prob"": 0.00036}]"
100114,32,0.99325,"[{""clase_id"": 32, ""prob"": 0.99325}, {""clase_id"": 17, ""prob"": 0.00068}, {""clase_id"": 76, ""prob"": 0.00042}, {""clase_id"": 31, ""prob"": 0.00036}, {""clase_id"": 33, ""prob"": 0.0003}]"
100115,32,0.97286,"[{""clase_id"": 32, ""prob"": 0.97286}, {""clase_id"": 76, ""prob"": 0.01343}, {""clase_id"": 17, ""prob"": 0.00396}, {""clase_id"": 33, ""prob"": 0.00067}, {""clase_id"": 21, ""prob"": 0.00043}]"
100116,32,0.9703,"[{""clase_id"": 32, ""prob"": 0.9703}, {""clase_id"": 17, ""prob"": 0.0087}, {""clase_id"": 31, ""prob"": 0.00639}, {""clase_id"": 76, ""prob"": 0.00458}, {""clase_id"": 33, ""prob"": 0.00147}]"
100117,32,0.99226,"[{""clase_id"": 32, ""prob"": 0.99226}, {""clase_id"": 17, ""prob"": 0.00141}, {""clase_id"": 76, ""prob"": 0.0006}, {""clase_id"": 31, ""prob"": 0.00044}, {""clase_id"": 33, ""prob"": 0.0003}]"
100118,32,0.98434,"[{""clase_id"": 32, ""prob"": 0.98434}, {""clase_id"": 47, ""prob"": 0.00116}, {""clase_id"": 67, ""prob"": 0.00114}, {""clase_id"": 76, ""prob"": 0.00101}, {""clase_id"": 17, ""prob"": 0.00098}]"
100119,32,0.99279,"[{""clase_id"": 32, ""prob"": 0.99279}, {""clase_id"": 17, ""prob"": 0.00092}, {""clase_id"": 76, ""prob"": 0.00062}, {""clase_id"": 33, ""prob"": 0.00042}, {""clase_id"": 12, ""prob"": 0.00024}]"
100120,17,0.99141,"[{""clase_id"": 17, ""prob"": 0.99141}, {""clase_id"": 76, ""prob"": 0.0009}, {""clase_id"": 31, ""prob"": 0.00057}, {""clase_id"": 24, ""prob"": 0.00033}, {""clase_id"": 52, ""prob"": 0.00031}]"
100121,17,0.9868,"[{""clase_id"": 17, ""prob"": 0.9868}, {""clase_id"": 76, ""prob"": 0.00486}, {""clase_id"": 31, ""prob"": 0.0024}, {""clase_id"": 32, ""prob"": 0.00043}, {""clase_id"": 64, ""prob"": 0.00023}]"
100122,17,0.99188,"[{""clase_id"": 17, ""prob"": 0.99188}, {""clase_id"": 76, ""prob"": 0.00111}, {""clase_id"": 32, ""prob"": 0.00054}, {""clase_id"": 31, ""prob"": 0.00044}, {""clase_id"": 25, ""prob"": 0.00033}]"
100123,17,0.98984,"[{""clase_id"": 17, ""prob"": 0.98984}, {""clase_id"": 76, ""prob"": 0.00278}, {""clase_id"": 31, ""prob"": 0.00068}, {""clase_id"": 24, ""prob"": 0.00035}, {""clase_id"": 12, ""prob"": 0.00026}]"
100124,17,0.98849,"[{""clase_id"": 17, ""prob"": 0.98849}, {""clase_id"": 52, ""prob"": 0.00104}, {""clase_id"": 31, ""prob"": 0.00067}, {""clase_id"": 24, ""prob"": 0.00058}, {""clase_id"": 76, ""prob"": 0.00056}]"
100125,17,0.93537,"[{""clase_id"": 17, ""prob"": 0.93537}, {""clase_id"": 76, ""prob"": 0.04175}, {""clase_id"": 32, ""prob"": 0.01255}, {""clase_id"": 31, ""prob"": 0.00077}, {""clase_id"": 21, ""prob"": 0.00054}]"
100126,17,0.98941,"[{""clase_id"": 17, ""prob"": 0.98941}, {""clase_id"": 76, ""prob"": 0.00057}, {""clase_id"": 31, ""prob"": 0.00055}, {""clase_id"": 24, ""prob"": 0.00054}, {""clase_id"": 52, ""prob"": 0.00053}]"
100127,17,0.99138,"[{""clase_id"": 17, ""prob"": 0.99138}, {""clase_id"": 76, ""prob"": 0.00138}, {""clase_id"": 32, ""prob"": 0.0006}, {""clase_id"": 31, ""prob"": 0.00045}, {""clase_id"": 24, ""prob"": 0.00032}]"
100128,17,0.99071,"[{""clase_id"": 17, ""prob"": 0.99071}, {""clase_id"": 76, ""prob"": 0.0008}, {""clase_id"": 31, ""prob"": 0.00064}, {""clase_id"": 24, ""prob"": 0.00041}, {""clase_id"": 52, ""prob"": 0.00038}]"
100129,17,0.99249,"[{""clase_id"": 17, ""prob"": 0.99249}, {""clase_id"": 76, ""prob"": 0.00112}, {""clase_id"": 31, ""prob"": 0.00062}, {""clase_id"": 32, ""prob"": 0.00035}, {""clase_id"": 33, ""prob"": 0.00027}]"
100130,17,0.99121,"[{""clase_id"": 17, ""prob"": 0.99121}, {""clase_id"": 76, ""prob"": 0.00068}, {""clase_id"": 31, ""prob"": 0.00053}, {""clase_id"": 52, ""prob"": 0.0005}, {""clase_id"": 32, ""prob"": 0.00039}]"
100131,17,0.99266,"[{""clase_id"": 17, ""prob"": 0.99266}, {""clase_id"": 76, ""prob"": 0.00101}, {""clase_id"": 31, ""prob"": 0.00043}, {""clase_id"": 32, ""prob"": 0.00029}, {""clase_id"": 25, ""prob"": 0.00025}]"
100132,17,0.99146,"[{""clase_id"": 17, ""prob"": 0.99146}, {""clase_id"": 76, ""prob"": 0.00093}, {""clase_id"": 31, ""prob"": 0.00072}, {""clase_id"": 52, ""prob"": 0.00038}, {""clase_id"": 24, ""prob"": 0.00033}]"
100133,17,0.98892,"[{""clase_id"": 17, ""prob"": 0.98892}, {""clase_id"": 32, ""prob"": 0.00107}, {""clase_id"": 76, ""prob"": 0.00076}, {""clase_id"": 24, ""prob"": 0.00065}, {""clase_id"": 31, ""prob"": 0.00062}]"
100134,17,0.99181,"[{""clase_id"": 17, ""prob"": 0.99181}, {""clase_id"": 76, ""prob"": 0.00084}, {""clase_id"": 31, ""prob"": 0.00045}, {""clase_id"": 52, ""prob"": 0.00039}, {""clase_id"": 32, ""prob"": 0.00032}]"
100135,17,0.98717,"[{""clase_id"": 17, ""prob"": 0.98717}, {""clase_id"": 76, ""prob"": 0.00103}, {""clase_id"": 52, ""prob"": 0.0009}, {""clase_id"": 24, ""prob"": 0.0008}, {""clase_id"": 31, ""prob"": 0.00058}]"
100136,17,0.97883,"[{""clase_id"": 17, ""prob"": 0.97883}, {""clase_id"": 76, ""prob"": 0.00655}, {""clase_id"": 31, ""prob"": 0.00252}, {""clase_id"": 64, ""prob"": 0.00098}, {""clase_id"": 8, ""prob"": 0.00063}]"
100137,17,0.99095,"[{""clase_id"": 17, ""prob"": 0.99095}, {""clase_id"": 76, ""prob"": 0.00073}, {""clase_id"": 32, ""prob"": 0.00062}, {""clase_id"": 31, ""prob"": 0.00044}, {""clase_id"": 25, ""prob"": 0.00042}]"
100138,15,0.94904,"[{""clase_id"": 15, ""prob"": 0.94904}, {""clase_id"": 64, ""prob"": 0.02694}, {""clase_id"": 34, ""prob"": 0.00601}, {""clase_id"": 19, ""prob"": 0.00572}, {""clase_id"": 39, ""prob"": 0.00144}]"
100139,17,0.99315,"[{""clase_id"": 17, ""prob"": 0.99315}, {""clase_id"": 76, ""prob"": 0.00138}, {""clase_id"": 31, ""prob"": 0.00037}, {""clase_id"": 32, ""prob"": 0.00035}, {""clase_id"": 52, ""prob"": 0.00021}]"
100140,17,0.98976,"[{""clase_id"": 17, ""prob"": 0.98976}, {""clase_id"": 32, ""prob"": 0.00128}, {""clase_id"": 76, ""prob"": 0.00119}, {""clase_id"": 25, ""prob"": 0.00045}, {""clase_id"": 62, ""prob"": 0.00042}]"
100141,17,0.9892,"[{""clase_id"": 17, ""prob"": 0.9892}, {""clase_id"": 31, ""prob"": 0.00154}, {""clase_id"": 76, ""prob"": 0.00083}, {""clase_id"": 32, ""prob"": 0.00048}, {""clase_id"": 52, ""prob"": 0.00048}]"
100142,17,0.98965,"[{""clase_id"": 17, ""prob"": 0.98965}, {""clase_id"": 31, ""prob"": 0.00194}, {""clase_id"": 76, ""prob"": 0.00092}, {""clase_id"": 52, ""prob"": 0.00045}, {""clase_id"": 24, ""prob"": 0.00032}]"
100143,17,0.99199,"[{""clase_id"": 17, ""prob"": 0.99199}, {""clase_id"": 76, ""prob"": 0.00165}, {""clase_id"": 32, ""prob"": 0.00063}, {""clase_id"": 31, ""prob"": 0.00033}, {""clase_id"": 25, ""prob"": 0.00029}]"
100144,17,0.99137,"[{""clase_id"": 17, ""prob"": 0.99137}, {""clase_id"": 76, ""prob"": 0.00206}, {""clase_id"": 31, ""prob"": 0.0005}, {""clase_id"": 61, ""prob"": 0.00027}, {""clase_id"": 32, ""prob"": 0.00026}]"
100145,76,0.71657,"[{""clase_id"": 76, ""prob"": 0.71657}, {""clase_id"": 17, ""prob"": 0.26735}, {""clase_id"": 32, ""prob"": 0.0021}, {""clase_id"": 31, ""prob"": 0.00094}, {""clase_id"": 75, ""prob"": 0.00072}]"
100146,17,0.99299,"[{""clase_id"": 17, ""prob"": 0.99299}, {""clase_id"": 76, ""prob"": 0.00111}, {""clase_id"": 31, ""prob"": 0.00037}, {""clase_id"": 32, ""prob"": 0.00029}, {""clase_id"": 52, ""prob"": 0.00027}]"
100147,17,0.93405,"[{""clase_id"": 17, ""prob"": 0.93405}, {""clase_id"": 32, ""prob"": 0.03879}, {""clase_id"": 76, ""prob"": 0.01228}, {""clase_id"": 31, ""prob"": 0.00125}, {""clase_id"": 33, ""prob"": 0.00095}]"
100148,17,0.99196,"[{""clase_id"": 17, ""prob"": 0.99196}, {""clase_id"": 76, ""prob"": 0.00092}, {""clase_id"": 31, ""prob"": 0.00061}, {""clase_id"": 32, ""prob"": 0.00034}, {""clase_id"": 24, ""prob"": 0.00033}]"
100149,17,0.99223,"[{""clase_id"": 17, ""prob"": 0.99223}, {""clase_id"": 76, ""prob"": 0.0009}, {""clase_id"": 31, ""prob"": 0.00043}, {""clase_id"": 32, ""prob"": 0.00037}, {""clase_id"": 52, ""prob"": 0.00033}]"
100150,17,0.93436,"[{""clase_id"": 17, ""prob"": 0.93436}, {""clase_id"": 61, ""prob"": 0.00706}, {""clase_id"": 76, ""prob"": 0.00496}, {""clase_id"": 7, ""prob"": 0.00443}, {""clase_id"": 33, ""prob"": 0.00383}]"
100151,17,0.98935,"[{""clase_id"": 17, ""prob"": 0.98935}, {""clase_id"": 76, ""prob"": 0.00445}, {""clase_id"": 31, ""prob"": 0.00046}, {""clase_id"": 7, ""prob"": 0.00028}, {""clase_id"": 21, ""prob"": 0.00026}]"
100152,17,0.99165,"[{""clase_id"": 17, ""prob"": 0.99165}, {""clase_id"": 76, ""prob"": 0.00312}, {""clase_id"": 31, ""prob"": 0.00055}, {""clase_id"": 32, ""prob"": 0.00026}, {""clase_id"": 7, ""prob"": 0.0002}]"
100153,17,0.99173,"[{""clase_id"": 17, ""prob"": 0.99173}, {""clase_id"": 76, ""prob"": 0.00187}, {""clase_id"": 32, ""prob"": 0.00067}, {""clase_id"": 31, ""prob"": 0.0005}, {""clase_id"": 24, ""prob"": 0.00023}]"
100154,17,0.99263,"[{""clase_id"": 17, ""prob"": 0.99263}, {""clase_id"": 76, ""prob"": 0.00105}, {""clase_id"": 31, ""prob"": 0.00038}, {""clase_id"": 32, ""prob"": 0.00032}, {""clase_id"": 24, ""prob"": 0.00027}]"
100155,17,0.99028,"[{""clase_id"": 17, ""prob"": 0.99028}, {""clase_id"": 32, ""prob"": 0.00063}, {""clase_id"": 76, ""prob"": 0.00062}, {""clase_id"": 52, ""prob"": 0.00054}, {""clase_id"": 31, ""prob"": 0.00047}]"
100156,76,0.97109,"[{""clase_id"": 76, ""prob"": 0.97109}, {""clase_id"": 17, ""prob"": 0.01034}, {""clase_id"": 32, ""prob"": 0.00307}, {""clase_id"": 66, ""prob"": 0.00198}, {""clase_id"": 75, ""prob"": 0.00115}]"
100157,17,0.99061,"[{""clase_id"": 17, ""prob"": 0.99061}, {""clase_id"": 76, ""prob"": 0.00067}, {""clase_id"": 31, ""prob"": 0.00047}, {""clase_id"": 24, ""prob"": 0.00045}, {""clase_id"": 52, ""prob"": 0.00038}]"
100158,17,0.9923,"[{""clase_id"": 17, ""prob"": 0.9923}, {""clase_id"": 76, ""prob"": 0.00112}, {""clase_id"": 31, ""prob"": 0.00053}, {""clase_id"": 52, ""prob"": 0.00035}, {""clase_id"": 32, ""prob"": 0.00029}]"
100159,17,0.99249,"[{""clase_id"": 17, ""prob"": 0.99249}, {""clase_id"": 76, ""prob"": 0.00098}, {""clase_id"": 31, ""prob"": 0.00055}, {""clase_id"": 32, ""prob"": 0.00035}, {""clase_id"": 24, ""prob"": 0.00028}]"
100160,34,0.99457,"[{""clase_id"": 34, ""prob"": 0.99457}, {""clase_id"": 15, ""prob"": 0.00031}, {""clase_id"": 56, ""prob"": 0.00027}, {""clase_id"": 63, ""prob"": 0.00026}, {""clase_id"": 19, ""prob"": 0.0002}]"
100161,34,0.99577,"[{""clase_id"": 34, ""prob"": 0.99577}, {""clase_id"": 63, ""prob"": 0.0003}, {""clase_id"": 15, ""prob"": 0.00021}, {""clase_id"": 19, ""prob"": 0.00017}, {""clase_id"": 58, ""prob"": 0.00017}]"
100162,34,0.98453,"[{""clase_id"": 34, ""prob"": 0.98453}, {""clase_id"": 15, ""prob"": 0.00546}, {""clase_id"": 64, ""prob"": 0.00058}, {""clase_id"": 52, ""prob"": 0.00056}, {""clase_id"": 19, ""prob"": 0.00052}]"
100163,34,0.99585,"[{""clase_id"": 34, ""prob"": 0.99585}, {""clase_id"": 63, ""prob"": 0.00037}, {""clase_id"": 15, ""prob"": 0.00022}, {""clase_id"": 19, ""prob"": 0.0002}, {""clase_id"": 58, ""prob"": 0.00014}]"
100164,16,0.73978,"[{""clase_id"": 16, ""prob"": 0.73978}, {""clase_id"": 34, ""prob"": 0.14003}, {""clase_id"": 28, ""prob"": 0.03669}, {""clase_id"": 15, ""prob"": 0.02772}, {""clase_id"": 22, ""prob"": 0.00517}]"
100165,34,0.99486,"[{""clase_id"": 34, ""prob"": 0.99486}, {""clase_id"": 63, ""prob"": 0.00055}, {""clase_id"": 15, ""prob"": 0.00029}, {""clase_id"": 19, ""prob"": 0.0002}, {""clase_id"": 52, ""prob"": 0.00019}]"
100166,34,0.99468,"[{""clase_id"": 34, ""prob"": 0.99468}, {""clase_id"": 63, ""prob"": 0.00042}, {""clase_id"": 60, ""prob"": 0.00028}, {""clase_id"": 57, ""prob"": 0.00023}, {""clase_id"": 19, ""prob"": 0.00023}]"
100167,34,0.99507,"[{""clase_id"": 34, ""prob"": 0.99507}, {""clase_id"": 63, ""prob"": 0.00028}, {""clase_id"": 60, ""prob"": 0.00024}, {""clase_id"": 58, ""prob"": 0.00022}, {""clase_id"": 15, ""prob"": 0.00021}]"
100168,34,0.99077,"[{""clase_id"": 34, ""prob"": 0.99077}, {""clase_id"": 63, ""prob"": 0.00288}, {""clase_id"": 15, ""prob"": 0.00059}, {""clase_id"": 39, ""prob"": 0.00054}, {""clase_id"": 19, ""prob"": 0.00042}]"
100169,34,0.9944,"[{""clase_id"": 34, ""prob"": 0.9944}, {""clase_id"": 15, ""prob"": 0.00034}, {""clase_id"": 63, ""prob"": 0.00032}, {""clase_id"": 56, ""prob"": 0.00031}, {""clase_id"": 19, ""prob"": 0.00027}]"
100170,34,0.99595,"[{""clase_id"": 34, ""prob"": 0.99595}, {""clase_id"": 63, ""prob"": 0.00034}, {""clase_id"": 15, ""prob"": 0.00027}, {""clase_id"": 19, ""prob"": 0.0002}, {""clase_id"": 57, ""prob"": 0.00016}]"
100171,34,0.99524,"[{""clase_id"": 34, ""prob"": 0.99524}, {""clase_id"": 15, ""prob"": 0.00032}, {""clase_id"": 19, ""prob"": 0.00029}, {""clase_id"": 63, ""prob"": 0.00026}, {""clase_id"": 60, ""prob"": 0.00022}]"
100172,34,0.99397,"[{""clase_id"": 34, ""prob"": 0.99397}, {""clase_id"": 63, ""prob"": 0.00044}, {""clase_id"": 60, ""prob"": 0.00027}, {""clase_id"": 75, ""prob"": 0.00024}, {""clase_id"": 57, ""prob"": 0.00023}]"
100173,15,0.98361,"[{""clase_id"": 15, ""prob"": 0.98361}, {""clase_id"": 19, ""prob"": 0.00545}, {""clase_id"": 64, ""prob"": 0.00348}, {""clase_id"": 34, ""prob"": 0.00153}, {""clase_id"": 57, ""prob"": 0.00074}]"
100174,34,0.99566,"[{""clase_id"": 34, ""prob"": 0.99566}, {""clase_id"": 63, ""prob"": 0.00029}, {""clase_id"": 19, ""prob"": 0.00026}, {""clase_id"": 15, ""prob"": 0.00025}, {""clase_id"": 1, ""prob"": 0.00018}]"
100175,34,0.99506,"[{""clase_id"": 34, ""prob"": 0.99506}, {""clase_id"": 63, ""prob"": 0.0003}, {""clase_id"": 19, ""prob"": 0.00027}, {""clase_id"": 15, ""prob"": 0.00024}, {""clase_id"": 60, ""prob"": 0.00021}]"
100176,34,0.99581,"[{""clase_id"": 34, ""prob"": 0.99581}, {""clase_id"": 63, ""prob"": 0.00029}, {""clase_id"": 15, ""prob"": 0.00021}, {""clase_id"": 1, ""prob"": 0.00018}, {""clase_id"": 19, ""prob"": 0.00016}]"
100177,34,0.99544,"[{""clase_id"": 34, ""prob"": 0.99544}, {""clase_id"": 63, ""prob"": 0.00047}, {""clase_id"": 15, ""prob"": 0.00023}, {""clase_id"": 19, ""prob"": 0.00017}, {""clase_id"": 39, ""prob"": 0.00015}]"
100178,34,0.9942,"[{""clase_id"": 34, ""prob"": 0.9942}, {""clase_id"": 63, ""prob"": 0.00102}, {""clase_id"": 15, ""prob"": 0.00034}, {""clase_id"": 58, ""prob"": 0.00023}, {""clase_id"": 1, ""prob"": 0.00019}]"
100179,34,0.99405,"[{""clase_id"": 34, ""prob"": 0.99405}, {""clase_id"": 15, ""prob"": 0.00067}, {""clase_id"": 19, ""prob"": 0.0004}, {""clase_id"": 63, ""prob"": 0.0004}, {""clase_id"": 58, ""prob"": 0.00032}]"
100180,34,0.99504,"[{""clase_id"": 34, ""prob"": 0.99504}, {""clase_id"": 15, ""prob"": 0.00044}, {""clase_id"": 19, ""prob"": 0.00033}, {""clase_id"": 57, ""prob"": 0.00027}, {""clase_id"": 63, ""prob"": 0.00026}]"
100181,34,0.99586,"[{""clase_id"": 34, ""prob"": 0.99586}, {""clase_id"": 63, ""prob"": 0.00027}, {""clase_id"": 15, ""prob"": 0.00021}, {""clase_id"": 19, ""prob"": 0.00018}, {""clase_id"": 1, ""prob"": 0.00016}]"
100182,34,0.99551,"[{""clase_id"": 34, ""prob"": 0.99551}, {""clase_id"": 63, ""prob"": 0.00026}, {""clase_id"": 15, ""prob"": 0.00021}, {""clase_id"": 56, ""prob"": 0.00017}, {""clase_id"": 1, ""prob"": 0.00016}]"
100183,34,0.99496,"[{""clase_id"": 34, ""prob"": 0.99496}, {""clase_id"": 63, ""prob"": 0.00041}, {""clase_id"": 15, ""prob"": 0.00028}, {""clase_id"": 19, ""prob"": 0.00026}, {""clase_id"": 58, ""prob"": 0.00024}]"
100184,34,0.99525,"[{""clase_id"": 34, ""prob"": 0.99525}, {""clase_id"": 19, ""prob"": 0.00033}, {""clase_id"": 15, ""prob"": 0.00027}, {""clase_id"": 63, ""prob"": 0.00026}, {""clase_id"": 1, ""prob"": 0.00018}]"
100185,34,0.9943,"[{""clase_id"": 34, ""prob"": 0.9943}, {""clase_id"": 15, ""prob"": 0.00053}, {""clase_id"": 63, ""prob"": 0.00038}, {""clase_id"": 19, ""prob"": 0.00028}, {""clase_id"": 58, ""prob"": 0.00025}]"
100186,34,0.98517,"[{""clase_id"": 34, ""prob"": 0.98517}, {""clase_id"": 63, ""prob"": 0.00336}, {""clase_id"": 28, ""prob"": 0.00147}, {""clase_id"": 16, ""prob"": 0.00122}, {""clase_id"": 15, ""prob"": 0.00089}]"
100187,34,0.994,"[{""clase_id"": 34, ""prob"": 0.994}, {""clase_id"": 15, ""prob"": 0.00077}, {""clase_id"": 19, ""prob"": 0.00039}, {""clase_id"": 63, ""prob"": 0.00038}, {""clase_id"": 58, ""prob"": 0.00024}]"
100188,34,0.9956,"[{""clase_id"": 34, ""prob"": 0.9956}, {""clase_id"": 63, ""prob"": 0.00029}, {""clase_id"": 15, ""prob"": 0.0002}, {""clase_id"": 58, ""prob"": 0.00018}, {""clase_id"": 1, ""prob"": 0.00017}]"
100189,15,0.7133,"[{""clase_id"": 15, ""prob"": 0.7133}, {""clase_id"": 34, ""prob"": 0.10869}, {""clase_id"": 28, ""prob"": 0.08391}, {""clase_id"": 64, ""prob"": 0.03039}, {""clase_id"": 19, ""prob"": 0.01788}]"
100190,34,0.99569,"[{""clase_id"": 34, ""prob"": 0.99569}, {""clase_id"": 63, ""prob"": 0.00034}, {""clase_id"": 15, ""prob"": 0.0003}, {""clase_id"": 19, ""prob"": 0.00018}, {""clase_id"": 1, ""prob"": 0.00014}]"
100191,34,0.99559,"[{""clase_id"": 34, ""prob"": 0.99559}, {""clase_id"": 15, ""prob"": 0.00035}, {""clase_id"": 63, ""prob"": 0.00032}, {""clase_id"": 19, ""prob"": 0.00029}, {""clase_id"": 60, ""prob"": 0.00016}]"
100192,34,0.99518,"[{""clase_id"": 34, ""prob"": 0.99518}, {""clase_id"": 63, ""prob"": 0.00064}, {""clase_id"": 15, ""prob"": 0.00025}, {""clase_id"": 57, ""prob"": 0.00018}, {""clase_id"": 19, ""prob"": 0.00017}]"
100193,34,0.99332,"[{""clase_id"": 34, ""prob"": 0.99332}, {""clase_id"": 15, ""prob"": 0.00105}, {""clase_id"": 19, ""prob"": 0.00071}, {""clase_id"": 63, ""prob"": 0.0004}, {""clase_id"": 56, ""prob"": 0.00023}]"
100194,34,0.99583,"[{""clase_id"": 34, ""prob"": 0.99583}, {""clase_id"": 63, ""prob"": 0.00028}, {""clase_id"": 19, ""prob"": 0.00023}, {""clase_id"": 15, ""prob"": 0.00022}, {""clase_id"": 1, ""prob"": 0.00017}]"
100195,34,0.9959,"[{""clase_id"": 34, ""prob"": 0.9959}, {""clase_id"": 63, ""prob"": 0.00031}, {""clase_id"": 15, ""prob"": 0.00018}, {""clase_id"": 19, ""prob"": 0.00015}, {""clase_id"": 1, ""prob"": 0.00015}]"
100196,34,0.97408,"[{""clase_id"": 34, ""prob"": 0.97408}, {""clase_id"": 63, ""prob"": 0.01293}, {""clase_id"": 28, ""prob"": 0.00113}, {""clase_id"": 75, ""prob"": 0.00112}, {""clase_id"": 52, ""prob"": 0.00089}]"
100197,34,0.99431,"[{""clase_id"": 34, ""prob"": 0.99431}, {""clase_id"": 63, ""prob"": 0.00033}, {""clase_id"": 15, ""prob"": 0.00033}, {""clase_id"": 19, ""prob"": 0.00031}, {""clase_id"": 57, ""prob"": 0.0003}]"
100198,34,0.9945,"[{""clase_id"": 34, ""prob"": 0.9945}, {""clase_id"": 63, ""prob"": 0.00113}, {""clase_id"": 28, ""prob"": 0.00019}, {""clase_id"": 15, ""prob"": 0.00018}, {""clase_id"": 1, ""prob"": 0.00018}]"
100199,34,0.99071,"[{""clase_id"": 34, ""prob"": 0.99071}, {""clase_id"": 15, ""prob"": 0.00266}, {""clase_id"": 63, ""prob"": 0.00073}, {""clase_id"": 28, ""prob"": 0.00059}, {""clase_id"": 19, ""prob"": 0.00052}]"
100200,46,0.99441,"[{""clase_id"": 46, ""prob"": 0.99441}, {""clase_id"": 75, ""prob"": 0.00084}, {""clase_id"": 20, ""prob"": 0.00036}, {""clase_id"": 67, ""prob"": 0.00026}, {""clase_id"": 6, ""prob"": 0.00025}]"
100201,46,0.99331,"[{""clase_id"": 46, ""prob"": 0.99331}, {""clase_id"": 45, ""prob"": 0.00079}, {""clase_id"": 75, ""prob"": 0.00066}, {""clase_id"": 20, ""prob"": 0.0005}, {""clase_id"": 28, ""prob"": 0.00031}]"
100202,46,0.99368,"[{""clase_id"": 46, ""prob"": 0.99368}, {""clase_id"": 75, ""prob"": 0.00106}, {""clase_id"": 45, ""prob"": 0.00066}, {""clase_id"": 20, ""prob"": 0.00044}, {""clase_id"": 6, ""prob"": 0.00032}]"
100203,46,0.99306,"[{""clase_id"": 46, ""prob"": 0.99306}, {""clase_id"": 75, ""prob"": 0.00103}, {""clase_id"": 20, ""prob"": 0.00065}, {""clase_id"": 76, ""prob"": 0.00041}, {""clase_id"": 6, ""prob"": 0.00041}]"
100204,46,0.98977,"[{""clase_id"": 46, ""prob"": 0.98977}, {""clase_id"": 75, ""prob"": 0.00117}, {""clase_id"": 76, ""prob"": 0.00078}, {""clase_id"": 20, ""prob"": 0.00066}, {""clase_id"": 67, ""prob"": 0.00065}]"
100205,46,0.99474,"[{""clase_id"": 46, ""prob"": 0.99474}, {""clase_id"": 75, ""prob"": 0.00076}, {""clase_id"": 20, ""prob"": 0.00039}, {""clase_id"": 45, ""prob"": 0.00036}, {""clase_id"": 6, ""prob"": 0.00027}]"
100206,46,0.99358,"[{""clase_id"": 46, ""prob"": 0.99358}, {""clase_id"": 75, ""prob"": 0.00069}, {""clase_id"": 45, ""prob"": 0.00057}, {""clase_id"": 6, ""prob"": 0.00057}, {""clase_id"": 76, ""prob"": 0.00031}]"
100207,46,0.99437,"[{""clase_id"": 46, ""prob"": 0.99437}, {""clase_id"": 75, ""prob"": 0.00077}, {""clase_id"": 6, ""prob"": 0.00053}, {""clase_id"": 45, ""prob"": 0.00041}, {""clase_id"": 20, ""prob"": 0.00038}]"
100208,46,0.99506,"[{""clase_id"": 46, ""prob"": 0.99506}, {""clase_id"": 75, ""prob"": 0.00066}, {""clase_id"": 20, ""prob"": 0.00045}, {""clase_id"": 6, ""prob"": 0.00034}, {""clase_id"": 45, ""prob"": 0.00023}]"
100209,46,0.99293,"[{""clase_id"": 46, ""prob"": 0.99293}, {""clase_id"": 75, ""prob"": 0.00102}, {""clase_id"": 67, ""prob"": 0.00038}, {""clase_id"": 76, ""prob"": 0.00037}, {""clase_id"": 20, ""prob"": 0.00035}]"
100210,46,0.9946,"[{""clase_id"": 46, ""prob"": 0.9946}, {""clase_id"": 75, ""prob"": 0.00055}, {""clase_id"": 20, ""prob"": 0.00047}, {""clase_id"": 45, ""prob"": 0.0004}, {""clase_id"": 76, ""prob"": 0.00027}]"
100211,46,0.99397,"[{""clase_id"": 46, ""prob"": 0.99397}, {""clase_id"": 75, ""prob"": 0.00087}, {""clase_id"": 45, ""prob"": 0.00055}, {""clase_id"": 6, ""prob"": 0.00044}, {""clase_id"": 67, ""prob"": 0.00026}]"
100212,46,0.99478,"[{""clase_id"": 46, ""prob"": 0.99478}, {""clase_id"": 75, ""prob"": 0.0007}, {""clase_id"": 6, ""prob"": 0.0006}, {""clase_id"": 20, ""prob"": 0.00045}, {""clase_id"": 45, ""prob"": 0.00022}]"
100213,46,0.99375,"[{""clase_id"": 46, ""prob"": 0.99375}, {""clase_id"": 6, ""prob"": 0.00113}, {""clase_id"": 75, ""prob"": 0.00064}, {""clase_id"": 20, ""prob"": 0.00059}, {""clase_id"": 45, ""prob"": 0.00025}]"
100214,46,0.99484,"[{""clase_id"": 46, ""prob"": 0.99484}, {""clase_id"": 75, ""prob"": 0.00079}, {""clase_id"": 20, ""prob"": 0.00055}, {""clase_id"": 6, ""prob"": 0.00038}, {""clase_id"": 45, ""prob"": 0.00018}]"
100215,46,0.99417,"[{""clase_id"": 46, ""prob"": 0.99417}, {""clase_id"": 75, ""prob"": 0.0009}, {""clase_id"": 45, ""prob"": 0.00038}, {""clase_id"": 20, ""prob"": 0.0003}, {""clase_id"": 76, ""prob"": 0.00029}]"
100216,46,0.98237,"[{""clase_id"": 46, ""prob"": 0.98237}, {""clase_id"": 75, ""prob"": 0.00434}, {""clase_id"": 6, ""prob"": 0.00257}, {""clase_id"": 45, ""prob"": 0.00103}, {""clase_id"": 47, ""prob"": 0.00097}]"
100217,46,0.99494,"[{""clase_id"": 46, ""prob"": 0.99494}, {""clase_id"": 75, ""prob"": 0.00078}, {""clase_id"": 20, ""prob"": 0.0004}, {""clase_id"": 6, ""prob"": 0.00035}, {""clase_id"": 45, ""prob"": 0.00025}]"
100218,46,0.99414,"[{""clase_id"": 46, ""prob"": 0.99414}, {""clase_id"": 75, ""prob"": 0.00071}, {""clase_id"": 20, ""prob"": 0.00054}, {""clase_id"": 6, ""prob"": 0.00038}, {""clase_id"": 45, ""prob"": 0.00034}]"
100219,46,0.9939,"[{""clase_id"": 46, ""prob"": 0.9939}, {""clase_id"": 45, ""prob"": 0.00072}, {""clase_id"": 75, ""prob"": 0.00065}, {""clase_id"": 20, ""prob"": 0.00049}, {""clase_id"": 6, ""prob"": 0.00028}]"
100220,46,0.99478,"[{""clase_id"": 46, ""prob"": 0.99478}, {""clase_id"": 75, ""prob"": 0.00064}, {""clase_id"": 20, ""prob"": 0.00053}, {""clase_id"": 45, ""prob"": 0.00031}, {""clase_id"": 76, ""prob"": 0.0002}]"
100221,46,0.99466,"[{""clase_id"": 46, ""prob"": 0.99467}, {""clase_id"": 75, ""prob"": 0.00073}, {""clase_id"": 20, ""prob"": 0.00048}, {""clase_id"": 45, ""prob"": 0.00031}, {""clase_id"": 76, ""prob"": 0.00019}]"
100222,46,0.90297,"[{""clase_id"": 46, ""prob"": 0.90297}, {""clase_id"": 6, ""prob"": 0.07726}, {""clase_id"": 20, ""prob"": 0.00563}, {""clase_id"": 75, ""prob"": 0.00206}, {""clase_id"": 66, ""prob"": 0.00052}]"
100223,46,0.99431,"[{""clase_id"": 46, ""prob"": 0.99431}, {""clase_id"": 75, ""prob"": 0.00084}, {""clase_id"": 45, ""prob"": 0.00042}, {""clase_id"": 20, ""prob"": 0.00031}, {""clase_id"": 6, ""prob"": 0.00026}]"
100224,46,0.9944,"[{""clase_id"": 46, ""prob"": 0.9944}, {""clase_id"": 75, ""prob"": 0.00071}, {""clase_id"": 45, ""prob"": 0.00053}, {""clase_id"": 20, ""prob"": 0.00034}, {""clase_id"": 6, ""prob"": 0.00031}]"
100225,46,0.9952,"[{""clase_id"": 46, ""prob"": 0.9952}, {""clase_id"": 75, ""prob"": 0.00054}, {""clase_id"": 20, ""prob"": 0.00048}, {""clase_id"": 6, ""prob"": 0.00032}, {""clase_id"": 45, ""prob"": 0.00026}]"
100226,46,0.99459,"[{""clase_id"": 46, ""prob"": 0.99459}, {""clase_id"": 75, ""prob"": 0.00084}, {""clase_id"": 20, ""prob"": 0.00038}, {""clase_id"": 45, ""prob"": 0.00036}, {""clase_id"": 6, ""prob"": 0.00024}]"
100227,46,0.99339,"[{""clase_id"": 46, ""prob"": 0.99339}, {""clase_id"": 45, ""prob"": 0.00083}, {""clase_id"": 75, ""prob"": 0.00049}, {""clase_id"": 20, ""prob"": 0.00045}, {""clase_id"": 6, ""prob"": 0.0004}]"
100228,46,0.99479,"[{""clase_id"": 46, ""prob"": 0.99479}, {""clase_id"": 20, ""prob"": 0.0009}, {""clase_id"": 75, ""prob"": 0.00047}, {""clase_id"": 6, ""prob"": 0.00036}, {""clase_id"": 45, ""prob"": 0.00028}]"
100229,46,0.99277,"[{""clase_id"": 46, ""prob"": 0.99277}, {""clase_id"": 45, ""prob"": 0.00072}, {""clase_id"": 20, ""prob"": 0.00066}, {""clase_id"": 6, ""prob"": 0.00056}, {""clase_id"": 75, ""prob"": 0.00049}]"
100230,46,0.99491,"[{""clase_id"": 46, ""prob"": 0.99491}, {""clase_id"": 75, ""prob"": 0.00072}, {""clase_id"": 20, ""prob"": 0.00052}, {""clase_id"": 45, ""prob"": 0.00027}, {""clase_id"": 6, ""prob"": 0.00026}]"
100231,46,0.99388,"[{""clase_id"": 46, ""prob"": 0.99388}, {""clase_id"": 75, ""prob"": 0.0007}, {""clase_id"": 6, ""prob"": 0.00062}, {""clase_id"": 45, ""prob"": 0.0006}, {""clase_id"": 20, ""prob"": 0.00036}]"
100232,46,0.99284,"[{""clase_id"": 46, ""prob"": 0.99284}, {""clase_id"": 45, ""prob"": 0.00081}, {""clase_id"": 75, ""prob"": 0.00063}, {""clase_id"": 67, ""prob"": 0.00047}, {""clase_id"": 20, ""prob"": 0.00044}]"
100233,46,0.99276,"[{""clase_id"": 46, ""prob"": 0.99276}, {""clase_id"": 20, ""prob"": 0.00218}, {""clase_id"": 75, ""prob"": 0.00048}, {""clase_id"": 6, ""prob"": 0.00044}, {""clase_id"": 45, ""prob"": 0.0003}]"
100234,46,0.99476,"[{""clase_id"": 46, ""prob"": 0.99476}, {""clase_id"": 75, ""prob"": 0.00072}, {""clase_id"": 20, ""prob"": 0.0004}, {""clase_id"": 45, ""prob"": 0.00034}, {""clase_id"": 6, ""prob"": 0.00027}]"
100235,46,0.3263,"[{""clase_id"": 46, ""prob"": 0.3263}, {""clase_id"": 20, ""prob"": 0.29912}, {""clase_id"": 19, ""prob"": 0.2489}, {""clase_id"": 75, ""prob"": 0.04463}, {""clase_id"": 70, ""prob"": 0.00942}]"
100236,19,0.85169,"[{""clase_id"": 19, ""prob"": 0.85169}, {""clase_id"": 76, ""prob"": 0.06191}, {""clase_id"": 26, ""prob"": 0.05227}, {""clase_id"": 20, ""prob"": 0.0067}, {""clase_id"": 46, ""prob"": 0.00229}]"
100237,46,0.92752,"[{""clase_id"": 46, ""prob"": 0.92752}, {""clase_id"": 67, ""prob"": 0.01448}, {""clase_id"": 6, ""prob"": 0.0092}, {""clase_id"": 26, ""prob"": 0.00604}, {""clase_id"": 5, ""prob"": 0.00345}]"
100238,46,0.99335,"[{""clase_id"": 46, ""prob"": 0.99335}, {""clase_id"": 20, ""prob"": 0.00149}, {""clase_id"": 6, ""prob"": 0.00078}, {""clase_id"": 75, ""prob"": 0.00076}, {""clase_id"": 45, ""prob"": 0.0002}]"
100239,46,0.99099,"[{""clase_id"": 46, ""prob"": 0.99099}, {""clase_id"": 45, ""prob"": 0.00189}, {""clase_id"": 75, ""prob"": 0.00071}, {""clase_id"": 20, ""prob"": 0.00052}, {""clase_id"": 28, ""prob"": 0.00035}]"
100240,36,0.98925,"[{""clase_id"": 36, ""prob"": 0.98925}, {""clase_id"": 54, ""prob"": 0.00322}, {""clase_id"": 31, ""prob"": 0.00045}, {""clase_id"": 37, ""prob"": 0.0004}, {""clase_id"": 33, ""prob"": 0.00037}]"
100241,36,0.9789,"[{""clase_id"": 36, ""prob"": 0.9789}, {""clase_id"": 33, ""prob"": 0.00395}, {""clase_id"": 31, ""prob"": 0.00377}, {""clase_id"": 32, ""prob"": 0.00285}, {""clase_id"": 54, ""prob"": 0.00064}]"
100242,36,0.99276,"[{""clase_id"": 36, ""prob"": 0.99276}, {""clase_id"": 31, ""prob"": 0.00099}, {""clase_id"": 33, ""prob"": 0.00058}, {""clase_id"": 54, ""prob"": 0.00031}, {""clase_id"": 37, ""prob"": 0.00026}]"
100243,36,0.98855,"[{""clase_id"": 36, ""prob"": 0.98855}, {""clase_id"": 54, ""prob"": 0.00385}, {""clase_id"": 33, ""prob"": 0.00129}, {""clase_id"": 31, ""prob"": 0.00055}, {""clase_id"": 37, ""prob"": 0.00046}]"
100244,36,0.99311,"[{""clase_id"": 36, ""prob"": 0.99311}, {""clase_id"": 31, ""prob"": 0.00061}, {""clase_id"": 54, ""prob"": 0.00057}, {""clase_id"": 33, ""prob"": 0.00039}, {""clase_id"": 37, ""prob"": 0.0003}]"
100245,36,0.98254,"[{""clase_id"": 36, ""prob"": 0.98254}, {""clase_id"": 54, ""prob"": 0.00904}, {""clase_id"": 33, ""prob"": 0.00075}, {""clase_id"": 31, ""prob"": 0.00071}, {""clase_id"": 24, ""prob"": 0.00036}]"
100246,53,0.84884,"[{""clase_id"": 53, ""prob"": 0.84884}, {""clase_id"": 55, ""prob"": 0.02467}, {""clase_id"": 61, ""prob"": 0.02463}, {""clase_id"": 8, ""prob"": 0.01252}, {""clase_id"": 16, ""prob"": 0.00685}]"
100247,36,0.90974,"[{""clase_id"": 36, ""prob"": 0.90974}, {""clase_id"": 32, ""prob"": 0.03895}, {""clase_id"": 33, ""prob"": 0.02218}, {""clase_id"": 31, ""prob"": 0.00688}, {""clase_id"": 54, ""prob"": 0.00142}]"
100248,36,0.99295,"[{""clase_id"": 36, ""prob"": 0.99295}, {""clase_id"": 31, ""prob"": 0.00081}, {""clase_id"": 33, ""prob"": 0.00055}, {""clase_id"": 54, ""prob"": 0.0004}, {""clase_id"": 37, ""prob"": 0.00027}]"
100249,36,0.99212,"[{""clase_id"": 36, ""prob"": 0.99212}, {""clase_id"": 31, ""prob"": 0.001}, {""clase_id"": 33, ""prob"": 0.0007}, {""clase_id"": 37, ""prob"": 0.00031}, {""clase_id"": 20, ""prob"": 0.00024}]"
100250,36,0.99319,"[{""clase_id"": 36, ""prob"": 0.99319}, {""clase_id"": 54, ""prob"": 0.00077}, {""clase_id"": 33, ""prob"": 0.00075}, {""clase_id"": 31, ""prob"": 0.00067}, {""clase_id"": 37, ""prob"": 0.00027}]"
100251,36,0.99371,"[{""clase_id"": 36, ""prob"": 0.99371}, {""clase_id"": 31, ""prob"": 0.00067}, {""clase_id"": 54, ""prob"": 0.00046}, {""clase_id"": 33, ""prob"": 0.00045}, {""clase_id"": 37, ""prob"": 0.00028}]"
100252,36,0.99294,"[{""clase_id"": 36, ""prob"": 0.99294}, {""clase_id"": 54, ""prob"": 0.00091}, {""clase_id"": 33, ""prob"": 0.00073}, {""clase_id"": 31, ""prob"": 0.0005}, {""clase_id"": 37, ""prob"": 0.0003}]"
100253,36,0.99346,"[{""clase_id"": 36, ""prob"": 0.99346}, {""clase_id"": 54, ""prob"": 0.00089}, {""clase_id"": 33, ""prob"": 0.00055}, {""clase_id"": 31, ""prob"": 0.00045}, {""clase_id"": 37, ""prob"": 0.00024}]"
100254,36,0.73341,"[{""clase_id"": 36, ""prob"": 0.73341}, {""clase_id"": 33, ""prob"": 0.13931}, {""clase_id"": 31, ""prob"": 0.07531}, {""clase_id"": 54, ""prob"": 0.01639}, {""clase_id"": 32, ""prob"": 0.00246}]"
100255,33,0.57035,"[{""clase_id"": 33, ""prob"": 0.57035}, {""clase_id"": 36, ""prob"": 0.40604}, {""clase_id"": 31, ""prob"": 0.00204}, {""clase_id"": 54, ""prob"": 0.00113}, {""clase_id"": 32, ""prob"": 0.00101}]"
100256,36,0.99298,"[{""clase_id"": 36, ""prob"": 0.99298}, {""clase_id"": 31, ""prob"": 0.00075}, {""clase_id"": 33, ""prob"": 0.0005}, {""clase_id"": 54, ""prob"": 0.00037}, {""clase_id"": 37, ""prob"": 0.00031}]"
100257,36,0.99306,"[{""clase_id"": 36, ""prob"": 0.99306}, {""clase_id"": 31, ""prob"": 0.0008}, {""clase_id"": 54, ""prob"": 0.0007}, {""clase_id"": 33, ""prob"": 0.00031}, {""clase_id"": 37, ""prob"": 0.00028}]"
100258,36,0.9918,"[{""clase_id"": 36, ""prob"": 0.9918}, {""clase_id"": 54, ""prob"": 0.00146}, {""clase_id"": 31, ""prob"": 0.00048}, {""clase_id"": 37, ""prob"": 0.00034}, {""clase_id"": 33, ""prob"": 0.00029}]"
100259,36,0.99263,"[{""clase_id"": 36, ""prob"": 0.99263}, {""clase_id"": 33, ""prob"": 0.00104}, {""clase_id"": 31, ""prob"": 0.00067}, {""clase_id"": 54, ""prob"": 0.00034}, {""clase_id"": 32, ""prob"": 0.00024}]"
100260,36,0.99181,"[{""clase_id"": 36, ""prob"": 0.99181}, {""clase_id"": 31, ""prob"": 0.00107}, {""clase_id"": 33, ""prob"": 0.00078}, {""clase_id"": 54, ""prob"": 0.00044}, {""clase_id"": 32, ""prob"": 0.00033}]"
100261,36,0.99273,"[{""clase_id"": 36, ""prob"": 0.99273}, {""clase_id"": 54, ""prob"": 0.00081}, {""clase_id"": 31, ""prob"": 0.00058}, {""clase_id"": 33, ""prob"": 0.00042}, {""clase_id"": 37, ""prob"": 0.00027}]"
100262,36,0.9929,"[{""clase_id"": 36, ""prob"": 0.9929}, {""clase_id"": 54, ""prob"": 0.00104}, {""clase_id"": 31, ""prob"": 0.0005}, {""clase_id"": 33, ""prob"": 0.00046}, {""clase_id"": 37, ""prob"": 0.00026}]"
100263,36,0.96486,"[{""clase_id"": 36, ""prob"": 0.96486}, {""clase_id"": 54, ""prob"": 0.02083}, {""clase_id"": 33, ""prob"": 0.00269}, {""clase_id"": 32, ""prob"": 0.00095}, {""clase_id"": 31, ""prob"": 0.00076}]"
100264,33,0.9924,"[{""clase_id"": 33, ""prob"": 0.9924}, {""clase_id"": 36, ""prob"": 0.00121}, {""clase_id"": 50, ""prob"": 0.00088}, {""clase_id"": 31, ""prob"": 0.00052}, {""clase_id"": 65, ""prob"": 0.00038}]"
100265,36,0.95015,"[{""clase_id"": 36, ""prob"": 0.95015}, {""clase_id"": 33, ""prob"": 0.02552}, {""clase_id"": 32, ""prob"": 0.00798}, {""clase_id"": 31, ""prob"": 0.00216}, {""clase_id"": 54, ""prob"": 0.00137}]"
100266,36,0.99331,"[{""clase_id"": 36, ""prob"": 0.99331}, {""clase_id"": 31, ""prob"": 0.00069}, {""clase_id"": 33, ""prob"": 0.00047}, {""clase_id"": 54, ""prob"": 0.00042}, {""clase_id"": 37, ""prob"": 0.00027}]"
100267,36,0.96981,"[{""clase_id"": 36, ""prob"": 0.96981}, {""clase_id"": 54, ""prob"": 0.02053}, {""clase_id"": 33, ""prob"": 0.00092}, {""clase_id"": 31, ""prob"": 0.00058}, {""clase_id"": 37, ""prob"": 0.00045}]"
100268,33,0.44963,"[{""clase_id"": 33, ""prob"": 0.44963}, {""clase_id"": 36, ""prob"": 0.4216}, {""clase_id"": 24, ""prob"": 0.06093}, {""clase_id"": 31, ""prob"": 0.02002}, {""clase_id"": 54, ""prob"": 0.00254}]"
100269,36,0.99355,"[{""clase_id"": 36, ""prob"": 0.99355}, {""clase_id"": 33, ""prob"": 0.00066}, {""clase_id"": 31, ""prob"": 0.00065}, {""clase_id"": 54, ""prob"": 0.00037}, {""clase_id"": 37, ""prob"": 0.00028}]"
100270,36,0.99277,"[{""clase_id"": 36, ""prob"": 0.99277}, {""clase_id"": 31, ""prob"": 0.0007}, {""clase_id"": 54, ""prob"": 0.00063}, {""clase_id"": 33, ""prob"": 0.00046}, {""clase_id"": 37, ""prob"": 0.00031}]"
100271,33,0.86143,"[{""clase_id"": 33, ""prob"": 0.86143}, {""clase_id"": 36, ""prob"": 0.11972}, {""clase_id"": 31, ""prob"": 0.00287}, {""clase_id"": 24, ""prob"": 0.00099}, {""clase_id"": 50, ""prob"": 0.00076}]"
100272,36,0.99307,"[{""clase_id"": 36, ""prob"": 0.99307}, {""clase_id"": 31, ""prob"": 0.00091}, {""clase_id"": 33, ""prob"": 0.00059}, {""clase_id"": 54, ""prob"": 0.00034}, {""clase_id"": 37, ""prob"": 0.00028}]"
100273,36,0.99362,"[{""clase_id"": 36, ""prob"": 0.99362}, {""clase_id"": 54, ""prob"": 0.00051}, {""clase_id"": 31, ""prob"": 0.00049}, {""clase_id"": 33, ""prob"": 0.00049}, {""clase_id"": 37, ""prob"": 0.00029}]"
100274,36,0.99143,"[{""clase_id"": 36, ""prob"": 0.99143}, {""clase_id"": 33, ""prob"": 0.00188}, {""clase_id"": 31, ""prob"": 0.00056}, {""clase_id"": 54, ""prob"": 0.00039}, {""clase_id"": 32, ""prob"": 0.00032}]"
100275,36,0.99049,"[{""clase_id"": 36, ""prob"": 0.99049}, {""clase_id"": 33, ""prob"": 0.00183}, {""clase_id"": 54, ""prob"": 0.00127}, {""clase_id"": 31, ""prob"": 0.0009}, {""clase_id"": 37, ""prob"": 0.0003}]"
100276,36,0.4749,"[{""clase_id"": 36, ""prob"": 0.4749}, {""clase_id"": 33, ""prob"": 0.28097}, {""clase_id"": 24, ""prob"": 0.1235}, {""clase_id"": 32, ""prob"": 0.0294}, {""clase_id"": 31, ""prob"": 0.01289}]"
100277,36,0.99352,"[{""clase_id"": 36, ""prob"": 0.99352}, {""clase_id"": 31, ""prob"": 0.00065}, {""clase_id"": 33, ""prob"": 0.00057}, {""clase_id"": 54, ""prob"": 0.0005}, {""clase_id"": 37, ""prob"": 0.00028}]"
100278,36,0.99269,"[{""clase_id"": 36, ""prob"": 0.99269}, {""clase_id"": 31, ""prob"": 0.00086}, {""clase_id"": 33, ""prob"": 0.00073}, {""clase_id"": 54, ""prob"": 0.00071}, {""clase_id"": 37, ""prob"": 0.00025}]"
100279,36,0.86958,"[{""clase_id"": 36, ""prob"": 0.86958}, {""clase_id"": 24, ""prob"": 0.04316}, {""clase_id"": 33, ""prob"": 0.03247}, {""clase_id"": 54, ""prob"": 0.02086}, {""clase_id"": 31, ""prob"": 0.0029}]"
100280,12,0.98297,"[{""clase_id"": 12, ""prob"": 0.98297}, {""clase_id"": 11, ""prob"": 0.00235}, {""clase_id"": 67, ""prob"": 0.00162}, {""clase_id"": 0, ""prob"": 0.00098}, {""clase_id"": 43, ""prob"": 0.00059}]"
100281,11,0.96999,"[{""clase_id"": 11, ""prob"": 0.96999}, {""clase_id"": 41, ""prob"": 0.00466}, {""clase_id"": 66, ""prob"": 0.00301}, {""clase_id"": 39, ""prob"": 0.00191}, {""clase_id"": 13, ""prob"": 0.0017}]"
100282,12,0.98751,"[{""clase_id"": 12, ""prob"": 0.98751}, {""clase_id"": 67, ""prob"": 0.00152}, {""clase_id"": 11, ""prob"": 0.00109}, {""clase_id"": 57, ""prob"": 0.00057}, {""clase_id"": 58, ""prob"": 0.0004}]"
100283,12,0.98861,"[{""clase_id"": 12, ""prob"": 0.98861}, {""clase_id"": 67, ""prob"": 0.00198}, {""clase_id"": 11, ""prob"": 0.00102}, {""clase_id"": 43, ""prob"": 0.0004}, {""clase_id"": 17, ""prob"": 0.00039}]"
100284,12,0.95204,"[{""clase_id"": 12, ""prob"": 0.95204}, {""clase_id"": 11, ""prob"": 0.0361}, {""clase_id"": 67, ""prob"": 0.00083}, {""clase_id"": 9, ""prob"": 0.00051}, {""clase_id"": 38, ""prob"": 0.00044}]"
100285,12,0.99048,"[{""clase_id"": 12, ""prob"": 0.99048}, {""clase_id"": 11, ""prob"": 0.00133}, {""clase_id"": 67, ""prob"": 0.00105}, {""clase_id"": 43, ""prob"": 0.00048}, {""clase_id"": 57, ""prob"": 0.0003}]"
100286,12,0.98826,"[{""clase_id"": 12, ""prob"": 0.98826}, {""clase_id"": 67, ""prob"": 0.00165}, {""clase_id"": 43, ""prob"": 0.00092}, {""clase_id"": 11, ""prob"": 0.00078}, {""clase_id"": 32, ""prob"": 0.00037}]"
100287,12,0.97637,"[{""clase_id"": 12, ""prob"": 0.97637}, {""clase_id"": 67, ""prob"": 0.00977}, {""clase_id"": 11, ""prob"": 0.00098}, {""clase_id"": 24, ""prob"": 0.0008}, {""clase_id"": 33, ""prob"": 0.00055}]"
100288,12,0.98381,"[{""clase_id"": 12, ""prob"": 0.98381}, {""clase_id"": 67, ""prob"": 0.00393}, {""clase_id"": 11, ""prob"": 0.00078}, {""clase_id"": 9, ""prob"": 0.00059}, {""clase_id"": 32, ""prob"": 0.00058}]"
100289,12,0.98736,"[{""clase_id"": 12, ""prob"": 0.98736}, {""clase_id"": 67, ""prob"": 0.00206}, {""clase_id"": 11, ""prob"": 0.00064}, {""clase_id"": 57, ""prob"": 0.00048}, {""clase_id"": 32, ""prob"": 0.00041}]"
100290,12,0.98979,"[{""clase_id"": 12, ""prob"": 0.98979}, {""clase_id"": 67, ""prob"": 0.00124}, {""clase_id"": 11, ""prob"": 0.00078}, {""clase_id"": 43, ""prob"": 0.00067}, {""clase_id"": 17, ""prob"": 0.00039}]"
100291,12,0.99011,"[{""clase_id"": 12, ""prob"": 0.99011}, {""clase_id"": 11, ""prob"": 0.00137}, {""clase_id"": 67, ""prob"": 0.00129}, {""clase_id"": 43, ""prob"": 0.00035}, {""clase_id"": 17, ""prob"": 0.00034}]"
100292,12,0.98957,"[{""clase_id"": 12, ""prob"": 0.98957}, {""clase_id"": 11, ""prob"": 0.00218}, {""clase_id"": 43, ""prob"": 0.00055}, {""clase_id"": 57, ""prob"": 0.00037}, {""clase_id"": 17, ""prob"": 0.00031}]"
100293,12,0.97792,"[{""clase_id"": 12, ""prob"": 0.97792}, {""clase_id"": 43, ""prob"": 0.00561}, {""clase_id"": 11, ""prob"": 0.00187}, {""clase_id"": 67, ""prob"": 0.0008}, {""clase_id"": 40, ""prob"": 0.00066}]"
100294,12,0.99089,"[{""clase_id"": 12, ""prob"": 0.99089}, {""clase_id"": 11, ""prob"": 0.00096}, {""clase_id"": 67, ""prob"": 0.00063}, {""clase_id"": 43, ""prob"": 0.00033}, {""clase_id"": 57, ""prob"": 0.00033}]"
100295,12,0.99047,"[{""clase_id"": 12, ""prob"": 0.99047}, {""clase_id"": 11, ""prob"": 0.0012}, {""clase_id"": 67, ""prob"": 0.00059}, {""clase_id"": 43, ""prob"": 0.00038}, {""clase_id"": 57, ""prob"": 0.00038}]"
100296,12,0.99094,"[{""clase_id"": 12, ""prob"": 0.99094}, {""clase_id"": 11, ""prob"": 0.00132}, {""clase_id"": 43, ""prob"": 0.00056}, {""clase_id"": 67, ""prob"": 0.00044}, {""clase_id"": 17, ""prob"": 0.00036}]"
100297,12,0.98647,"[{""clase_id"": 12, ""prob"": 0.98647}, {""clase_id"": 67, ""prob"": 0.00267}, {""clase_id"": 11, ""prob"": 0.00105}, {""clase_id"": 57, ""prob"": 0.00053}, {""clase_id"": 32, ""prob"": 0.00051}]"
100298,12,0.55249,"[{""clase_id"": 12, ""prob"": 0.55249}, {""clase_id"": 11, ""prob"": 0.42215}, {""clase_id"": 43, ""prob"": 0.00353}, {""clase_id"": 9, ""prob"": 0.00143}, {""clase_id"": 67, ""prob"": 0.00121}]"
100299,12,0.97181,"[{""clase_id"": 12, ""prob"": 0.97181}, {""clase_id"": 11, ""prob"": 0.01947}, {""clase_id"": 43, ""prob"": 0.00053}, {""clase_id"": 67, ""prob"": 0.00049}, {""clase_id"": 57, ""prob"": 0.0003}]"
100300,12,0.98922,"[{""clase_id"": 12, ""prob"": 0.98922}, {""clase_id"": 67, ""prob"": 0.00126}, {""clase_id"": 11, ""prob"": 0.00062}, {""clase_id"": 43, ""prob"": 0.00055}, {""clase_id"": 32, ""prob"": 0.0005}]"
100301,57,0.22507,"[{""clase_id"": 57, ""prob"": 0.22507}, {""clase_id"": 31, ""prob"": 0.19815}, {""clase_id"": 50, ""prob"": 0.06521}, {""clase_id"": 56, ""prob"": 0.05819}, {""clase_id"": 12, ""prob"": 0.0556}]"
100302,12,0.99067,"[{""clase_id"": 12, ""prob"": 0.99067}, {""clase_id"": 11, ""prob"": 0.00173}, {""clase_id"": 67, ""prob"": 0.00072}, {""clase_id"": 57, ""prob"": 0.00034}, {""clase_id"": 43, ""prob"": 0.00028}]"
100303,12,0.99024,"[{""clase_id"": 12, ""prob"": 0.99024}, {""clase_id"": 11, ""prob"": 0.00114}, {""clase_id"": 67, ""prob"": 0.00093}, {""clase_id"": 43, ""prob"": 0.00055}, {""clase_id"": 57, ""prob"": 0.00034}]"
100304,12,0.9844,"[{""clase_id"": 12, ""prob"": 0.9844}, {""clase_id"": 11, ""prob"": 0.00794}, {""clase_id"": 43, ""prob"": 0.00059}, {""clase_id"": 67, ""prob"": 0.00037}, {""clase_id"": 17, ""prob"": 0.0003}]"
100305,12,0.98154,"[{""clase_id"": 12, ""prob"": 0.98154}, {""clase_id"": 11, ""prob"": 0.01033}, {""clase_id"": 67, ""prob"": 0.00067}, {""clase_id"": 43, ""prob"": 0.00033}, {""clase_id"": 58, ""prob"": 0.00028}]"
100306,12,0.98146,"[{""clase_id"": 12, ""prob"": 0.98146}, {""clase_id"": 43, ""prob"": 0.00497}, {""clase_id"": 11, ""prob"": 0.00371}, {""clase_id"": 9, ""prob"": 0.00048}, {""clase_id"": 38, ""prob"": 0.00042}]"
100307,12,0.92742,"[{""clase_id"": 12, ""prob"": 0.92742}, {""clase_id"": 67, ""prob"": 0.05072}, {""clase_id"": 11, ""prob"": 0.00125}, {""clase_id"": 32, ""prob"": 0.00117}, {""clase_id"": 9, ""prob"": 0.00099}]"
100308,11,0.95991,"[{""clase_id"": 11, ""prob"": 0.95991}, {""clase_id"": 12, ""prob"": 0.02667}, {""clase_id"": 41, ""prob"": 0.00174}, {""clase_id"": 66, ""prob"": 0.00113}, {""clase_id"": 38, ""prob"": 0.00047}]"
100309,12,0.94391,"[{""clase_id"": 12, ""prob"": 0.94391}, {""clase_id"": 11, ""prob"": 0.04551}, {""clase_id"": 43, ""prob"": 0.00096}, {""clase_id"": 67, ""prob"": 0.00041}, {""clase_id"": 38, ""prob"": 0.00034}]"
100310,12,0.99102,"[{""clase_id"": 12, ""prob"": 0.99102}, {""clase_id"": 11, ""prob"": 0.00156}, {""clase_id"": 67, ""prob"": 0.00058}, {""clase_id"": 57, ""prob"": 0.0003}, {""clase_id"": 43, ""prob"": 0.00029}]"
100311,12,0.94734,"[{""clase_id"": 12, ""prob"": 0.94734}, {""clase_id"": 11, ""prob"": 0.04051}, {""clase_id"": 67, ""prob"": 0.001}, {""clase_id"": 9, ""prob"": 0.00064}, {""clase_id"": 0, ""prob"": 0.00051}]"
100312,11,0.98062,"[{""clase_id"": 11, ""prob"": 0.98062}, {""clase_id"": 12, ""prob"": 0.01132}, {""clase_id"": 66, ""prob"": 0.00078}, {""clase_id"": 38, ""prob"": 0.00039}, {""clase_id"": 41, ""prob"": 0.00038}]"
100313,12,0.98812,"[{""clase_id"": 12, ""prob"": 0.98812}, {""clase_id"": 67, ""prob"": 0.00178}, {""clase_id"": 11, ""prob"": 0.00061}, {""clase_id"": 31, ""prob"": 0.00041}, {""clase_id"": 57, ""prob"": 0.00038}]"
100314,12,0.9894,"[{""clase_id"": 12, ""prob"": 0.9894}, {""clase_id"": 11, ""prob"": 0.00156}, {""clase_id"": 43, ""prob"": 0.00093}, {""clase_id"": 67, ""prob"": 0.00044}, {""clase_id"": 57, ""prob"": 0.00034}]"
100315,12,0.98837,"[{""clase_id"": 12, ""prob"": 0.98837}, {""clase_id"": 11, ""prob"": 0.00443}, {""clase_id"": 43, ""prob"": 0.00043}, {""clase_id"": 67, ""prob"": 0.00042}, {""clase_id"": 17, ""prob"": 0.0003}]"
100316,12,0.98502,"[{""clase_id"": 12, ""prob"": 0.98502}, {""clase_id"": 11, ""prob"": 0.00749}, {""clase_id"": 43, ""prob"": 0.00047}, {""clase_id"": 67, ""prob"": 0.00038}, {""clase_id"": 17, ""prob"": 0.0003}]"
100317,12,0.98578,"[{""clase_id"": 12, ""prob"": 0.98578}, {""clase_id"": 11, ""prob"": 0.00576}, {""clase_id"": 67, ""prob"": 0.00051}, {""clase_id"": 17, ""prob"": 0.00032}, {""clase_id"": 57, ""prob"": 0.00032}]"
100318,12,0.98798,"[{""clase_id"": 12, ""prob"": 0.98798}, {""clase_id"": 11, ""prob"": 0.00439}, {""clase_id"": 43, ""prob"": 0.00037}, {""clase_id"": 67, ""prob"": 0.00032}, {""clase_id"": 57, ""prob"": 0.00031}]"
100319,12,0.98911,"[{""clase_id"": 12, ""prob"": 0.98911}, {""clase_id"": 67, ""prob"": 0.0013}, {""clase_id"": 11, ""prob"": 0.00087}, {""clase_id"": 4, ""prob"": 0.00044}, {""clase_id"": 57, ""prob"": 0.00042}]"
100320,4,0.99486,"[{""clase_id"": 4, ""prob"": 0.99486}, {""clase_id"": 2, ""prob"": 0.00034}, {""clase_id"": 60, ""prob"": 0.00031}, {""clase_id"": 58, ""prob"": 0.00026}, {""clase_id"": 21, ""prob"": 0.00023}]"
100321,4,0.99531,"[{""clase_id"": 4, ""prob"": 0.99531}, {""clase_id"": 60, ""prob"": 0.00039}, {""clase_id"": 2, ""prob"": 0.0003}, {""clase_id"": 58, ""prob"": 0.00025}, {""clase_id"": 57, ""prob"": 0.00016}]"
100322,4,0.99399,"[{""clase_id"": 4, ""prob"": 0.99399}, {""clase_id"": 60, ""prob"": 0.00063}, {""clase_id"": 58, ""prob"": 0.00059}, {""clase_id"": 71, ""prob"": 0.00027}, {""clase_id"": 21, ""prob"": 0.00022}]"
100323,4,0.99513,"[{""clase_id"": 4, ""prob"": 0.99513}, {""clase_id"": 2, ""prob"": 0.00033}, {""clase_id"": 60, ""prob"": 0.00033}, {""clase_id"": 58, ""prob"": 0.00019}, {""clase_id"": 21, ""prob"": 0.00016}]"
100324,4,0.99496,"[{""clase_id"": 4, ""prob"": 0.99496}, {""clase_id"": 2, ""prob"": 0.00048}, {""clase_id"": 60, ""prob"": 0.00024}, {""clase_id"": 58, ""prob"": 0.00022}, {""clase_id"": 21, ""prob"": 0.00017}]"
100325,4,0.99482,"[{""clase_id"": 4, ""prob"": 0.99482}, {""clase_id"": 60, ""prob"": 0.0005}, {""clase_id"": 58, ""prob"": 0.00032}, {""clase_id"": 21, ""prob"": 0.0002}, {""clase_id"": 2, ""prob"": 0.00019}]"
100326,4,0.99463,"[{""clase_id"": 4, ""prob"": 0.99463}, {""clase_id"": 60, ""prob"": 0.00056}, {""clase_id"": 58, ""prob"": 0.00031}, {""clase_id"": 56, ""prob"": 0.00023}, {""clase_id"": 57, ""prob"": 0.0002}]"
100327,4,0.99458,"[{""clase_id"": 4, ""prob"": 0.99458}, {""clase_id"": 2, ""prob"": 0.00051}, {""clase_id"": 60, ""prob"": 0.00038}, {""clase_id"": 71, ""prob"": 0.00018}, {""clase_id"": 58, ""prob"": 0.00016}]"
100328,4,0.98693,"[{""clase_id"": 4, ""prob"": 0.98693}, {""clase_id"": 60, ""prob"": 0.00351}, {""clase_id"": 21, ""prob"": 0.00077}, {""clase_id"": 58, ""prob"": 0.00054}, {""clase_id"": 57, ""prob"": 0.00053}]"
100329,4,0.99449,"[{""clase_id"": 4, ""prob"": 0.99449}, {""clase_id"": 60, ""prob"": 0.00059}, {""clase_id"": 2, ""prob"": 0.00028}, {""clase_id"": 21, ""prob"": 0.00023}, {""clase_id"": 58, ""prob"": 0.00023}]"
100330,4,0.99512,"[{""clase_id"": 4, ""prob"": 0.99512}, {""clase_id"": 60, ""prob"": 0.00039}, {""clase_id"": 2, ""prob"": 0.00036}, {""clase_id"": 58, ""prob"": 0.00023}, {""clase_id"": 57, ""prob"": 0.00017}]"
100331,4,0.98838,"[{""clase_id"": 4, ""prob"": 0.98838}, {""clase_id"": 2, ""prob"": 0.00153}, {""clase_id"": 61, ""prob"": 0.00087}, {""clase_id"": 71, ""prob"": 0.00042}, {""clase_id"": 60, ""prob"": 0.0004}]"
100332,4,0.9951,"[{""clase_id"": 4, ""prob"": 0.9951}, {""clase_id"": 60, ""prob"": 0.00042}, {""clase_id"": 2, ""prob"": 0.00025}, {""clase_id"": 58, ""prob"": 0.00023}, {""clase_id"": 21, ""prob"": 0.00018}]"
100333,4,0.5316,"[{""clase_id"": 4, ""prob"": 0.5316}, {""clase_id"": 58, ""prob"": 0.30002}, {""clase_id"": 56, ""prob"": 0.0414}, {""clase_id"": 57, ""prob"": 0.01153}, {""clase_id"": 65, ""prob"": 0.00928}]"
100334,4,0.99503,"[{""clase_id"": 4, ""prob"": 0.99503}, {""clase_id"": 60, ""prob"": 0.00052}, {""clase_id"": 2, ""prob"": 0.00023}, {""clase_id"": 58, ""prob"": 0.00021}, {""clase_id"": 21, ""prob"": 0.00018}]"
100335,4,0.99508,"[{""clase_id"": 4, ""prob"": 0.99508}, {""clase_id"": 2, ""prob"": 0.00041}, {""clase_id"": 60, ""prob"": 0.00027}, {""clase_id"": 58, ""prob"": 0.00019}, {""clase_id"": 21, ""prob"": 0.00016}]"
100336,4,0.99492,"[{""clase_id"": 4, ""prob"": 0.99492}, {""clase_id"": 60, ""prob"": 0.00058}, {""clase_id"": 58, ""prob"": 0.00025}, {""clase_id"": 2, ""prob"": 0.00021}, {""clase_id"": 21, ""prob"": 0.00019}]"
100337,4,0.99497,"[{""clase_id"": 4, ""prob"": 0.99497}, {""clase_id"": 60, ""prob"": 0.00052}, {""clase_id"": 2, ""prob"": 0.00024}, {""clase_id"": 58, ""prob"": 0.00019}, {""clase_id"": 57, ""prob"": 0.00018}]"
100338,4,0.99479,"[{""clase_id"": 4, ""prob"": 0.99479}, {""clase_id"": 60, ""prob"": 0.00044}, {""clase_id"": 58, ""prob"": 0.00026}, {""clase_id"": 2, ""prob"": 0.00023}, {""clase_id"": 21, ""prob"": 0.0002}]"
100339,4,0.30938,"[{""clase_id"": 4, ""prob"": 0.30938}, {""clase_id"": 62, ""prob"": 0.19561}, {""clase_id"": 15, ""prob"": 0.0572}, {""clase_id"": 57, ""prob"": 0.05338}, {""clase_id"": 29, ""prob"": 0.03151}]"
100340,4,0.9902,"[{""clase_id"": 4, ""prob"": 0.9902}, {""clase_id"": 60, ""prob"": 0.00259}, {""clase_id"": 58, ""prob"": 0.0006}, {""clase_id"": 71, ""prob"": 0.00049}, {""clase_id"": 57, ""prob"": 0.00047}]"
100341,4,0.99473,"[{""clase_id"": 4, ""prob"": 0.99473}, {""clase_id"": 2, ""prob"": 0.0004}, {""clase_id"": 60, ""prob"": 0.00029}, {""clase_id"": 21, ""prob"": 0.00024}, {""clase_id"": 58, ""prob"": 0.00022}]"
100342,4,0.99519,"[{""clase_id"": 4, ""prob"": 0.99519}, {""clase_id"": 60, ""prob"": 0.00034}, {""clase_id"": 2, ""prob"": 0.00027}, {""clase_id"": 58, ""prob"": 0.00023}, {""clase_id"": 71, ""prob"": 0.00019}]"
100343,4,0.99518,"[{""clase_id"": 4, ""prob"": 0.99518}, {""clase_id"": 60, ""prob"": 0.00037}, {""clase_id"": 58, ""prob"": 0.00029}, {""clase_id"": 2, ""prob"": 0.00026}, {""clase_id"": 57, ""prob"": 0.00015}]"
100344,4,0.9951,"[{""clase_id"": 4, ""prob"": 0.9951}, {""clase_id"": 60, ""prob"": 0.00039}, {""clase_id"": 2, ""prob"": 0.00026}, {""clase_id"": 58, ""prob"": 0.00024}, {""clase_id"": 21, ""prob"": 0.00018}]"
100345,56,0.49363,"[{""clase_id"": 56, ""prob"": 0.49363}, {""clase_id"": 4, ""prob"": 0.12503}, {""clase_id"": 65, ""prob"": 0.07547}, {""clase_id"": 67, ""prob"": 0.03258}, {""clase_id"": 64, ""prob"": 0.02909}]"
100346,4,0.9948,"[{""clase_id"": 4, ""prob"": 0.9948}, {""clase_id"": 60, ""prob"": 0.00048}, {""clase_id"": 58, ""prob"": 0.00028}, {""clase_id"": 56, ""prob"": 0.00021}, {""clase_id"": 57, ""prob"": 0.0002}]"
100347,4,0.99447,"[{""clase_id"": 4, ""prob"": 0.99447}, {""clase_id"": 60, ""prob"": 0.00064}, {""clase_id"": 2, ""prob"": 0.00028}, {""clase_id"": 21, ""prob"": 0.00027}, {""clase_id"": 58, ""prob"": 0.00025}]"
100348,4,0.99321,"[{""clase_id"": 4, ""prob"": 0.99321}, {""clase_id"": 58, ""prob"": 0.00062}, {""clase_id"": 60, ""prob"": 0.00047}, {""clase_id"": 2, ""prob"": 0.00039}, {""clase_id"": 21, ""prob"": 0.00037}]"
100349,4,0.9951,"[{""clase_id"": 4, ""prob"": 0.9951}, {""clase_id"": 60, ""prob"": 0.00034}, {""clase_id"": 2, ""prob"": 0.0003}, {""clase_id"": 71, ""prob"": 0.00022}, {""clase_id"": 58, ""prob"": 0.00022}]"
100350,4,0.99489,"[{""clase_id"": 4, ""prob"": 0.99489}, {""clase_id"": 60, ""prob"": 0.00029}, {""clase_id"": 58, ""prob"": 0.00027}, {""clase_id"": 2, ""prob"": 0.00027}, {""clase_id"": 21, ""prob"": 0.00022}]"
100351,4,0.82912,"[{""clase_id"": 4, ""prob"": 0.82912}, {""clase_id"": 60, ""prob"": 0.07398}, {""clase_id"": 58, ""prob"": 0.02124}, {""clase_id"": 65, ""prob"": 0.01381}, {""clase_id"": 32, ""prob"": 0.00565}]"
100352,4,0.99488,"[{""clase_id"": 4, ""prob"": 0.99488}, {""clase_id"": 60, ""prob"": 0.00041}, {""clase_id"": 58, ""prob"": 0.00027}, {""clase_id"": 2, ""prob"": 0.00022}, {""clase_id"": 56, ""prob"": 0.0002}]"
100353,4,0.99347,"[{""clase_id"": 4, ""prob"": 0.99347}, {""clase_id"": 2, ""prob"": 0.00108}, {""clase_id"": 58, ""prob"": 0.00026}, {""clase_id"": 21, ""prob"": 0.00023}, {""clase_id"": 57, ""prob"": 0.00021}]"
100354,4,0.99522,"[{""clase_id"": 4, ""prob"": 0.99522}, {""clase_id"": 60, ""prob"": 0.00035}, {""clase_id"": 2, ""prob"": 0.0003}, {""clase_id"": 58, ""prob"": 0.00025}, {""clase_id"": 21, ""prob"": 0.00018}]"
100355,4,0.9951,"[{""clase_id"": 4, ""prob"": 0.9951}, {""clase_id"": 2, ""prob"": 0.00037}, {""clase_id"": 60, ""prob"": 0.00036}, {""clase_id"": 58, ""prob"": 0.00021}, {""clase_id"": 57, ""prob"": 0.00016}]"
100356,4,0.99494,"[{""clase_id"": 4, ""prob"": 0.99494}, {""clase_id"": 60, ""prob"": 0.00045}, {""clase_id"": 2, ""prob"": 0.00021}, {""clase_id"": 58, ""prob"": 0.00021}, {""clase_id"": 21, ""prob"": 0.0002}]"
100357,4,0.51272,"[{""clase_id"": 4, ""prob"": 0.51272}, {""clase_id"": 60, ""prob"": 0.41222}, {""clase_id"": 58, ""prob"": 0.01226}, {""clase_id"": 71, ""prob"": 0.00846}, {""clase_id"": 57, ""prob"": 0.00668}]"
100358,4,0.99382,"[{""clase_id"": 4, ""prob"": 0.99382}, {""clase_id"": 60, ""prob"": 0.00059}, {""clase_id"": 2, ""prob"": 0.0005}, {""clase_id"": 57, ""prob"": 0.00038}, {""clase_id"": 58, ""prob"": 0.00034}]"
100359,4,0.9948,"[{""clase_id"": 4, ""prob"": 0.9948}, {""clase_id"": 2, ""prob"": 0.00056}, {""clase_id"": 60, ""prob"": 0.00026}, {""clase_id"": 58, ""prob"": 0.00022}, {""clase_id"": 21, ""prob"": 0.00017}]"
100360,14,0.98125,"[{""clase_id"": 14, ""prob"": 0.98125}, {""clase_id"": 25, ""prob"": 0.00842}, {""clase_id"": 49, ""prob"": 0.00106}, {""clase_id"": 41, ""prob"": 0.00047}, {""clase_id"": 35, ""prob"": 0.00046}]"
100361,14,0.98973,"[{""clase_id"": 14, ""prob"": 0.98973}, {""clase_id"": 25, ""prob"": 0.00168}, {""clase_id"": 49, ""prob"": 0.00095}, {""clase_id"": 0, ""prob"": 0.00074}, {""clase_id"": 23, ""prob"": 0.00043}]"
100362,14,0.98807,"[{""clase_id"": 14, ""prob"": 0.98807}, {""clase_id"": 49, ""prob"": 0.00157}, {""clase_id"": 35, ""prob"": 0.00066}, {""clase_id"": 8, ""prob"": 0.00059}, {""clase_id"": 33, ""prob"": 0.00058}]"
100363,14,0.98573,"[{""clase_id"": 14, ""prob"": 0.98573}, {""clase_id"": 25, ""prob"": 0.00568}, {""clase_id"": 35, ""prob"": 0.00051}, {""clase_id"": 49, ""prob"": 0.00049}, {""clase_id"": 33, ""prob"": 0.00039}]"
100364,14,0.98332,"[{""clase_id"": 14, ""prob"": 0.98332}, {""clase_id"": 35, ""prob"": 0.00162}, {""clase_id"": 25, ""prob"": 0.00148}, {""clase_id"": 49, ""prob"": 0.00136}, {""clase_id"": 26, ""prob"": 0.00093}]"
100365,14,0.99127,"[{""clase_id"": 14, ""prob"": 0.99127}, {""clase_id"": 25, ""prob"": 0.00252}, {""clase_id"": 49, ""prob"": 0.00045}, {""clase_id"": 41, ""prob"": 0.00042}, {""clase_id"": 33, ""prob"": 0.00031}]"
100366,14,0.9916,"[{""clase_id"": 14, ""prob"": 0.9916}, {""clase_id"": 25, ""prob"": 0.00173}, {""clase_id"": 49, ""prob"": 0.00041}, {""clase_id"": 35, ""prob"": 0.00039}, {""clase_id"": 33, ""prob"": 0.00034}]"
100367,14,0.99101,"[{""clase_id"": 14, ""prob"": 0.99101}, {""clase_id"": 25, ""prob"": 0.00189}, {""clase_id"": 41, ""prob"": 0.00072}, {""clase_id"": 49, ""prob"": 0.00055}, {""clase_id"": 35, ""prob"": 0.00035}]"
100368,49,0.98765,"[{""clase_id"": 49, ""prob"": 0.98765}, {""clase_id"": 14, ""prob"": 0.0025}, {""clase_id"": 0, ""prob"": 0.00091}, {""clase_id"": 38, ""prob"": 0.00053}, {""clase_id"": 23, ""prob"": 0.00052}]"
100369,14,0.98673,"[{""clase_id"": 14, ""prob"": 0.98673}, {""clase_id"": 25, ""prob"": 0.00596}, {""clase_id"": 33, ""prob"": 0.00039}, {""clase_id"": 72, ""prob"": 0.00036}, {""clase_id"": 35, ""prob"": 0.00034}]"
100370,14,0.98445,"[{""clase_id"": 14, ""prob"": 0.98445}, {""clase_id"": 0, ""prob"": 0.0014}, {""clase_id"": 23, ""prob"": 0.0011}, {""clase_id"": 33, ""prob"": 0.00107}, {""clase_id"": 72, ""prob"": 0.00101}]"
100371,14,0.98912,"[{""clase_id"": 14, ""prob"": 0.98912}, {""clase_id"": 25, ""prob"": 0.00344}, {""clase_id"": 35, ""prob"": 0.00055}, {""clase_id"": 41, ""prob"": 0.00044}, {""clase_id"": 49, ""prob"": 0.00038}]"
100372,14,0.99063,"[{""clase_id"": 14, ""prob"": 0.99063}, {""clase_id"": 25, ""prob"": 0.00263}, {""clase_id"": 41, ""prob"": 0.00042}, {""clase_id"": 33, ""prob"": 0.00038}, {""clase_id"": 35, ""prob"": 0.00037}]"
100373,14,0.98986,"[{""clase_id"": 14, ""prob"": 0.98986}, {""clase_id"": 49, ""prob"": 0.00101}, {""clase_id"": 41, ""prob"": 0.00082}, {""clase_id"": 35, ""prob"": 0.00049}, {""clase_id"": 33, ""prob"": 0.00047}]"
100374,14,0.99152,"[{""clase_id"": 14, ""prob"": 0.99152}, {""clase_id"": 25, ""prob"": 0.00073}, {""clase_id"": 49, ""prob"": 0.00056}, {""clase_id"": 35, ""prob"": 0.00049}, {""clase_id"": 41, ""prob"": 0.00048}]"
100375,14,0.99108,"[{""clase_id"": 14, ""prob"": 0.99108}, {""clase_id"": 25, ""prob"": 0.00188}, {""clase_id"": 35, ""prob"": 0.00045}, {""clase_id"": 49, ""prob"": 0.00044}, {""clase_id"": 41, ""prob"": 0.00035}]"
100376,14,0.99263,"[{""clase_id"": 14, ""prob"": 0.99263}, {""clase_id"": 41, ""prob"": 0.00068}, {""clase_id"": 49, ""prob"": 0.0004}, {""clase_id"": 33, ""prob"": 0.00038}, {""clase_id"": 25, ""prob"": 0.00036}]"
100377,14,0.82018,"[{""clase_id"": 14, ""prob"": 0.82018}, {""clase_id"": 26, ""prob"": 0.03458}, {""clase_id"": 25, ""prob"": 0.03287}, {""clase_id"": 27, ""prob"": 0.01062}, {""clase_id"": 23, ""prob"": 0.00766}]"
100378,14,0.99136,"[{""clase_id"": 14, ""prob"": 0.99136}, {""clase_id"": 25, ""prob"": 0.00239}, {""clase_id"": 41, ""prob"": 0.00039}, {""clase_id"": 49, ""prob"": 0.00038}, {""clase_id"": 33, ""prob"": 0.00033}]"
100379,14,0.97799,"[{""clase_id"": 14, ""prob"": 0.97799}, {""clase_id"": 49, ""prob"": 0.00499}, {""clase_id"": 25, ""prob"": 0.00486}, {""clase_id"": 0, ""prob"": 0.00104}, {""clase_id"": 23, ""prob"": 0.00059}]"
100380,14,0.99272,"[{""clase_id"": 14, ""prob"": 0.99272}, {""clase_id"": 25, ""prob"": 0.00075}, {""clase_id"": 41, ""prob"": 0.00055}, {""clase_id"": 49, ""prob"": 0.00035}, {""clase_id"": 33, ""prob"": 0.00035}]"
100381,14,0.99186,"[{""clase_id"": 14, ""prob"": 0.99186}, {""clase_id"": 25, ""prob"": 0.00101}, {""clase_id"": 49, ""prob"": 0.00065}, {""clase_id"": 41, ""prob"": 0.00051}, {""clase_id"": 35, ""prob"": 0.00033}]"
100382,14,0.96762,"[{""clase_id"": 14, ""prob"": 0.96762}, {""clase_id"": 41, ""prob"": 0.00501}, {""clase_id"": 35, ""prob"": 0.00379}, {""clase_id"": 18, ""prob"": 0.00316}, {""clase_id"": 49, ""prob"": 0.00182}]"
100383,14,0.99191,"[{""clase_id"": 14, ""prob"": 0.99191}, {""clase_id"": 25, ""prob"": 0.00093}, {""clase_id"": 49, ""prob"": 0.00062}, {""clase_id"": 41, ""prob"": 0.00046}, {""clase_id"": 33, ""prob"": 0.00038}]"
100384,14,0.98885,"[{""clase_id"": 14, ""prob"": 0.98885}, {""clase_id"": 25, ""prob"": 0.00116}, {""clase_id"": 41, ""prob"": 0.00097}, {""clase_id"": 35, ""prob"": 0.00087}, {""clase_id"": 49, ""prob"": 0.00037}]"
100385,14,0.99137,"[{""clase_id"": 14, ""prob"": 0.99137}, {""clase_id"": 49, ""prob"": 0.00091}, {""clase_id"": 25, ""prob"": 0.00072}, {""clase_id"": 0, ""prob"": 0.00061}, {""clase_id"": 23, ""prob"": 0.00046}]"
100386,14,0.98982,"[{""clase_id"": 14, ""prob"": 0.98982}, {""clase_id"": 49, ""prob"": 0.00154}, {""clase_id"": 25, ""prob"": 0.00104}, {""clase_id"": 0, ""prob"": 0.00064}, {""clase_id"": 33, ""prob"": 0.00047}]"
100387,14,0.99069,"[{""clase_id"": 14, ""prob"": 0.99069}, {""clase_id"": 25, ""prob"": 0.00137}, {""clase_id"": 41, ""prob"": 0.00096}, {""clase_id"": 49, ""prob"": 0.0008}, {""clase_id"": 22, ""prob"": 0.0004}]"
100388,14,0.99239,"[{""clase_id"": 14, ""prob"": 0.99239}, {""clase_id"": 25, ""prob"": 0.00061}, {""clase_id"": 41, ""prob"": 0.00058}, {""clase_id"": 49, ""prob"": 0.00043}, {""clase_id"": 33, ""prob"": 0.00035}]"
100389,14,0.97706,"[{""clase_id"": 14, ""prob"": 0.97706}, {""clase_id"": 25, ""prob"": 0.00524}, {""clase_id"": 41, ""prob"": 0.00264}, {""clase_id"": 22, ""prob"": 0.00253}, {""clase_id"": 49, ""prob"": 0.00151}]"
100390,14,0.99066,"[{""clase_id"": 14, ""prob"": 0.99066}, {""clase_id"": 49, ""prob"": 0.00147}, {""clase_id"": 25, ""prob"": 0.00068}, {""clase_id"": 0, ""prob"": 0.0005}, {""clase_id"": 35, ""prob"": 0.0004}]"
100391,14,0.99229,"[{""clase_id"": 14, ""prob"": 0.99229}, {""clase_id"": 25, ""prob"": 0.00137}, {""clase_id"": 49, ""prob"": 0.0004}, {""clase_id"": 41, ""prob"": 0.00036}, {""clase_id"": 33, ""prob"": 0.00033}]"
100392,14,0.99163,"[{""clase_id"": 14, ""prob"": 0.99163}, {""clase_id"": 41, ""prob"": 0.00088}, {""clase_id"": 49, ""prob"": 0.00051}, {""clase_id"": 25, ""prob"": 0.00049}, {""clase_id"": 35, ""prob"": 0.00042}]"
100393,14,0.99008,"[{""clase_id"": 14, ""prob"": 0.99008}, {""clase_id"": 25, ""prob"": 0.00112}, {""clase_id"": 49, ""prob"": 0.00109}, {""clase_id"": 0, ""prob"": 0.00065}, {""clase_id"": 41, ""prob"": 0.00042}]"
100394,14,0.98822,"[{""clase_id"": 14, ""prob"": 0.98822}, {""clase_id"": 25, ""prob"": 0.00434}, {""clase_id"": 49, ""prob"": 0.0004}, {""clase_id"": 33, ""prob"": 0.00036}, {""clase_id"": 72, ""prob"": 0.00036}]"
100395,14,0.93515,"[{""clase_id"": 14, ""prob"": 0.93515}, {""clase_id"": 25, ""prob"": 0.0227}, {""clase_id"": 10, ""prob"": 0.00885}, {""clase_id"": 22, ""prob"": 0.00229}, {""clase_id"": 49, ""prob"": 0.00218}]"
100396,14,0.99062,"[{""clase_id"": 14, ""prob"": 0.99062}, {""clase_id"": 49, ""prob"": 0.00086}, {""clase_id"": 0, ""prob"": 0.00074}, {""clase_id"": 41, ""prob"": 0.00051}, {""clase_id"": 23, ""prob"": 0.00047}]"
100397,14,0.85287,"[{""clase_id"": 14, ""prob"": 0.85287}, {""clase_id"": 25, ""prob"": 0.1087}, {""clase_id"": 27, ""prob"": 0.00411}, {""clase_id"": 49, ""prob"": 0.00333}, {""clase_id"": 59, ""prob"": 0.00193}]"
100398,14,0.94998,"[{""clase_id"": 14, ""prob"": 0.94998}, {""clase_id"": 25, ""prob"": 0.03726}, {""clase_id"": 49, ""prob"": 0.00076}, {""clase_id"": 27, ""prob"": 0.00065}, {""clase_id"": 35, ""prob"": 0.00058}]"
100399,14,0.9613,"[{""clase_id"": 14, ""prob"": 0.9613}, {""clase_id"": 0, ""prob"": 0.00623}, {""clase_id"": 13, ""prob"": 0.00537}, {""clase_id"": 23, ""prob"": 0.00268}, {""clase_id"": 49, ""prob"": 0.00263}]"
100400,33,0.98507,"[{""clase_id"": 33, ""prob"": 0.98507}, {""clase_id"": 36, ""prob"": 0.00702}, {""clase_id"": 31, ""prob"": 0.001}, {""clase_id"": 50, ""prob"": 0.00052}, {""clase_id"": 65, ""prob"": 0.0004}]"
100401,33,0.99155,"[{""clase_id"": 33, ""prob"": 0.99155}, {""clase_id"": 36, ""prob"": 0.00142}, {""clase_id"": 31, ""prob"": 0.00079}, {""clase_id"": 32, ""prob"": 0.00059}, {""clase_id"": 50, ""prob"": 0.0005}]"
100402,33,0.98695,"[{""clase_id"": 33, ""prob"": 0.98695}, {""clase_id"": 36, ""prob"": 0.00592}, {""clase_id"": 31, ""prob"": 0.00064}, {""clase_id"": 50, ""prob"": 0.00042}, {""clase_id"": 32, ""prob"": 0.00033}]"
100403,33,0.99348,"[{""clase_id"": 33, ""prob"": 0.99348}, {""clase_id"": 36, ""prob"": 0.00069}, {""clase_id"": 50, ""prob"": 0.00039}, {""clase_id"": 14, ""prob"": 0.00038}, {""clase_id"": 32, ""prob"": 0.0003}]"
100404,33,0.98982,"[{""clase_id"": 33, ""prob"": 0.98982}, {""clase_id"": 36, ""prob"": 0.00123}, {""clase_id"": 50, ""prob"": 0.00105}, {""clase_id"": 32, ""prob"": 0.00078}, {""clase_id"": 65, ""prob"": 0.00068}]"
100405,33,0.99009,"[{""clase_id"": 33, ""prob"": 0.99009}, {""clase_id"": 50, ""prob"": 0.00159}, {""clase_id"": 65, ""prob"": 0.00085}, {""clase_id"": 24, ""prob"": 0.00049}, {""clase_id"": 36, ""prob"": 0.00043}]"
100406,33,0.95221,"[{""clase_id"": 33, ""prob"": 0.95221}, {""clase_id"": 32, ""prob"": 0.02076}, {""clase_id"": 36, ""prob"": 0.00844}, {""clase_id"": 31, ""prob"": 0.00346}, {""clase_id"": 76, ""prob"": 0.00103}]"
100407,33,0.99289,"[{""clase_id"": 33, ""prob"": 0.99289}, {""clase_id"": 36, ""prob"": 0.00105}, {""clase_id"": 50, ""prob"": 0.00064}, {""clase_id"": 24, ""prob"": 0.00042}, {""clase_id"": 65, ""prob"": 0.0004}]"
100408,33,0.9908,"[{""clase_id"": 33, ""prob"": 0.9908}, {""clase_id"": 36, ""prob"": 0.00142}, {""clase_id"": 32, ""prob"": 0.00119}, {""clase_id"": 31, ""prob"": 0.00079}, {""clase_id"": 50, ""prob"": 0.00048}]"
100409,33,0.99311,"[{""clase_id"": 33, ""prob"": 0.99311}, {""clase_id"": 50, ""prob"": 0.00077}, {""clase_id"": 36, ""prob"": 0.00075}, {""clase_id"": 14, ""prob"": 0.00035}, {""clase_id"": 65, ""prob"": 0.0003}]"
100410,33,0.69226,"[{""clase_id"": 33, ""prob"": 0.69226}, {""clase_id"": 36, ""prob"": 0.27741}, {""clase_id"": 31, ""prob"": 0.00716}, {""clase_id"": 32, ""prob"": 0.00186}, {""clase_id"": 65, ""prob"": 0.00095}]"
100411,33,0.99372,"[{""clase_id"": 33, ""prob"": 0.99372}, {""clase_id"": 36, ""prob"": 0.00069}, {""clase_id"": 50, ""prob"": 0.00047}, {""clase_id"": 14, ""prob"": 0.00037}, {""clase_id"": 31, ""prob"": 0.00033}]"
100412,33,0.99244,"[{""clase_id"": 33, ""prob"": 0.99244}, {""clase_id"": 50, ""prob"": 0.00143}, {""clase_id"": 36, ""prob"": 0.00047}, {""clase_id"": 65, ""prob"": 0.0004}, {""clase_id"": 14, ""prob"": 0.00033}]"
100413,33,0.98351,"[{""clase_id"": 33, ""prob"": 0.98351}, {""clase_id"": 50, ""prob"": 0.00474}, {""clase_id"": 31, ""prob"": 0.00199}, {""clase_id"": 36, ""prob"": 0.00107}, {""clase_id"": 65, ""prob"": 0.00067}]"
100414,33,0.99201,"[{""clase_id"": 33, ""prob"": 0.99201}, {""clase_id"": 36, ""prob"": 0.00179}, {""clase_id"": 50, ""prob"": 0.0007}, {""clase_id"": 31, ""prob"": 0.0004}, {""clase_id"": 65, ""prob"": 0.00036}]"
100415,33,0.99276,"[{""clase_id"": 33, ""prob"": 0.99276}, {""clase_id"": 36, ""prob"": 0.00135}, {""clase_id"": 31, ""prob"": 0.00038}, {""clase_id"": 14, ""prob"": 0.00037}, {""clase_id"": 50, ""prob"": 0.00036}]"
100416,33,0.53563,"[{""clase_id"": 33, ""prob"": 0.53563}, {""clase_id"": 50, ""prob"": 0.29773}, {""clase_id"": 36, ""prob"": 0.07611}, {""clase_id"": 32, ""prob"": 0.01825}, {""clase_id"": 65, ""prob"": 0.01128}]"
100417,33,0.97502,"[{""clase_id"": 33, ""prob"": 0.97502}, {""clase_id"": 36, ""prob"": 0.00827}, {""clase_id"": 31, ""prob"": 0.00546}, {""clase_id"": 50, ""prob"": 0.0025}, {""clase_id"": 32, ""prob"": 0.00074}]"
100418,33,0.98933,"[{""clase_id"": 33, ""prob"": 0.98933}, {""clase_id"": 36, ""prob"": 0.00409}, {""clase_id"": 50, ""prob"": 0.00057}, {""clase_id"": 31, ""prob"": 0.00049}, {""clase_id"": 65, ""prob"": 0.00031}]"
100419,33,0.99348,"[{""clase_id"": 33, ""prob"": 0.99348}, {""clase_id"": 50, ""prob"": 0.00052}, {""clase_id"": 36, ""prob"": 0.00045}, {""clase_id"": 24, ""prob"": 0.00041}, {""clase_id"": 14, ""prob"": 0.00033}]"
100420,33,0.99167,"[{""clase_id"": 33, ""prob"": 0.99167}, {""clase_id"": 32, ""prob"": 0.00093}, {""clase_id"": 36, ""prob"": 0.00091}, {""clase_id"": 31, ""prob"": 0.00061}, {""clase_id"": 14, ""prob"": 0.00043}]"
100421,33,0.99146,"[{""clase_id"": 33, ""prob"": 0.99146}, {""clase_id"": 36, ""prob"": 0.00173}, {""clase_id"": 50, ""prob"": 0.0009}, {""clase_id"": 31, ""prob"": 0.00039}, {""clase_id"": 24, ""prob"": 0.00038}]"
100422,33,0.98675,"[{""clase_id"": 33, ""prob"": 0.98675}, {""clase_id"": 31, ""prob"": 0.00264}, {""clase_id"": 36, ""prob"": 0.0012}, {""clase_id"": 32, ""prob"": 0.00111}, {""clase_id"": 50, ""prob"": 0.00058}]"
100423,33,0.99357,"[{""clase_id"": 33, ""prob"": 0.99357}, {""clase_id"": 36, ""prob"": 0.0006}, {""clase_id"": 50, ""prob"": 0.00056}, {""clase_id"": 14, ""prob"": 0.00033}, {""clase_id"": 24, ""prob"": 0.00031}]"
100424,33,0.97939,"[{""clase_id"": 33, ""prob"": 0.97939}, {""clase_id"": 32, ""prob"": 0.00667}, {""clase_id"": 36, ""prob"": 0.00222}, {""clase_id"": 31, ""prob"": 0.00156}, {""clase_id"": 76, ""prob"": 0.00062}]"
100425,33,0.98463,"[{""clase_id"": 33, ""prob"": 0.98463}, {""clase_id"": 36, ""prob"": 0.00245}, {""clase_id"": 76, ""prob"": 0.00182}, {""clase_id"": 31, ""prob"": 0.00129}, {""clase_id"": 17, ""prob"": 0.00084}]"
100426,33,0.98426,"[{""clase_id"": 33, ""prob"": 0.98426}, {""clase_id"": 36, ""prob"": 0.00727}, {""clase_id"": 50, ""prob"": 0.00086}, {""clase_id"": 31, ""prob"": 0.00068}, {""clase_id"": 24, ""prob"": 0.00044}]"
100427,33,0.99176,"[{""clase_id"": 33, ""prob"": 0.99176}, {""clase_id"": 50, ""prob"": 0.00095}, {""clase_id"": 24, ""prob"": 0.00073}, {""clase_id"": 14, ""prob"": 0.00036}, {""clase_id"": 36, ""prob"": 0.00032}]"
100428,36,0.86342,"[{""clase_id"": 36, ""prob"": 0.86342}, {""clase_id"": 33, ""prob"": 0.11513}, {""clase_id"": 31, ""prob"": 0.00416}, {""clase_id"": 54, ""prob"": 0.00171}, {""clase_id"": 32, ""prob"": 0.00148}]"
100429,33,0.61059,"[{""clase_id"": 33, ""prob"": 0.61059}, {""clase_id"": 36, ""prob"": 0.36355}, {""clase_id"": 32, ""prob"": 0.00187}, {""clase_id"": 54, ""prob"": 0.00163}, {""clase_id"": 65, ""prob"": 0.00119}]"
100430,33,0.9925,"[{""clase_id"": 33, ""prob"": 0.9925}, {""clase_id"": 36, ""prob"": 0.00077}, {""clase_id"": 50, ""prob"": 0.00064}, {""clase_id"": 65, ""prob"": 0.00043}, {""clase_id"": 14, ""prob"": 0.00036}]"
100431,33,0.99068,"[{""clase_id"": 33, ""prob"": 0.99068}, {""clase_id"": 36, ""prob"": 0.00218}, {""clase_id"": 31, ""prob"": 0.00113}, {""clase_id"": 14, ""prob"": 0.00037}, {""clase_id"": 50, ""prob"": 0.00036}]"
100432,33,0.9933,"[{""clase_id"": 33, ""prob"": 0.9933}, {""clase_id"": 36, ""prob"": 0.0008}, {""clase_id"": 50, ""prob"": 0.00046}, {""clase_id"": 24, ""prob"": 0.00035}, {""clase_id"": 14, ""prob"": 0.00033}]"
100433,33,0.98522,"[{""clase_id"": 33, ""prob"": 0.98522}, {""clase_id"": 31, ""prob"": 0.00326}, {""clase_id"": 32, ""prob"": 0.00204}, {""clase_id"": 36, ""prob"": 0.0017}, {""clase_id"": 50, ""prob"": 0.00088}]"
100434,36,0.99218,"[{""clase_id"": 36, ""prob"": 0.99218}, {""clase_id"": 33, ""prob"": 0.00134}, {""clase_id"": 54, ""prob"": 0.00111}, {""clase_id"": 31, ""prob"": 0.00059}, {""clase_id"": 37, ""prob"": 0.00036}]"
100435,33,0.99055,"[{""clase_id"": 33, ""prob"": 0.99055}, {""clase_id"": 36, ""prob"": 0.00226}, {""clase_id"": 50, ""prob"": 0.00105}, {""clase_id"": 24, ""prob"": 0.00052}, {""clase_id"": 14, ""prob"": 0.00034}]"
100436,33,0.99183,"[{""clase_id"": 33, ""prob"": 0.99183}, {""clase_id"": 32, ""prob"": 0.00105}, {""clase_id"": 36, ""prob"": 0.00081}, {""clase_id"": 31, ""prob"": 0.00049}, {""clase_id"": 50, ""prob"": 0.00038}]"
100437,33,0.99081,"[{""clase_id"": 33, ""prob"": 0.99081}, {""clase_id"": 36, ""prob"": 0.00231}, {""clase_id"": 50, ""prob"": 0.00053}, {""clase_id"": 24, ""prob"": 0.00039}, {""clase_id"": 14, ""prob"": 0.00034}]"
100438,33,0.98744,"[{""clase_id"": 33, ""prob"": 0.98744}, {""clase_id"": 36, ""prob"": 0.00466}, {""clase_id"": 50, ""prob"": 0.00089}, {""clase_id"": 31, ""prob"": 0.00075}, {""clase_id"": 65, ""prob"": 0.00062}]"
100439,33,0.99051,"[{""clase_id"": 33, ""prob"": 0.99051}, {""clase_id"": 36, ""prob"": 0.00222}, {""clase_id"": 31, ""prob"": 0.0008}, {""clase_id"": 65, ""prob"": 0.00048}, {""clase_id"": 50, ""prob"": 0.0004}]"
100440,41,0.89511,"[{""clase_id"": 41, ""prob"": 0.89511}, {""clase_id"": 42, ""prob"": 0.04811}, {""clase_id"": 14, ""prob"": 0.00908}, {""clase_id"": 22, ""prob"": 0.00887}, {""clase_id"": 18, ""prob"": 0.00855}]"
100441,41,0.98228,"[{""clase_id"": 41, ""prob"": 0.98228}, {""clase_id"": 42, ""prob"": 0.00335}, {""clase_id"": 22, ""prob"": 0.00233}, {""clase_id"": 11, ""prob"": 0.00181}, {""clase_id"": 18, ""prob"": 0.0012}]"
100442,41,0.97601,"[{""clase_id"": 41, ""prob"": 0.97601}, {""clase_id"": 22, ""prob"": 0.00644}, {""clase_id"": 42, ""prob"": 0.00415}, {""clase_id"": 20, ""prob"": 0.00143}, {""clase_id"": 18, ""prob"": 0.00115}]"
100443,41,0.94513,"[{""clase_id"": 41, ""prob"": 0.94513}, {""clase_id"": 11, ""prob"": 0.0166}, {""clase_id"": 18, ""prob"": 0.00568}, {""clase_id"": 42, ""prob"": 0.00238}, {""clase_id"": 13, ""prob"": 0.00223}]"
100444,41,0.98144,"[{""clase_id"": 41, ""prob"": 0.98144}, {""clase_id"": 42, ""prob"": 0.00322}, {""clase_id"": 22, ""prob"": 0.0025}, {""clase_id"": 11, ""prob"": 0.00145}, {""clase_id"": 14, ""prob"": 0.00061}]"
100445,41,0.98352,"[{""clase_id"": 41, ""prob"": 0.98352}, {""clase_id"": 42, ""prob"": 0.00309}, {""clase_id"": 22, ""prob"": 0.00224}, {""clase_id"": 14, ""prob"": 0.00088}, {""clase_id"": 18, ""prob"": 0.00064}]"
100446,41,0.98494,"[{""clase_id"": 41, ""prob"": 0.98494}, {""clase_id"": 42, ""prob"": 0.00223}, {""clase_id"": 22, ""prob"": 0.00138}, {""clase_id"": 18, ""prob"": 0.00094}, {""clase_id"": 14, ""prob"": 0.0009}]"
100447,41,0.97913,"[{""clase_id"": 41, ""prob"": 0.97913}, {""clase_id"": 42, ""prob"": 0.0053}, {""clase_id"": 22, ""prob"": 0.00516}, {""clase_id"": 11, ""prob"": 0.0009}, {""clase_id"": 14, ""prob"": 0.00073}]"
100448,41,0.97698,"[{""clase_id"": 41, ""prob"": 0.97698}, {""clase_id"": 22, ""prob"": 0.00767}, {""clase_id"": 42, ""prob"": 0.00382}, {""clase_id"": 14, ""prob"": 0.0012}, {""clase_id"": 20, ""prob"": 0.00066}]"
100449,41,0.98364,"[{""clase_id"": 41, ""prob"": 0.98364}, {""clase_id"": 22, ""prob"": 0.0029}, {""clase_id"": 42, ""prob"": 0.00221}, {""clase_id"": 11, ""prob"": 0.0012}, {""clase_id"": 18, ""prob"": 0.00063}]"
100450,41,0.98245,"[{""clase_id"": 41, ""prob"": 0.98245}, {""clase_id"": 42, ""prob"": 0.00273}, {""clase_id"": 22, ""prob"": 0.00271}, {""clase_id"": 18, ""prob"": 0.00093}, {""clase_id"": 14, ""prob"": 0.00079}]"
100451,41,0.98387,"[{""clase_id"": 41, ""prob"": 0.98387}, {""clase_id"": 42, ""prob"": 0.00337}, {""clase_id"": 22, ""prob"": 0.00292}, {""clase_id"": 14, ""prob"": 0.00094}, {""clase_id"": 18, ""prob"": 0.00071}]"
100452,41,0.97396,"[{""clase_id"": 41, ""prob"": 0.97396}, {""clase_id"": 42, ""prob"": 0.00738}, {""clase_id"": 22, ""prob"": 0.00453}, {""clase_id"": 11, ""prob"": 0.00191}, {""clase_id"": 18, ""prob"": 0.00125}]"
100453,39,0.2877,"[{""clase_id"": 39, ""prob"": 0.2877}, {""clase_id"": 43, ""prob"": 0.13453}, {""clase_id"": 13, ""prob"": 0.05093}, {""clase_id"": 63, ""prob"": 0.04481}, {""clase_id"": 41, ""prob"": 0.03772}]"
100454,41,0.5955,"[{""clase_id"": 41, ""prob"": 0.59549}, {""clase_id"": 22, ""prob"": 0.33018}, {""clase_id"": 42, ""prob"": 0.01444}, {""clase_id"": 14, ""prob"": 0.00618}, {""clase_id"": 10, ""prob"": 0.0043}]"
100455,41,0.98134,"[{""clase_id"": 41, ""prob"": 0.98134}, {""clase_id"": 22, ""prob"": 0.00493}, {""clase_id"": 42, ""prob"": 0.00233}, {""clase_id"": 14, ""prob"": 0.00074}, {""clase_id"": 11, ""prob"": 0.0007}]"
100456,41,0.97927,"[{""clase_id"": 41, ""prob"": 0.97927}, {""clase_id"": 42, ""prob"": 0.00602}, {""clase_id"": 22, ""prob"": 0.00183}, {""clase_id"": 18, ""prob"": 0.00175}, {""clase_id"": 11, ""prob"": 0.00097}]"
100457,41,0.97076,"[{""clase_id"": 41, ""prob"": 0.97076}, {""clase_id"": 11, ""prob"": 0.0095}, {""clase_id"": 18, ""prob"": 0.00269}, {""clase_id"": 42, ""prob"": 0.00197}, {""clase_id"": 22, ""prob"": 0.00123}]"
100458,41,0.98369,"[{""clase_id"": 41, ""prob"": 0.98369}, {""clase_id"": 42, ""prob"": 0.00359}, {""clase_id"": 22, ""prob"": 0.00186}, {""clase_id"": 11, ""prob"": 0.00105}, {""clase_id"": 14, ""prob"": 0.00079}]"
100459,41,0.98326,"[{""clase_id"": 41, ""prob"": 0.98326}, {""clase_id"": 42, ""prob"": 0.00249}, {""clase_id"": 11, ""prob"": 0.00157}, {""clase_id"": 22, ""prob"": 0.00156}, {""clase_id"": 18, ""prob"": 0.00107}]"
100460,41,0.97668,"[{""clase_id"": 41, ""prob"": 0.97668}, {""clase_id"": 42, ""prob"": 0.00751}, {""clase_id"": 22, ""prob"": 0.00445}, {""clase_id"": 18, ""prob"": 0.00128}, {""clase_id"": 14, ""prob"": 0.00085}]"
100461,41,0.7676,"[{""clase_id"": 41, ""prob"": 0.7676}, {""clase_id"": 22, ""prob"": 0.10057}, {""clase_id"": 42, ""prob"": 0.0321}, {""clase_id"": 20, ""prob"": 0.01422}, {""clase_id"": 3, ""prob"": 0.01154}]"
100462,22,0.61545,"[{""clase_id"": 22, ""prob"": 0.61545}, {""clase_id"": 41, ""prob"": 0.32857}, {""clase_id"": 42, ""prob"": 0.0107}, {""clase_id"": 13, ""prob"": 0.00459}, {""clase_id"": 11, ""prob"": 0.0032}]"
100463,41,0.98102,"[{""clase_id"": 41, ""prob"": 0.98102}, {""clase_id"": 22, ""prob"": 0.00485}, {""clase_id"": 42, ""prob"": 0.0029}, {""clase_id"": 11, ""prob"": 0.00076}, {""clase_id"": 18, ""prob"": 0.00071}]"
100464,41,0.97585,"[{""clase_id"": 41, ""prob"": 0.97585}, {""clase_id"": 11, ""prob"": 0.00649}, {""clase_id"": 22, ""prob"": 0.00215}, {""clase_id"": 42, ""prob"": 0.00214}, {""clase_id"": 39, ""prob"": 0.00087}]"
100465,41,0.95438,"[{""clase_id"": 41, ""prob"": 0.95438}, {""clase_id"": 22, ""prob"": 0.01517}, {""clase_id"": 42, ""prob"": 0.00941}, {""clase_id"": 11, ""prob"": 0.00183}, {""clase_id"": 18, ""prob"": 0.0016}]"
100466,41,0.98281,"[{""clase_id"": 41, ""prob"": 0.98281}, {""clase_id"": 22, ""prob"": 0.00275}, {""clase_id"": 42, ""prob"": 0.00198}, {""clase_id"": 11, ""prob"": 0.00153}, {""clase_id"": 39, ""prob"": 0.00072}]"
100467,41,0.91733,"[{""clase_id"": 41, ""prob"": 0.91733}, {""clase_id"": 18, ""prob"": 0.04486}, {""clase_id"": 42, ""prob"": 0.00737}, {""clase_id"": 14, ""prob"": 0.0043}, {""clase_id"": 22, ""prob"": 0.00249}]"
100468,41,0.97919,"[{""clase_id"": 41, ""prob"": 0.97919}, {""clase_id"": 42, ""prob"": 0.00448}, {""clase_id"": 22, ""prob"": 0.00268}, {""clase_id"": 11, ""prob"": 0.00196}, {""clase_id"": 18, ""prob"": 0.00136}]"
100469,41,0.95143,"[{""clase_id"": 41, ""prob"": 0.95143}, {""clase_id"": 22, ""prob"": 0.02893}, {""clase_id"": 42, ""prob"": 0.00376}, {""clase_id"": 14, ""prob"": 0.00172}, {""clase_id"": 20, ""prob"": 0.00157}]"
100470,41,0.98471,"[{""clase_id"": 41, ""prob"": 0.98471}, {""clase_id"": 42, ""prob"": 0.00244}, {""clase_id"": 22, ""prob"": 0.00168}, {""clase_id"": 11, ""prob"": 0.00135}, {""clase_id"": 18, ""prob"": 0.00087}]"
100471,41,0.98102,"[{""clase_id"": 41, ""prob"": 0.98102}, {""clase_id"": 42, ""prob"": 0.00265}, {""clase_id"": 22, ""prob"": 0.00241}, {""clase_id"": 11, ""prob"": 0.00183}, {""clase_id"": 39, ""prob"": 0.00065}]"
100472,41,0.94208,"[{""clase_id"": 41, ""prob"": 0.94208}, {""clase_id"": 22, ""prob"": 0.0255}, {""clase_id"": 42, ""prob"": 0.00763}, {""clase_id"": 14, ""prob"": 0.00315}, {""clase_id"": 20, ""prob"": 0.00247}]"
100473,41,0.46463,"[{""clase_id"": 41, ""prob"": 0.46463}, {""clase_id"": 22, ""prob"": 0.45239}, {""clase_id"": 42, ""prob"": 0.02706}, {""clase_id"": 20, ""prob"": 0.00988}, {""clase_id"": 62, ""prob"": 0.00238}]"
100474,41,0.98219,"[{""clase_id"": 41, ""prob"": 0.98219}, {""clase_id"": 22, ""prob"": 0.00407}, {""clase_id"": 42, ""prob"": 0.00234}, {""clase_id"": 11, ""prob"": 0.00088}, {""clase_id"": 43, ""prob"": 0.00074}]"
100475,41,0.94014,"[{""clase_id"": 41, ""prob"": 0.94014}, {""clase_id"": 22, ""prob"": 0.03839}, {""clase_id"": 42, ""prob"": 0.00568}, {""clase_id"": 14, ""prob"": 0.00119}, {""clase_id"": 20, ""prob"": 0.00091}]"
100476,41,0.82219,"[{""clase_id"": 41, ""prob"": 0.82219}, {""clase_id"": 22, ""prob"": 0.04005}, {""clase_id"": 11, ""prob"": 0.02821}, {""clase_id"": 62, ""prob"": 0.01185}, {""clase_id"": 18, ""prob"": 0.00754}]"
100477,41,0.95867,"[{""clase_id"": 41, ""prob"": 0.95867}, {""clase_id"": 11, ""prob"": 0.01792}, {""clase_id"": 18, ""prob"": 0.00215}, {""clase_id"": 43, ""prob"": 0.002}, {""clase_id"": 22, ""prob"": 0.0016}]"
100478,41,0.97946,"[{""clase_id"": 41, ""prob"": 0.97946}, {""clase_id"": 42, ""prob"": 0.00649}, {""clase_id"": 22, ""prob"": 0.00303}, {""clase_id"": 18, ""prob"": 0.00113}, {""clase_id"": 14, ""prob"": 0.00091}]"
100479,41,0.97469,"[{""clase_id"": 41, ""prob"": 0.97469}, {""clase_id"": 42, ""prob"": 0.01056}, {""clase_id"": 22, ""prob"": 0.00264}, {""clase_id"": 14, ""prob"": 0.00114}, {""clase_id"": 18, ""prob"": 0.00109}]"
100480,1,0.99203,"[{""clase_id"": 1, ""prob"": 0.99203}, {""clase_id"": 74, ""prob"": 0.00054}, {""clase_id"": 58, ""prob"": 0.00045}, {""clase_id"": 65, ""prob"": 0.00042}, {""clase_id"": 34, ""prob"": 0.00037}]"
100481,1,0.9927,"[{""clase_id"": 1, ""prob"": 0.9927}, {""clase_id"": 65, ""prob"": 0.00047}, {""clase_id"": 74, ""prob"": 0.00036}, {""clase_id"": 58, ""prob"": 0.00036}, {""clase_id"": 69, ""prob"": 0.00028}]"
100482,1,0.99372,"[{""clase_id"": 1, ""prob"": 0.99372}, {""clase_id"": 74, ""prob"": 0.0003}, {""clase_id"": 34, ""prob"": 0.00027}, {""clase_id"": 69, ""prob"": 0.00024}, {""clase_id"": 47, ""prob"": 0.00019}]"
100483,1,0.99422,"[{""clase_id"": 1, ""prob"": 0.99422}, {""clase_id"": 34, ""prob"": 0.00022}, {""clase_id"": 74, ""prob"": 0.00019}, {""clase_id"": 42, ""prob"": 0.00018}, {""clase_id"": 69, ""prob"": 0.00018}]"
100484,1,0.99374,"[{""clase_id"": 1, ""prob"": 0.99374}, {""clase_id"": 74, ""prob"": 0.0003}, {""clase_id"": 34, ""prob"": 0.00026}, {""clase_id"": 69, ""prob"": 0.00024}, {""clase_id"": 47, ""prob"": 0.00019}]"
100485,1,0.9937,"[{""clase_id"": 1, ""prob"": 0.9937}, {""clase_id"": 34, ""prob"": 0.00026}, {""clase_id"": 65, ""prob"": 0.00021}, {""clase_id"": 76, ""prob"": 0.00019}, {""clase_id"": 19, ""prob"": 0.00018}]"
100486,1,0.99425,"[{""clase_id"": 1, ""prob"": 0.99425}, {""clase_id"": 74, ""prob"": 0.00024}, {""clase_id"": 34, ""prob"": 0.00022}, {""clase_id"": 69, ""prob"": 0.00018}, {""clase_id"": 12, ""prob"": 0.00018}]"
100487,1,0.99399,"[{""clase_id"": 1, ""prob"": 0.99399}, {""clase_id"": 69, ""prob"": 0.00024}, {""clase_id"": 74, ""prob"": 0.00023}, {""clase_id"": 65, ""prob"": 0.00023}, {""clase_id"": 76, ""prob"": 0.00017}]"
100488,1,0.99306,"[{""clase_id"": 1, ""prob"": 0.99306}, {""clase_id"": 74, ""prob"": 0.00039}, {""clase_id"": 69, ""prob"": 0.00038}, {""clase_id"": 34, ""prob"": 0.00025}, {""clase_id"": 47, ""prob"": 0.00023}]"
100489,1,0.99262,"[{""clase_id"": 1, ""prob"": 0.99262}, {""clase_id"": 34, ""prob"": 0.00034}, {""clase_id"": 39, ""prob"": 0.00032}, {""clase_id"": 47, ""prob"": 0.00028}, {""clase_id"": 76, ""prob"": 0.00024}]"
100490,1,0.99409,"[{""clase_id"": 1, ""prob"": 0.99409}, {""clase_id"": 74, ""prob"": 0.00029}, {""clase_id"": 69, ""prob"": 0.00024}, {""clase_id"": 65, ""prob"": 0.00024}, {""clase_id"": 34, ""prob"": 0.0002}]"
100491,1,0.99386,"[{""clase_id"": 1, ""prob"": 0.99386}, {""clase_id"": 34, ""prob"": 0.00026}, {""clase_id"": 74, ""prob"": 0.00023}, {""clase_id"": 12, ""prob"": 0.0002}, {""clase_id"": 69, ""prob"": 0.00018}]"
100492,1,0.99143,"[{""clase_id"": 1, ""prob"": 0.99143}, {""clase_id"": 65, ""prob"": 0.00058}, {""clase_id"": 74, ""prob"": 0.00054}, {""clase_id"": 69, ""prob"": 0.00041}, {""clase_id"": 34, ""prob"": 0.00029}]"
100493,1,0.9946,"[{""clase_id"": 1, ""prob"": 0.9946}, {""clase_id"": 34, ""prob"": 0.00024}, {""clase_id"": 42, ""prob"": 0.00017}, {""clase_id"": 74, ""prob"": 0.00016}, {""clase_id"": 47, ""prob"": 0.00015}]"
100494,1,0.99355,"[{""clase_id"": 1, ""prob"": 0.99355}, {""clase_id"": 69, ""prob"": 0.00033}, {""clase_id"": 74, ""prob"": 0.00029}, {""clase_id"": 65, ""prob"": 0.00023}, {""clase_id"": 34, ""prob"": 0.00022}]"
100495,1,0.99436,"[{""clase_id"": 1, ""prob"": 0.99436}, {""clase_id"": 34, ""prob"": 0.0002}, {""clase_id"": 74, ""prob"": 0.00019}, {""clase_id"": 42, ""prob"": 0.00016}, {""clase_id"": 30, ""prob"": 0.00016}]"
100496,1,0.98734,"[{""clase_id"": 1, ""prob"": 0.98734}, {""clase_id"": 65, ""prob"": 0.00119}, {""clase_id"": 30, ""prob"": 0.00059}, {""clase_id"": 76, ""prob"": 0.00051}, {""clase_id"": 29, ""prob"": 0.00039}]"
100497,1,0.99374,"[{""clase_id"": 1, ""prob"": 0.99374}, {""clase_id"": 74, ""prob"": 0.00035}, {""clase_id"": 69, ""prob"": 0.00028}, {""clase_id"": 34, ""prob"": 0.00024}, {""clase_id"": 65, ""prob"": 0.00023}]"
100498,1,0.98853,"[{""clase_id"": 1, ""prob"": 0.98853}, {""clase_id"": 65, ""prob"": 0.00095}, {""clase_id"": 58, ""prob"": 0.00056}, {""clase_id"": 19, ""prob"": 0.0004}, {""clase_id"": 4, ""prob"": 0.00039}]"
100499,1,0.99393,"[{""clase_id"": 1, ""prob"": 0.99393}, {""clase_id"": 34, ""prob"": 0.00029}, {""clase_id"": 12, ""prob"": 0.00022}, {""clase_id"": 47, ""prob"": 0.0002}, {""clase_id"": 74, ""prob"": 0.00019}]"
100500,1,0.97842,"[{""clase_id"": 1, ""prob"": 0.97842}, {""clase_id"": 65, ""prob"": 0.00668}, {""clase_id"": 58, ""prob"": 0.00105}, {""clase_id"": 76, ""prob"": 0.00071}, {""clase_id"": 30, ""prob"": 0.00061}]"
100501,1,0.99383,"[{""clase_id"": 1, ""prob"": 0.99383}, {""clase_id"": 74, ""prob"": 0.00037}, {""clase_id"": 69, ""prob"": 0.00029}, {""clase_id"": 65, ""prob"": 0.00025}, {""clase_id"": 34, ""prob"": 0.00022}]"
100502,1,0.99395,"[{""clase_id"": 1, ""prob"": 0.99395}, {""clase_id"": 74, ""prob"": 0.00029}, {""clase_id"": 69, ""prob"": 0.00026}, {""clase_id"": 65, ""prob"": 0.00025}, {""clase_id"": 34, ""prob"": 0.00019}]"
100503,1,0.99417,"[{""clase_id"": 1, ""prob"": 0.99417}, {""clase_id"": 34, ""prob"": 0.00025}, {""clase_id"": 65, ""prob"": 0.00017}, {""clase_id"": 47, ""prob"": 0.00016}, {""clase_id"": 39, ""prob"": 0.00016}]"
100504,1,0.99308,"[{""clase_id"": 1, ""prob"": 0.99308}, {""clase_id"": 34, ""prob"": 0.00032}, {""clase_id"": 47, ""prob"": 0.0003}, {""clase_id"": 58, ""prob"": 0.00027}, {""clase_id"": 39, ""prob"": 0.00019}]"
100505,1,0.99454,"[{""clase_id"": 1, ""prob"": 0.99454}, {""clase_id"": 34, ""prob"": 0.00024}, {""clase_id"": 42, ""prob"": 0.00017}, {""clase_id"": 74, ""prob"": 0.00017}, {""clase_id"": 65, ""prob"": 0.00016}]"
100506,1,0.99441,"[{""clase_id"": 1, ""prob"": 0.99441}, {""clase_id"": 12, ""prob"": 0.0002}, {""clase_id"": 74, ""prob"": 0.0002}, {""clase_id"": 34, ""prob"": 0.00018}, {""clase_id"": 47, ""prob"": 0.00017}]"
100507,1,0.99368,"[{""clase_id"": 1, ""prob"": 0.99368}, {""clase_id"": 74, ""prob"": 0.00035}, {""clase_id"": 69, ""prob"": 0.00028}, {""clase_id"": 65, ""prob"": 0.00024}, {""clase_id"": 34, ""prob"": 0.00024}]"
100508,1,0.99434,"[{""clase_id"": 1, ""prob"": 0.99434}, {""clase_id"": 74, ""prob"": 0.0002}, {""clase_id"": 65, ""prob"": 0.00019}, {""clase_id"": 34, ""prob"": 0.00019}, {""clase_id"": 12, ""prob"": 0.00017}]"
100509,1,0.99291,"[{""clase_id"": 1, ""prob"": 0.99291}, {""clase_id"": 69, ""prob"": 0.00053}, {""clase_id"": 74, ""prob"": 0.00038}, {""clase_id"": 65, ""prob"": 0.0003}, {""clase_id"": 30, ""prob"": 0.00018}]"
100510,1,0.99411,"[{""clase_id"": 1, ""prob"": 0.99411}, {""clase_id"": 34, ""prob"": 0.00028}, {""clase_id"": 65, ""prob"": 0.00019}, {""clase_id"": 30, ""prob"": 0.00019}, {""clase_id"": 19, ""prob"": 0.00018}]"
100511,1,0.99369,"[{""clase_id"": 1, ""prob"": 0.99369}, {""clase_id"": 74, ""prob"": 0.00037}, {""clase_id"": 69, ""prob"": 0.00031}, {""clase_id"": 65, ""prob"": 0.00023}, {""clase_id"": 34, ""prob"": 0.00022}]"
100512,1,0.99219,"[{""clase_id"": 1, ""prob"": 0.99219}, {""clase_id"": 69, ""prob"": 0.00045}, {""clase_id"": 74, ""prob"": 0.00032}, {""clase_id"": 65, ""prob"": 0.00023}, {""clase_id"": 30, ""prob"": 0.00021}]"
100513,1,0.99428,"[{""clase_id"": 1, ""prob"": 0.99428}, {""clase_id"": 34, ""prob"": 0.00024}, {""clase_id"": 47, ""prob"": 0.0002}, {""clase_id"": 74, ""prob"": 0.00019}, {""clase_id"": 12, ""prob"": 0.00018}]"
100514,1,0.99437,"[{""clase_id"": 1, ""prob"": 0.99437}, {""clase_id"": 34, ""prob"": 0.00021}, {""clase_id"": 74, ""prob"": 0.00021}, {""clase_id"": 47, ""prob"": 0.00019}, {""clase_id"": 12, ""prob"": 0.00018}]"
100515,1,0.99433,"[{""clase_id"": 1, ""prob"": 0.99433}, {""clase_id"": 34, ""prob"": 0.00022}, {""clase_id"": 74, ""prob"": 0.00022}, {""clase_id"": 69, ""prob"": 0.00018}, {""clase_id"": 47, ""prob"": 0.00017}]"
100516,1,0.99435,"[{""clase_id"": 1, ""prob"": 0.99435}, {""clase_id"": 34, ""prob"": 0.00022}, {""clase_id"": 74, ""prob"": 0.00021}, {""clase_id"": 47, ""prob"": 0.00019}, {""clase_id"": 69, ""prob"": 0.00016}]"
100517,1,0.99377,"[{""clase_id"": 1, ""prob"": 0.99377}, {""clase_id"": 74, ""prob"": 0.00037}, {""clase_id"": 69, ""prob"": 0.00032}, {""clase_id"": 65, ""prob"": 0.00021}, {""clase_id"": 34, ""prob"": 0.00018}]"
100518,1,0.99373,"[{""clase_id"": 1, ""prob"": 0.99373}, {""clase_id"": 69, ""prob"": 0.00027}, {""clase_id"": 74, ""prob"": 0.00026}, {""clase_id"": 47, ""prob"": 0.00024}, {""clase_id"": 34, ""prob"": 0.00023}]"
100519,1,0.99236,"[{""clase_id"": 1, ""prob"": 0.99236}, {""clase_id"": 65, ""prob"": 0.00064}, {""clase_id"": 34, ""prob"": 0.00034}, {""clase_id"": 58, ""prob"": 0.00034}, {""clase_id"": 74, ""prob"": 0.00031}]"
100520,49,0.98882,"[{""clase_id"": 49, ""prob"": 0.98882}, {""clase_id"": 0, ""prob"": 0.00184}, {""clase_id"": 21, ""prob"": 0.00172}, {""clase_id"": 14, ""prob"": 0.00097}, {""clase_id"": 38, ""prob"": 0.0006}]"
100521,38,0.98663,"[{""clase_id"": 38, ""prob"": 0.98663}, {""clase_id"": 49, ""prob"": 0.00572}, {""clase_id"": 21, ""prob"": 0.00101}, {""clase_id"": 3, ""prob"": 0.00041}, {""clase_id"": 70, ""prob"": 0.00033}]"
100522,21,0.75695,"[{""clase_id"": 21, ""prob"": 0.75695}, {""clase_id"": 49, ""prob"": 0.20849}, {""clase_id"": 38, ""prob"": 0.00316}, {""clase_id"": 14, ""prob"": 0.00222}, {""clase_id"": 8, ""prob"": 0.00197}]"
100523,49,0.98906,"[{""clase_id"": 49, ""prob"": 0.98906}, {""clase_id"": 21, ""prob"": 0.00289}, {""clase_id"": 14, ""prob"": 0.00092}, {""clase_id"": 38, ""prob"": 0.00054}, {""clase_id"": 8, ""prob"": 0.00049}]"
100524,49,0.99176,"[{""clase_id"": 49, ""prob"": 0.99176}, {""clase_id"": 14, ""prob"": 0.00085}, {""clase_id"": 21, ""prob"": 0.00075}, {""clase_id"": 38, ""prob"": 0.00046}, {""clase_id"": 0, ""prob"": 0.0004}]"
100525,49,0.96489,"[{""clase_id"": 49, ""prob"": 0.96489}, {""clase_id"": 8, ""prob"": 0.00782}, {""clase_id"": 23, ""prob"": 0.00313}, {""clase_id"": 14, ""prob"": 0.00205}, {""clase_id"": 7, ""prob"": 0.00124}]"
100526,49,0.91428,"[{""clase_id"": 49, ""prob"": 0.91428}, {""clase_id"": 14, ""prob"": 0.05459}, {""clase_id"": 0, ""prob"": 0.00342}, {""clase_id"": 8, ""prob"": 0.00181}, {""clase_id"": 42, ""prob"": 0.00175}]"
100527,49,0.71766,"[{""clase_id"": 49, ""prob"": 0.71766}, {""clase_id"": 21, ""prob"": 0.2404}, {""clase_id"": 14, ""prob"": 0.01101}, {""clase_id"": 8, ""prob"": 0.00174}, {""clase_id"": 33, ""prob"": 0.00151}]"
100528,49,0.99033,"[{""clase_id"": 49, ""prob"": 0.99033}, {""clase_id"": 0, ""prob"": 0.00064}, {""clase_id"": 38, ""prob"": 0.00063}, {""clase_id"": 21, ""prob"": 0.00063}, {""clase_id"": 8, ""prob"": 0.0006}]"
100529,49,0.98975,"[{""clase_id"": 49, ""prob"": 0.98975}, {""clase_id"": 21, ""prob"": 0.0012}, {""clase_id"": 14, ""prob"": 0.00113}, {""clase_id"": 26, ""prob"": 0.00063}, {""clase_id"": 0, ""prob"": 0.0006}]"
100530,49,0.98797,"[{""clase_id"": 49, ""prob"": 0.98797}, {""clase_id"": 38, ""prob"": 0.00174}, {""clase_id"": 21, ""prob"": 0.00153}, {""clase_id"": 14, ""prob"": 0.00098}, {""clase_id"": 26, ""prob"": 0.00087}]"
100531,49,0.99001,"[{""clase_id"": 49, ""prob"": 0.99001}, {""clase_id"": 21, ""prob"": 0.00171}, {""clase_id"": 38, ""prob"": 0.00091}, {""clase_id"": 14, ""prob"": 0.00068}, {""clase_id"": 8, ""prob"": 0.00053}]"
100532,49,0.98224,"[{""clase_id"": 49, ""prob"": 0.98224}, {""clase_id"": 21, ""prob"": 0.004}, {""clase_id"": 14, ""prob"": 0.00249}, {""clase_id"": 38, ""prob"": 0.00089}, {""clase_id"": 8, ""prob"": 0.00059}]"
100533,49,0.99226,"[{""clase_id"": 49, ""prob"": 0.99226}, {""clase_id"": 14, ""prob"": 0.00105}, {""clase_id"": 38, ""prob"": 0.00059}, {""clase_id"": 21, ""prob"": 0.00045}, {""clase_id"": 0, ""prob"": 0.00039}]"
100534,49,0.94698,"[{""clase_id"": 49, ""prob"": 0.94698}, {""clase_id"": 14, ""prob"": 0.03293}, {""clase_id"": 21, ""prob"": 0.00193}, {""clase_id"": 23, ""prob"": 0.00101}, {""clase_id"": 38, ""prob"": 0.00094}]"
100535,49,0.99057,"[{""clase_id"": 49, ""prob"": 0.99057}, {""clase_id"": 21, ""prob"": 0.00142}, {""clase_id"": 0, ""prob"": 0.00096}, {""clase_id"": 38, ""prob"": 0.00073}, {""clase_id"": 14, ""prob"": 0.00066}]"
100536,49,0.99094,"[{""clase_id"": 49, ""prob"": 0.99094}, {""clase_id"": 14, ""prob"": 0.0019}, {""clase_id"": 38, ""prob"": 0.00061}, {""clase_id"": 0, ""prob"": 0.00056}, {""clase_id"": 21, ""prob"": 0.00055}]"
100537,49,0.94695,"[{""clase_id"": 49, ""prob"": 0.94695}, {""clase_id"": 38, ""prob"": 0.01442}, {""clase_id"": 21, ""prob"": 0.00721}, {""clase_id"": 14, ""prob"": 0.00711}, {""clase_id"": 8, ""prob"": 0.00161}]"
100538,49,0.98746,"[{""clase_id"": 49, ""prob"": 0.98746}, {""clase_id"": 14, ""prob"": 0.00245}, {""clase_id"": 0, ""prob"": 0.00084}, {""clase_id"": 23, ""prob"": 0.00057}, {""clase_id"": 8, ""prob"": 0.0005}]"
100539,49,0.9739,"[{""clase_id"": 49, ""prob"": 0.9739}, {""clase_id"": 21, ""prob"": 0.00804}, {""clase_id"": 14, ""prob"": 0.00324}, {""clase_id"": 26, ""prob"": 0.00189}, {""clase_id"": 38, ""prob"": 0.00118}]"
100540,49,0.97674,"[{""clase_id"": 49, ""prob"": 0.97674}, {""clase_id"": 21, ""prob"": 0.00509}, {""clase_id"": 14, ""prob"": 0.00345}, {""clase_id"": 26, ""prob"": 0.00177}, {""clase_id"": 0, ""prob"": 0.00139}]"
100541,49,0.98827,"[{""clase_id"": 49, ""prob"": 0.98827}, {""clase_id"": 21, ""prob"": 0.00192}, {""clase_id"": 14, ""prob"": 0.00192}, {""clase_id"": 8, ""prob"": 0.00069}, {""clase_id"": 38, ""prob"": 0.00065}]"
100542,49,0.62001,"[{""clase_id"": 49, ""prob"": 0.62001}, {""clase_id"": 44, ""prob"": 0.19282}, {""clase_id"": 22, ""prob"": 0.0191}, {""clase_id"": 8, ""prob"": 0.01695}, {""clase_id"": 42, ""prob"": 0.01676}]"
100543,49,0.9724,"[{""clase_id"": 49, ""prob"": 0.9724}, {""clase_id"": 0, ""prob"": 0.00579}, {""clase_id"": 14, ""prob"": 0.00417}, {""clase_id"": 8, ""prob"": 0.00099}, {""clase_id"": 23, ""prob"": 0.00088}]"
100544,49,0.99251,"[{""clase_id"": 49, ""prob"": 0.99251}, {""clase_id"": 21, ""prob"": 0.0008}, {""clase_id"": 14, ""prob"": 0.00079}, {""clase_id"": 38, ""prob"": 0.00056}, {""clase_id"": 0, ""prob"": 0.0004}]"
100545,49,0.99122,"[{""clase_id"": 49, ""prob"": 0.99122}, {""clase_id"": 0, ""prob"": 0.00073}, {""clase_id"": 14, ""prob"": 0.0007}, {""clase_id"": 8, ""prob"": 0.00056}, {""clase_id"": 38, ""prob"": 0.00044}]"
100546,49,0.99106,"[{""clase_id"": 49, ""prob"": 0.99106}, {""clase_id"": 14, ""prob"": 0.00088}, {""clase_id"": 8, ""prob"": 0.00059}, {""clase_id"": 0, ""prob"": 0.00053}, {""clase_id"": 44, ""prob"": 0.00052}]"
100547,49,0.99152,"[{""clase_id"": 49, ""prob"": 0.99152}, {""clase_id"": 14, ""prob"": 0.00107}, {""clase_id"": 21, ""prob"": 0.00053}, {""clase_id"": 38, ""prob"": 0.00045}, {""clase_id"": 8, ""prob"": 0.0004}]"
100548,49,0.99075,"[{""clase_id"": 49, ""prob"": 0.99075}, {""clase_id"": 14, ""prob"": 0.00128}, {""clase_id"": 21, ""prob"": 0.00115}, {""clase_id"": 8, ""prob"": 0.00045}, {""clase_id"": 38, ""prob"": 0.00045}]"
100549,49,0.99262,"[{""clase_id"": 49, ""prob"": 0.99262}, {""clase_id"": 14, ""prob"": 0.00083}, {""clase_id"": 21, ""prob"": 0.00067}, {""clase_id"": 38, ""prob"": 0.00065}, {""clase_id"": 0, ""prob"": 0.00041}]"
100550,49,0.99205,"[{""clase_id"": 49, ""prob"": 0.99205}, {""clase_id"": 14, ""prob"": 0.00098}, {""clase_id"": 21, ""prob"": 0.00056}, {""clase_id"": 38, ""prob"": 0.0005}, {""clase_id"": 0, ""prob"": 0.00039}]"
100551,21,0.76936,"[{""clase_id"": 21, ""prob"": 0.76936}, {""clase_id"": 49, ""prob"": 0.10132}, {""clase_id"": 38, ""prob"": 0.07529}, {""clase_id"": 13, ""prob"": 0.01053}, {""clase_id"": 44, ""prob"": 0.00358}]"
100552,21,0.97015,"[{""clase_id"": 21, ""prob"": 0.97015}, {""clase_id"": 49, ""prob"": 0.02014}, {""clase_id"": 38, ""prob"": 0.00079}, {""clase_id"": 17, ""prob"": 0.00052}, {""clase_id"": 14, ""prob"": 0.00047}]"
100553,49,0.99128,"[{""clase_id"": 49, ""prob"": 0.99128}, {""clase_id"": 21, ""prob"": 0.00188}, {""clase_id"": 38, ""prob"": 0.0008}, {""clase_id"": 14, ""prob"": 0.00054}, {""clase_id"": 0, ""prob"": 0.00041}]"
100554,49,0.99202,"[{""clase_id"": 49, ""prob"": 0.99202}, {""clase_id"": 21, ""prob"": 0.00091}, {""clase_id"": 14, ""prob"": 0.00065}, {""clase_id"": 38, ""prob"": 0.00057}, {""clase_id"": 0, ""prob"": 0.00048}]"
100555,14,0.95492,"[{""clase_id"": 14, ""prob"": 0.95492}, {""clase_id"": 41, ""prob"": 0.01176}, {""clase_id"": 18, ""prob"": 0.00482}, {""clase_id"": 43, ""prob"": 0.00232}, {""clase_id"": 23, ""prob"": 0.00175}]"
100556,49,0.92055,"[{""clase_id"": 49, ""prob"": 0.92055}, {""clase_id"": 21, ""prob"": 0.03773}, {""clase_id"": 38, ""prob"": 0.02478}, {""clase_id"": 44, ""prob"": 0.0022}, {""clase_id"": 0, ""prob"": 0.00204}]"
100557,49,0.99228,"[{""clase_id"": 49, ""prob"": 0.99228}, {""clase_id"": 14, ""prob"": 0.00068}, {""clase_id"": 21, ""prob"": 0.00061}, {""clase_id"": 38, ""prob"": 0.0005}, {""clase_id"": 8, ""prob"": 0.00041}]"
100558,49,0.98605,"[{""clase_id"": 49, ""prob"": 0.98605}, {""clase_id"": 14, ""prob"": 0.00377}, {""clase_id"": 21, ""prob"": 0.00194}, {""clase_id"": 38, ""prob"": 0.00064}, {""clase_id"": 0, ""prob"": 0.00058}]"
100559,49,0.9912,"[{""clase_id"": 49, ""prob"": 0.9912}, {""clase_id"": 14, ""prob"": 0.001}, {""clase_id"": 21, ""prob"": 0.00081}, {""clase_id"": 0, ""prob"": 0.00058}, {""clase_id"": 38, ""prob"": 0.00039}]"
100560,23,0.97125,"[{""clase_id"": 23, ""prob"": 0.97125}, {""clase_id"": 29, ""prob"": 0.00378}, {""clase_id"": 42, ""prob"": 0.00162}, {""clase_id"": 8, ""prob"": 0.00131}, {""clase_id"": 63, ""prob"": 0.00099}]"
100561,23,0.81057,"[{""clase_id"": 23, ""prob"": 0.81057}, {""clase_id"": 29, ""prob"": 0.02291}, {""clase_id"": 1, ""prob"": 0.01248}, {""clase_id"": 63, ""prob"": 0.00943}, {""clase_id"": 72, ""prob"": 0.00866}]"
100562,0,0.76605,"[{""clase_id"": 0, ""prob"": 0.76605}, {""clase_id"": 9, ""prob"": 0.04804}, {""clase_id"": 69, ""prob"": 0.01957}, {""clase_id"": 23, ""prob"": 0.01346}, {""clase_id"": 30, ""prob"": 0.01292}]"
100563,23,0.97164,"[{""clase_id"": 23, ""prob"": 0.97164}, {""clase_id"": 29, ""prob"": 0.0041}, {""clase_id"": 42, ""prob"": 0.00158}, {""clase_id"": 8, ""prob"": 0.00107}, {""clase_id"": 63, ""prob"": 0.00088}]"
100564,23,0.97405,"[{""clase_id"": 23, ""prob"": 0.97405}, {""clase_id"": 29, ""prob"": 0.00303}, {""clase_id"": 42, ""prob"": 0.00145}, {""clase_id"": 63, ""prob"": 0.00088}, {""clase_id"": 8, ""prob"": 0.00083}]"
100565,23,0.97429,"[{""clase_id"": 23, ""prob"": 0.97429}, {""clase_id"": 29, ""prob"": 0.0025}, {""clase_id"": 42, ""prob"": 0.00187}, {""clase_id"": 63, ""prob"": 0.00087}, {""clase_id"": 8, ""prob"": 0.00087}]"
100566,23,0.973,"[{""clase_id"": 23, ""prob"": 0.973}, {""clase_id"": 29, ""prob"": 0.0028}, {""clase_id"": 42, ""prob"": 0.00176}, {""clase_id"": 63, ""prob"": 0.00103}, {""clase_id"": 8, ""prob"": 0.00101}]"
100567,23,0.97428,"[{""clase_id"": 23, ""prob"": 0.97428}, {""clase_id"": 29, ""prob"": 0.0024}, {""clase_id"": 42, ""prob"": 0.00138}, {""clase_id"": 68, ""prob"": 0.00097}, {""clase_id"": 8, ""prob"": 0.00082}]"
100568,23,0.97401,"[{""clase_id"": 23, ""prob"": 0.97401}, {""clase_id"": 29, ""prob"": 0.00196}, {""clase_id"": 42, ""prob"": 0.00151}, {""clase_id"": 8, ""prob"": 0.00124}, {""clase_id"": 63, ""prob"": 0.00096}]"
100569,23,0.97433,"[{""clase_id"": 23, ""prob"": 0.97433}, {""clase_id"": 29, ""prob"": 0.00263}, {""clase_id"": 42, ""prob"": 0.0016}, {""clase_id"": 63, ""prob"": 0.00087}, {""clase_id"": 13, ""prob"": 0.00084}]"
100570,23,0.97162,"[{""clase_id"": 23, ""prob"": 0.97162}, {""clase_id"": 29, ""prob"": 0.00308}, {""clase_id"": 42, ""prob"": 0.00152}, {""clase_id"": 8, ""prob"": 0.00124}, {""clase_id"": 68, ""prob"": 0.00098}]"
100571,23,0.97062,"[{""clase_id"": 23, ""prob"": 0.97062}, {""clase_id"": 29, ""prob"": 0.00372}, {""clase_id"": 42, ""prob"": 0.00166}, {""clase_id"": 8, ""prob"": 0.00129}, {""clase_id"": 49, ""prob"": 0.00092}]"
100572,23,0.96565,"[{""clase_id"": 23, ""prob"": 0.96565}, {""clase_id"": 29, ""prob"": 0.00304}, {""clase_id"": 42, ""prob"": 0.00196}, {""clase_id"": 63, ""prob"": 0.00153}, {""clase_id"": 11, ""prob"": 0.00124}]"
100573,23,0.97329,"[{""clase_id"": 23, ""prob"": 0.97329}, {""clase_id"": 29, ""prob"": 0.00199}, {""clase_id"": 42, ""prob"": 0.00173}, {""clase_id"": 8, ""prob"": 0.00104}, {""clase_id"": 63, ""prob"": 0.00095}]"
100574,23,0.97059,"[{""clase_id"": 23, ""prob"": 0.97059}, {""clase_id"": 29, ""prob"": 0.0039}, {""clase_id"": 42, ""prob"": 0.00177}, {""clase_id"": 8, ""prob"": 0.00097}, {""clase_id"": 11, ""prob"": 0.00097}]"
100575,23,0.9726,"[{""clase_id"": 23, ""prob"": 0.9726}, {""clase_id"": 29, ""prob"": 0.00267}, {""clase_id"": 42, ""prob"": 0.00155}, {""clase_id"": 63, ""prob"": 0.00084}, {""clase_id"": 8, ""prob"": 0.00081}]"
100576,23,0.97236,"[{""clase_id"": 23, ""prob"": 0.97236}, {""clase_id"": 29, ""prob"": 0.00199}, {""clase_id"": 42, ""prob"": 0.00178}, {""clase_id"": 8, ""prob"": 0.00157}, {""clase_id"": 63, ""prob"": 0.00096}]"
100577,23,0.97231,"[{""clase_id"": 23, ""prob"": 0.97231}, {""clase_id"": 29, ""prob"": 0.00257}, {""clase_id"": 42, ""prob"": 0.00191}, {""clase_id"": 37, ""prob"": 0.00101}, {""clase_id"": 68, ""prob"": 0.00076}]"
100578,23,0.97434,"[{""clase_id"": 23, ""prob"": 0.97434}, {""clase_id"": 42, ""prob"": 0.00184}, {""clase_id"": 29, ""prob"": 0.00174}, {""clase_id"": 8, ""prob"": 0.00104}, {""clase_id"": 63, ""prob"": 0.00085}]"
100579,23,0.97401,"[{""clase_id"": 23, ""prob"": 0.97401}, {""clase_id"": 29, ""prob"": 0.002}, {""clase_id"": 42, ""prob"": 0.00182}, {""clase_id"": 8, ""prob"": 0.00087}, {""clase_id"": 11, ""prob"": 0.00081}]"
100580,23,0.97356,"[{""clase_id"": 23, ""prob"": 0.97356}, {""clase_id"": 29, ""prob"": 0.00211}, {""clase_id"": 42, ""prob"": 0.00166}, {""clase_id"": 68, ""prob"": 0.00126}, {""clase_id"": 63, ""prob"": 0.0008}]"
100581,23,0.97351,"[{""clase_id"": 23, ""prob"": 0.97351}, {""clase_id"": 29, ""prob"": 0.00216}, {""clase_id"": 42, ""prob"": 0.00212}, {""clase_id"": 68, ""prob"": 0.00097}, {""clase_id"": 8, ""prob"": 0.00089}]"
100582,23,0.97367,"[{""clase_id"": 23, ""prob"": 0.97367}, {""clase_id"": 29, ""prob"": 0.0024}, {""clase_id"": 42, ""prob"": 0.00187}, {""clase_id"": 8, ""prob"": 0.00105}, {""clase_id"": 63, ""prob"": 0.00096}]"
100583,23,0.30699,"[{""clase_id"": 23, ""prob"": 0.30699}, {""clase_id"": 72, ""prob"": 0.17818}, {""clase_id"": 7, ""prob"": 0.04868}, {""clase_id"": 14, ""prob"": 0.04848}, {""clase_id"": 68, ""prob"": 0.04387}]"
100584,23,0.97365,"[{""clase_id"": 23, ""prob"": 0.97365}, {""clase_id"": 29, ""prob"": 0.00286}, {""clase_id"": 42, ""prob"": 0.00163}, {""clase_id"": 8, ""prob"": 0.00109}, {""clase_id"": 63, ""prob"": 0.00099}]"
100585,23,0.96998,"[{""clase_id"": 23, ""prob"": 0.96998}, {""clase_id"": 29, ""prob"": 0.00307}, {""clase_id"": 42, ""prob"": 0.00124}, {""clase_id"": 8, ""prob"": 0.00099}, {""clase_id"": 37, ""prob"": 0.00087}]"
100586,9,0.42924,"[{""clase_id"": 9, ""prob"": 0.42924}, {""clase_id"": 39, ""prob"": 0.08275}, {""clase_id"": 23, ""prob"": 0.08251}, {""clase_id"": 13, ""prob"": 0.05605}, {""clase_id"": 43, ""prob"": 0.04398}]"
100587,23,0.97326,"[{""clase_id"": 23, ""prob"": 0.97326}, {""clase_id"": 29, ""prob"": 0.00211}, {""clase_id"": 42, ""prob"": 0.00155}, {""clase_id"": 68, ""prob"": 0.00106}, {""clase_id"": 8, ""prob"": 0.00098}]"
100588,23,0.97405,"[{""clase_id"": 23, ""prob"": 0.97405}, {""clase_id"": 29, ""prob"": 0.00195}, {""clase_id"": 42, ""prob"": 0.00176}, {""clase_id"": 8, ""prob"": 0.0009}, {""clase_id"": 63, ""prob"": 0.00084}]"
100589,23,0.97182,"[{""clase_id"": 23, ""prob"": 0.97182}, {""clase_id"": 29, ""prob"": 0.00326}, {""clase_id"": 42, ""prob"": 0.00182}, {""clase_id"": 8, ""prob"": 0.00102}, {""clase_id"": 49, ""prob"": 0.00093}]"
100590,23,0.97459,"[{""clase_id"": 23, ""prob"": 0.97459}, {""clase_id"": 42, ""prob"": 0.00221}, {""clase_id"": 29, ""prob"": 0.00186}, {""clase_id"": 8, ""prob"": 0.00093}, {""clase_id"": 63, ""prob"": 0.00089}]"
100591,23,0.97189,"[{""clase_id"": 23, ""prob"": 0.97189}, {""clase_id"": 29, ""prob"": 0.00258}, {""clase_id"": 42, ""prob"": 0.00179}, {""clase_id"": 68, ""prob"": 0.00104}, {""clase_id"": 8, ""prob"": 0.001}]"
100592,23,0.96983,"[{""clase_id"": 23, ""prob"": 0.96983}, {""clase_id"": 29, ""prob"": 0.00295}, {""clase_id"": 42, ""prob"": 0.0013}, {""clase_id"": 8, ""prob"": 0.00118}, {""clase_id"": 63, ""prob"": 0.00092}]"
100593,23,0.97439,"[{""clase_id"": 23, ""prob"": 0.97439}, {""clase_id"": 29, ""prob"": 0.00215}, {""clase_id"": 42, ""prob"": 0.00191}, {""clase_id"": 68, ""prob"": 0.00084}, {""clase_id"": 8, ""prob"": 0.00082}]"
100594,23,0.97439,"[{""clase_id"": 23, ""prob"": 0.97439}, {""clase_id"": 29, ""prob"": 0.00217}, {""clase_id"": 42, ""prob"": 0.0014}, {""clase_id"": 8, ""prob"": 0.00092}, {""clase_id"": 63, ""prob"": 0.00081}]"
100595,23,0.96996,"[{""clase_id"": 23, ""prob"": 0.96996}, {""clase_id"": 29, ""prob"": 0.00292}, {""clase_id"": 42, ""prob"": 0.00135}, {""clase_id"": 8, ""prob"": 0.00104}, {""clase_id"": 31, ""prob"": 0.00093}]"
100596,23,0.97017,"[{""clase_id"": 23, ""prob"": 0.97017}, {""clase_id"": 29, ""prob"": 0.00295}, {""clase_id"": 42, ""prob"": 0.00137}, {""clase_id"": 8, ""prob"": 0.00109}, {""clase_id"": 31, ""prob"": 0.00092}]"
100597,23,0.96972,"[{""clase_id"": 23, ""prob"": 0.96972}, {""clase_id"": 29, ""prob"": 0.00282}, {""clase_id"": 42, ""prob"": 0.00157}, {""clase_id"": 63, ""prob"": 0.00111}, {""clase_id"": 13, ""prob"": 0.00108}]"
100598,23,0.97127,"[{""clase_id"": 23, ""prob"": 0.97127}, {""clase_id"": 29, ""prob"": 0.00193}, {""clase_id"": 42, ""prob"": 0.00175}, {""clase_id"": 69, ""prob"": 0.00086}, {""clase_id"": 68, ""prob"": 0.00085}]"
100599,53,0.73343,"[{""clase_id"": 53, ""prob"": 0.73343}, {""clase_id"": 55, ""prob"": 0.09109}, {""clase_id"": 13, ""prob"": 0.0232}, {""clase_id"": 8, ""prob"": 0.02166}, {""clase_id"": 23, ""prob"": 0.01308}]"
100600,56,0.97708,"[{""clase_id"": 56, ""prob"": 0.97708}, {""clase_id"": 64, ""prob"": 0.01111}, {""clase_id"": 31, ""prob"": 0.00141}, {""clase_id"": 57, ""prob"": 0.00093}, {""clase_id"": 7, ""prob"": 0.00087}]"
100601,56,0.98671,"[{""clase_id"": 56, ""prob"": 0.98671}, {""clase_id"": 64, ""prob"": 0.00193}, {""clase_id"": 65, ""prob"": 0.00117}, {""clase_id"": 57, ""prob"": 0.00093}, {""clase_id"": 31, ""prob"": 0.00078}]"
100602,56,0.87089,"[{""clase_id"": 56, ""prob"": 0.87089}, {""clase_id"": 64, ""prob"": 0.10973}, {""clase_id"": 31, ""prob"": 0.0021}, {""clase_id"": 5, ""prob"": 0.00131}, {""clase_id"": 57, ""prob"": 0.00099}]"
100603,56,0.8582,"[{""clase_id"": 56, ""prob"": 0.8582}, {""clase_id"": 57, ""prob"": 0.11328}, {""clase_id"": 58, ""prob"": 0.00346}, {""clase_id"": 4, ""prob"": 0.00186}, {""clase_id"": 3, ""prob"": 0.00146}]"
100604,56,0.99097,"[{""clase_id"": 56, ""prob"": 0.99097}, {""clase_id"": 64, ""prob"": 0.00082}, {""clase_id"": 5, ""prob"": 0.00069}, {""clase_id"": 57, ""prob"": 0.00065}, {""clase_id"": 65, ""prob"": 0.0005}]"
100605,56,0.99084,"[{""clase_id"": 56, ""prob"": 0.99084}, {""clase_id"": 64, ""prob"": 0.00114}, {""clase_id"": 5, ""prob"": 0.00054}, {""clase_id"": 57, ""prob"": 0.00051}, {""clase_id"": 31, ""prob"": 0.00042}]"
100606,56,0.98536,"[{""clase_id"": 56, ""prob"": 0.98536}, {""clase_id"": 65, ""prob"": 0.00116}, {""clase_id"": 57, ""prob"": 0.00095}, {""clase_id"": 64, ""prob"": 0.0009}, {""clase_id"": 5, ""prob"": 0.00077}]"
100607,56,0.9855,"[{""clase_id"": 56, ""prob"": 0.9855}, {""clase_id"": 57, ""prob"": 0.00304}, {""clase_id"": 65, ""prob"": 0.0016}, {""clase_id"": 58, ""prob"": 0.0009}, {""clase_id"": 5, ""prob"": 0.00052}]"
100608,56,0.98826,"[{""clase_id"": 56, ""prob"": 0.98826}, {""clase_id"": 64, ""prob"": 0.0026}, {""clase_id"": 57, ""prob"": 0.0021}, {""clase_id"": 5, ""prob"": 0.00066}, {""clase_id"": 31, ""prob"": 0.00061}]"
100609,56,0.99046,"[{""clase_id"": 56, ""prob"": 0.99046}, {""clase_id"": 5, ""prob"": 0.00098}, {""clase_id"": 65, ""prob"": 0.00086}, {""clase_id"": 64, ""prob"": 0.00074}, {""clase_id"": 57, ""prob"": 0.00055}]"
100610,56,0.97545,"[{""clase_id"": 56, ""prob"": 0.97545}, {""clase_id"": 57, ""prob"": 0.00759}, {""clase_id"": 31, ""prob"": 0.0034}, {""clase_id"": 64, ""prob"": 0.00182}, {""clase_id"": 50, ""prob"": 0.00086}]"
100611,56,0.99038,"[{""clase_id"": 56, ""prob"": 0.99038}, {""clase_id"": 57, ""prob"": 0.00108}, {""clase_id"": 64, ""prob"": 0.00101}, {""clase_id"": 5, ""prob"": 0.00081}, {""clase_id"": 31, ""prob"": 0.00052}]"
100612,56,0.99102,"[{""clase_id"": 56, ""prob"": 0.99102}, {""clase_id"": 64, ""prob"": 0.00125}, {""clase_id"": 5, ""prob"": 0.00081}, {""clase_id"": 57, ""prob"": 0.00047}, {""clase_id"": 65, ""prob"": 0.00039}]"
100613,56,0.98774,"[{""clase_id"": 56, ""prob"": 0.98774}, {""clase_id"": 57, ""prob"": 0.00184}, {""clase_id"": 5, ""prob"": 0.00075}, {""clase_id"": 3, ""prob"": 0.00071}, {""clase_id"": 31, ""prob"": 0.0006}]"
100614,64,0.9814,"[{""clase_id"": 64, ""prob"": 0.9814}, {""clase_id"": 56, ""prob"": 0.01143}, {""clase_id"": 31, ""prob"": 0.00061}, {""clase_id"": 15, ""prob"": 0.00049}, {""clase_id"": 7, ""prob"": 0.00039}]"
100615,56,0.99148,"[{""clase_id"": 56, ""prob"": 0.99148}, {""clase_id"": 57, ""prob"": 0.00072}, {""clase_id"": 64, ""prob"": 0.00058}, {""clase_id"": 5, ""prob"": 0.00055}, {""clase_id"": 65, ""prob"": 0.00043}]"
100616,56,0.98647,"[{""clase_id"": 56, ""prob"": 0.98647}, {""clase_id"": 65, ""prob"": 0.00294}, {""clase_id"": 57, ""prob"": 0.00215}, {""clase_id"": 5, ""prob"": 0.00117}, {""clase_id"": 64, ""prob"": 0.00101}]"
100617,56,0.89639,"[{""clase_id"": 56, ""prob"": 0.89639}, {""clase_id"": 64, ""prob"": 0.05401}, {""clase_id"": 50, ""prob"": 0.00939}, {""clase_id"": 31, ""prob"": 0.00723}, {""clase_id"": 67, ""prob"": 0.00254}]"
100618,57,0.99092,"[{""clase_id"": 57, ""prob"": 0.99092}, {""clase_id"": 56, ""prob"": 0.00094}, {""clase_id"": 15, ""prob"": 0.00082}, {""clase_id"": 54, ""prob"": 0.00068}, {""clase_id"": 31, ""prob"": 0.00063}]"
100619,56,0.98907,"[{""clase_id"": 56, ""prob"": 0.98907}, {""clase_id"": 65, ""prob"": 0.00135}, {""clase_id"": 5, ""prob"": 0.00132}, {""clase_id"": 64, ""prob"": 0.00073}, {""clase_id"": 57, ""prob"": 0.00072}]"
100620,56,0.98982,"[{""clase_id"": 56, ""prob"": 0.98982}, {""clase_id"": 65, ""prob"": 0.00098}, {""clase_id"": 5, ""prob"": 0.00095}, {""clase_id"": 57, ""prob"": 0.0008}, {""clase_id"": 64, ""prob"": 0.00064}]"
100621,56,0.98713,"[{""clase_id"": 56, ""prob"": 0.98713}, {""clase_id"": 57, ""prob"": 0.00215}, {""clase_id"": 64, ""prob"": 0.0009}, {""clase_id"": 50, ""prob"": 0.00072}, {""clase_id"": 5, ""prob"": 0.00067}]"
100622,56,0.99109,"[{""clase_id"": 56, ""prob"": 0.99109}, {""clase_id"": 57, ""prob"": 0.00092}, {""clase_id"": 64, ""prob"": 0.00073}, {""clase_id"": 31, ""prob"": 0.00057}, {""clase_id"": 5, ""prob"": 0.00049}]"
100623,56,0.99081,"[{""clase_id"": 56, ""prob"": 0.99081}, {""clase_id"": 57, ""prob"": 0.00104}, {""clase_id"": 64, ""prob"": 0.00062}, {""clase_id"": 31, ""prob"": 0.0006}, {""clase_id"": 65, ""prob"": 0.0005}]"
100624,56,0.99148,"[{""clase_id"": 56, ""prob"": 0.99148}, {""clase_id"": 64, ""prob"": 0.00076}, {""clase_id"": 5, ""prob"": 0.00066}, {""clase_id"": 57, ""prob"": 0.00065}, {""clase_id"": 65, ""prob"": 0.0004}]"
100625,56,0.98987,"[{""clase_id"": 56, ""prob"": 0.98987}, {""clase_id"": 65, ""prob"": 0.00125}, {""clase_id"": 57, ""prob"": 0.00116}, {""clase_id"": 5, ""prob"": 0.00079}, {""clase_id"": 64, ""prob"": 0.00051}]"
100626,56,0.99128,"[{""clase_id"": 56, ""prob"": 0.99128}, {""clase_id"": 64, ""prob"": 0.001}, {""clase_id"": 5, ""prob"": 0.00066}, {""clase_id"": 57, ""prob"": 0.00045}, {""clase_id"": 65, ""prob"": 0.00041}]"
100627,56,0.99077,"[{""clase_id"": 56, ""prob"": 0.99077}, {""clase_id"": 57, ""prob"": 0.00118}, {""clase_id"": 65, ""prob"": 0.00078}, {""clase_id"": 64, ""prob"": 0.00075}, {""clase_id"": 5, ""prob"": 0.00062}]"
100628,56,0.99186,"[{""clase_id"": 56, ""prob"": 0.99186}, {""clase_id"": 64, ""prob"": 0.00076}, {""clase_id"": 57, ""prob"": 0.00069}, {""clase_id"": 5, ""prob"": 0.00053}, {""clase_id"": 31, ""prob"": 0.00041}]"
100629,56,0.96658,"[{""clase_id"": 56, ""prob"": 0.96658}, {""clase_id"": 64, ""prob"": 0.02088}, {""clase_id"": 31, ""prob"": 0.00128}, {""clase_id"": 5, ""prob"": 0.00098}, {""clase_id"": 57, ""prob"": 0.00096}]"
100630,56,0.98986,"[{""clase_id"": 56, ""prob"": 0.98986}, {""clase_id"": 64, ""prob"": 0.00124}, {""clase_id"": 5, ""prob"": 0.00111}, {""clase_id"": 65, ""prob"": 0.00065}, {""clase_id"": 57, ""prob"": 0.00043}]"
100631,56,0.98905,"[{""clase_id"": 56, ""prob"": 0.98905}, {""clase_id"": 57, ""prob"": 0.00207}, {""clase_id"": 64, ""prob"": 0.00176}, {""clase_id"": 5, ""prob"": 0.00086}, {""clase_id"": 65, ""prob"": 0.0008}]"
100632,65,0.86827,"[{""clase_id"": 65, ""prob"": 0.86827}, {""clase_id"": 50, ""prob"": 0.02958}, {""clase_id"": 7, ""prob"": 0.02017}, {""clase_id"": 67, ""prob"": 0.01799}, {""clase_id"": 5, ""prob"": 0.01652}]"
100633,56,0.9907,"[{""clase_id"": 56, ""prob"": 0.9907}, {""clase_id"": 64, ""prob"": 0.00102}, {""clase_id"": 57, ""prob"": 0.00056}, {""clase_id"": 5, ""prob"": 0.00055}, {""clase_id"": 65, ""prob"": 0.00041}]"
100634,56,0.99141,"[{""clase_id"": 56, ""prob"": 0.99141}, {""clase_id"": 64, ""prob"": 0.00158}, {""clase_id"": 5, ""prob"": 0.00056}, {""clase_id"": 57, ""prob"": 0.00054}, {""clase_id"": 31, ""prob"": 0.00045}]"
100635,56,0.9897,"[{""clase_id"": 56, ""prob"": 0.9897}, {""clase_id"": 64, ""prob"": 0.00193}, {""clase_id"": 57, ""prob"": 0.0008}, {""clase_id"": 5, ""prob"": 0.00074}, {""clase_id"": 65, ""prob"": 0.00056}]"
100636,64,0.7541,"[{""clase_id"": 64, ""prob"": 0.7541}, {""clase_id"": 56, ""prob"": 0.22643}, {""clase_id"": 5, ""prob"": 0.0017}, {""clase_id"": 7, ""prob"": 0.00148}, {""clase_id"": 31, ""prob"": 0.00136}]"
100637,56,0.98853,"[{""clase_id"": 56, ""prob"": 0.98853}, {""clase_id"": 64, ""prob"": 0.00266}, {""clase_id"": 57, ""prob"": 0.00106}, {""clase_id"": 5, ""prob"": 0.00083}, {""clase_id"": 31, ""prob"": 0.00049}]"
100638,56,0.98935,"[{""clase_id"": 56, ""prob"": 0.98935}, {""clase_id"": 64, ""prob"": 0.00139}, {""clase_id"": 57, ""prob"": 0.00077}, {""clase_id"": 31, ""prob"": 0.0007}, {""clase_id"": 5, ""prob"": 0.00066}]"
100639,56,0.97041,"[{""clase_id"": 56, ""prob"": 0.97041}, {""clase_id"": 64, ""prob"": 0.00381}, {""clase_id"": 5, ""prob"": 0.00299}, {""clase_id"": 57, ""prob"": 0.00288}, {""clase_id"": 27, ""prob"": 0.00154}]"
100640,47,0.83513,"[{""clase_id"": 47, ""prob"": 0.83513}, {""clase_id"": 45, ""prob"": 0.06813}, {""clase_id"": 46, ""prob"": 0.037}, {""clase_id"": 34, ""prob"": 0.00525}, {""clase_id"": 48, ""prob"": 0.0048}]"
100641,47,0.91055,"[{""clase_id"": 47, ""prob"": 0.91055}, {""clase_id"": 59, ""prob"": 0.0456}, {""clase_id"": 62, ""prob"": 0.0172}, {""clase_id"": 61, ""prob"": 0.01267}, {""clase_id"": 45, ""prob"": 0.00105}]"
100642,47,0.99438,"[{""clase_id"": 47, ""prob"": 0.99438}, {""clase_id"": 61, ""prob"": 0.00057}, {""clase_id"": 62, ""prob"": 0.00056}, {""clase_id"": 59, ""prob"": 0.00035}, {""clase_id"": 46, ""prob"": 0.00025}]"
100643,47,0.99212,"[{""clase_id"": 47, ""prob"": 0.99212}, {""clase_id"": 59, ""prob"": 0.00083}, {""clase_id"": 61, ""prob"": 0.00083}, {""clase_id"": 62, ""prob"": 0.00053}, {""clase_id"": 45, ""prob"": 0.00033}]"
100644,47,0.99025,"[{""clase_id"": 47, ""prob"": 0.99025}, {""clase_id"": 61, ""prob"": 0.00327}, {""clase_id"": 59, ""prob"": 0.00143}, {""clase_id"": 62, ""prob"": 0.0006}, {""clase_id"": 45, ""prob"": 0.0003}]"
100645,47,0.99392,"[{""clase_id"": 47, ""prob"": 0.99392}, {""clase_id"": 59, ""prob"": 0.00059}, {""clase_id"": 62, ""prob"": 0.00034}, {""clase_id"": 45, ""prob"": 0.00029}, {""clase_id"": 61, ""prob"": 0.00026}]"
100646,47,0.99304,"[{""clase_id"": 47, ""prob"": 0.99304}, {""clase_id"": 61, ""prob"": 0.00105}, {""clase_id"": 62, ""prob"": 0.00047}, {""clase_id"": 59, ""prob"": 0.00032}, {""clase_id"": 45, ""prob"": 0.00031}]"
100647,47,0.7003,"[{""clase_id"": 47, ""prob"": 0.7003}, {""clase_id"": 61, ""prob"": 0.23083}, {""clase_id"": 59, ""prob"": 0.02362}, {""clase_id"": 62, ""prob"": 0.01781}, {""clase_id"": 70, ""prob"": 0.00253}]"
100648,47,0.99444,"[{""clase_id"": 47, ""prob"": 0.99444}, {""clase_id"": 61, ""prob"": 0.00075}, {""clase_id"": 59, ""prob"": 0.0005}, {""clase_id"": 45, ""prob"": 0.00025}, {""clase_id"": 62, ""prob"": 0.00025}]"
100649,47,0.76909,"[{""clase_id"": 47, ""prob"": 0.76909}, {""clase_id"": 59, ""prob"": 0.0877}, {""clase_id"": 62, ""prob"": 0.04946}, {""clase_id"": 71, ""prob"": 0.04015}, {""clase_id"": 51, ""prob"": 0.00418}]"
100650,47,0.99023,"[{""clase_id"": 47, ""prob"": 0.99023}, {""clase_id"": 61, ""prob"": 0.0027}, {""clase_id"": 59, ""prob"": 0.00099}, {""clase_id"": 62, ""prob"": 0.00085}, {""clase_id"": 45, ""prob"": 0.00031}]"
100651,47,0.99263,"[{""clase_id"": 47, ""prob"": 0.99263}, {""clase_id"": 59, ""prob"": 0.00217}, {""clase_id"": 61, ""prob"": 0.00059}, {""clase_id"": 62, ""prob"": 0.00051}, {""clase_id"": 45, ""prob"": 0.00025}]"
100652,47,0.99425,"[{""clase_id"": 47, ""prob"": 0.99425}, {""clase_id"": 59, ""prob"": 0.00041}, {""clase_id"": 62, ""prob"": 0.00039}, {""clase_id"": 61, ""prob"": 0.00038}, {""clase_id"": 45, ""prob"": 0.00037}]"
100653,47,0.9945,"[{""clase_id"": 47, ""prob"": 0.9945}, {""clase_id"": 61, ""prob"": 0.0005}, {""clase_id"": 59, ""prob"": 0.00046}, {""clase_id"": 62, ""prob"": 0.00037}, {""clase_id"": 45, ""prob"": 0.00035}]"
100654,47,0.99345,"[{""clase_id"": 47, ""prob"": 0.99345}, {""clase_id"": 61, ""prob"": 0.0011}, {""clase_id"": 59, ""prob"": 0.00045}, {""clase_id"": 45, ""prob"": 0.00043}, {""clase_id"": 46, ""prob"": 0.00033}]"
100655,47,0.99371,"[{""clase_id"": 47, ""prob"": 0.99371}, {""clase_id"": 59, ""prob"": 0.0007}, {""clase_id"": 61, ""prob"": 0.00044}, {""clase_id"": 45, ""prob"": 0.00035}, {""clase_id"": 62, ""prob"": 0.00034}]"
100656,47,0.9927,"[{""clase_id"": 47, ""prob"": 0.9927}, {""clase_id"": 61, ""prob"": 0.00097}, {""clase_id"": 45, ""prob"": 0.0005}, {""clase_id"": 62, ""prob"": 0.0005}, {""clase_id"": 6, ""prob"": 0.00037}]"
100657,47,0.98793,"[{""clase_id"": 47, ""prob"": 0.98793}, {""clase_id"": 59, ""prob"": 0.00292}, {""clase_id"": 62, ""prob"": 0.00204}, {""clase_id"": 61, ""prob"": 0.00062}, {""clase_id"": 32, ""prob"": 0.00032}]"
100658,47,0.99213,"[{""clase_id"": 47, ""prob"": 0.99213}, {""clase_id"": 59, ""prob"": 0.00136}, {""clase_id"": 62, ""prob"": 0.00127}, {""clase_id"": 61, ""prob"": 0.00045}, {""clase_id"": 45, ""prob"": 0.00037}]"
100659,47,0.99239,"[{""clase_id"": 47, ""prob"": 0.99239}, {""clase_id"": 62, ""prob"": 0.0012}, {""clase_id"": 45, ""prob"": 0.00064}, {""clase_id"": 59, ""prob"": 0.00036}, {""clase_id"": 46, ""prob"": 0.00028}]"
100660,47,0.99323,"[{""clase_id"": 47, ""prob"": 0.99323}, {""clase_id"": 61, ""prob"": 0.00094}, {""clase_id"": 62, ""prob"": 0.00076}, {""clase_id"": 59, ""prob"": 0.00064}, {""clase_id"": 6, ""prob"": 0.00032}]"
100661,47,0.98753,"[{""clase_id"": 47, ""prob"": 0.98753}, {""clase_id"": 59, ""prob"": 0.00284}, {""clase_id"": 62, ""prob"": 0.00226}, {""clase_id"": 61, ""prob"": 0.00068}, {""clase_id"": 75, ""prob"": 0.0006}]"
100662,47,0.77935,"[{""clase_id"": 47, ""prob"": 0.77935}, {""clase_id"": 61, ""prob"": 0.10184}, {""clase_id"": 59, ""prob"": 0.06988}, {""clase_id"": 62, ""prob"": 0.02045}, {""clase_id"": 6, ""prob"": 0.00244}]"
100663,47,0.99368,"[{""clase_id"": 47, ""prob"": 0.99368}, {""clase_id"": 61, ""prob"": 0.00121}, {""clase_id"": 62, ""prob"": 0.00041}, {""clase_id"": 59, ""prob"": 0.00035}, {""clase_id"": 46, ""prob"": 0.00028}]"
100664,47,0.98839,"[{""clase_id"": 47, ""prob"": 0.98839}, {""clase_id"": 59, ""prob"": 0.00432}, {""clase_id"": 62, ""prob"": 0.00048}, {""clase_id"": 71, ""prob"": 0.0004}, {""clase_id"": 46, ""prob"": 0.00039}]"
100665,47,0.99397,"[{""clase_id"": 47, ""prob"": 0.99397}, {""clase_id"": 59, ""prob"": 0.00105}, {""clase_id"": 61, ""prob"": 0.00054}, {""clase_id"": 62, ""prob"": 0.00039}, {""clase_id"": 45, ""prob"": 0.00036}]"
100666,59,0.6218,"[{""clase_id"": 59, ""prob"": 0.6218}, {""clase_id"": 62, ""prob"": 0.31449}, {""clase_id"": 47, ""prob"": 0.00996}, {""clase_id"": 25, ""prob"": 0.00563}, {""clase_id"": 4, ""prob"": 0.00422}]"
100667,47,0.99238,"[{""clase_id"": 47, ""prob"": 0.99238}, {""clase_id"": 62, ""prob"": 0.00116}, {""clase_id"": 59, ""prob"": 0.00061}, {""clase_id"": 45, ""prob"": 0.00034}, {""clase_id"": 46, ""prob"": 0.00031}]"
100668,47,0.94856,"[{""clase_id"": 47, ""prob"": 0.94856}, {""clase_id"": 61, ""prob"": 0.03631}, {""clase_id"": 59, ""prob"": 0.00353}, {""clase_id"": 62, ""prob"": 0.0016}, {""clase_id"": 32, ""prob"": 0.00066}]"
100669,47,0.994,"[{""clase_id"": 47, ""prob"": 0.994}, {""clase_id"": 61, ""prob"": 0.00075}, {""clase_id"": 46, ""prob"": 0.00034}, {""clase_id"": 62, ""prob"": 0.00033}, {""clase_id"": 45, ""prob"": 0.0003}]"
100670,47,0.99435,"[{""clase_id"": 47, ""prob"": 0.99435}, {""clase_id"": 59, ""prob"": 0.00061}, {""clase_id"": 61, ""prob"": 0.00054}, {""clase_id"": 45, ""prob"": 0.00046}, {""clase_id"": 62, ""prob"": 0.00029}]"
100671,47,0.98985,"[{""clase_id"": 47, ""prob"": 0.98985}, {""clase_id"": 59, ""prob"": 0.00255}, {""clase_id"": 62, ""prob"": 0.00151}, {""clase_id"": 60, ""prob"": 0.00031}, {""clase_id"": 45, ""prob"": 0.0003}]"
100672,47,0.99376,"[{""clase_id"": 47, ""prob"": 0.99376}, {""clase_id"": 62, ""prob"": 0.00093}, {""clase_id"": 59, ""prob"": 0.00052}, {""clase_id"": 45, ""prob"": 0.00042}, {""clase_id"": 61, ""prob"": 0.00038}]"
100673,62,0.54291,"[{""clase_id"": 62, ""prob"": 0.54291}, {""clase_id"": 47, ""prob"": 0.24934}, {""clase_id"": 60, ""prob"": 0.07783}, {""clase_id"": 58, ""prob"": 0.01534}, {""clase_id"": 57, ""prob"": 0.01533}]"
100674,47,0.97656,"[{""clase_id"": 47, ""prob"": 0.97656}, {""clase_id"": 59, ""prob"": 0.00975}, {""clase_id"": 61, ""prob"": 0.00691}, {""clase_id"": 62, ""prob"": 0.00057}, {""clase_id"": 48, ""prob"": 0.00028}]"
100675,47,0.99417,"[{""clase_id"": 47, ""prob"": 0.99417}, {""clase_id"": 61, ""prob"": 0.00099}, {""clase_id"": 59, ""prob"": 0.00039}, {""clase_id"": 62, ""prob"": 0.00033}, {""clase_id"": 46, ""prob"": 0.00025}]"
100676,47,0.99215,"[{""clase_id"": 47, ""prob"": 0.99215}, {""clase_id"": 59, ""prob"": 0.00146}, {""clase_id"": 62, ""prob"": 0.00103}, {""clase_id"": 45, ""prob"": 0.00038}, {""clase_id"": 60, ""prob"": 0.00029}]"
100677,47,0.99218,"[{""clase_id"": 47, ""prob"": 0.99218}, {""clase_id"": 62, ""prob"": 0.00083}, {""clase_id"": 59, ""prob"": 0.00067}, {""clase_id"": 32, ""prob"": 0.00044}, {""clase_id"": 60, ""prob"": 0.00035}]"
100678,47,0.99389,"[{""clase_id"": 47, ""prob"": 0.99389}, {""clase_id"": 61, ""prob"": 0.00079}, {""clase_id"": 59, ""prob"": 0.00067}, {""clase_id"": 45, ""prob"": 0.00039}, {""clase_id"": 46, ""prob"": 0.00028}]"
100679,47,0.98879,"[{""clase_id"": 47, ""prob"": 0.98879}, {""clase_id"": 62, ""prob"": 0.00122}, {""clase_id"": 45, ""prob"": 0.00115}, {""clase_id"": 59, ""prob"": 0.00089}, {""clase_id"": 48, ""prob"": 0.00075}]"
100680,8,0.99354,"[{""clase_id"": 8, ""prob"": 0.99354}, {""clase_id"": 52, ""prob"": 0.00088}, {""clase_id"": 28, ""prob"": 0.00062}, {""clase_id"": 49, ""prob"": 0.00027}, {""clase_id"": 30, ""prob"": 0.00027}]"
100681,8,0.97532,"[{""clase_id"": 8, ""prob"": 0.97532}, {""clase_id"": 52, ""prob"": 0.01025}, {""clase_id"": 28, ""prob"": 0.00148}, {""clase_id"": 30, ""prob"": 0.00133}, {""clase_id"": 64, ""prob"": 0.00121}]"
100682,8,0.994,"[{""clase_id"": 8, ""prob"": 0.994}, {""clase_id"": 52, ""prob"": 0.0009}, {""clase_id"": 28, ""prob"": 0.00041}, {""clase_id"": 30, ""prob"": 0.00034}, {""clase_id"": 49, ""prob"": 0.00026}]"
100683,8,0.99235,"[{""clase_id"": 8, ""prob"": 0.99235}, {""clase_id"": 66, ""prob"": 0.00088}, {""clase_id"": 49, ""prob"": 0.0005}, {""clase_id"": 28, ""prob"": 0.00043}, {""clase_id"": 30, ""prob"": 0.0004}]"
100684,8,0.9943,"[{""clase_id"": 8, ""prob"": 0.9943}, {""clase_id"": 52, ""prob"": 0.00063}, {""clase_id"": 28, ""prob"": 0.00045}, {""clase_id"": 30, ""prob"": 0.00036}, {""clase_id"": 49, ""prob"": 0.00029}]"
100685,8,0.99303,"[{""clase_id"": 8, ""prob"": 0.99303}, {""clase_id"": 28, ""prob"": 0.00103}, {""clase_id"": 52, ""prob"": 0.00041}, {""clase_id"": 49, ""prob"": 0.00039}, {""clase_id"": 35, ""prob"": 0.00037}]"
100686,8,0.99207,"[{""clase_id"": 8, ""prob"": 0.99207}, {""clase_id"": 30, ""prob"": 0.00061}, {""clase_id"": 52, ""prob"": 0.00059}, {""clase_id"": 28, ""prob"": 0.00057}, {""clase_id"": 35, ""prob"": 0.00044}]"
100687,8,0.99451,"[{""clase_id"": 8, ""prob"": 0.99451}, {""clase_id"": 28, ""prob"": 0.00052}, {""clase_id"": 52, ""prob"": 0.0005}, {""clase_id"": 49, ""prob"": 0.00028}, {""clase_id"": 30, ""prob"": 0.00026}]"
100688,8,0.99343,"[{""clase_id"": 8, ""prob"": 0.99343}, {""clase_id"": 52, ""prob"": 0.00112}, {""clase_id"": 49, ""prob"": 0.00038}, {""clase_id"": 28, ""prob"": 0.00038}, {""clase_id"": 30, ""prob"": 0.00036}]"
100689,8,0.99357,"[{""clase_id"": 8, ""prob"": 0.99357}, {""clase_id"": 52, ""prob"": 0.00068}, {""clase_id"": 28, ""prob"": 0.00056}, {""clase_id"": 30, ""prob"": 0.00041}, {""clase_id"": 35, ""prob"": 0.00031}]"
100690,8,0.9932,"[{""clase_id"": 8, ""prob"": 0.9932}, {""clase_id"": 52, ""prob"": 0.00072}, {""clase_id"": 28, ""prob"": 0.00044}, {""clase_id"": 49, ""prob"": 0.00038}, {""clase_id"": 30, ""prob"": 0.00036}]"
100691,8,0.99299,"[{""clase_id"": 8, ""prob"": 0.99299}, {""clase_id"": 66, ""prob"": 0.00057}, {""clase_id"": 49, ""prob"": 0.0005}, {""clase_id"": 30, ""prob"": 0.00049}, {""clase_id"": 35, ""prob"": 0.00037}]"
100692,8,0.99264,"[{""clase_id"": 8, ""prob"": 0.99264}, {""clase_id"": 28, ""prob"": 0.00086}, {""clase_id"": 35, ""prob"": 0.00043}, {""clase_id"": 52, ""prob"": 0.00042}, {""clase_id"": 27, ""prob"": 0.0004}]"
100693,8,0.99386,"[{""clase_id"": 8, ""prob"": 0.99386}, {""clase_id"": 35, ""prob"": 0.00048}, {""clase_id"": 28, ""prob"": 0.00042}, {""clase_id"": 27, ""prob"": 0.00041}, {""clase_id"": 52, ""prob"": 0.0004}]"
100694,8,0.99139,"[{""clase_id"": 8, ""prob"": 0.99139}, {""clase_id"": 52, ""prob"": 0.00134}, {""clase_id"": 49, ""prob"": 0.00092}, {""clase_id"": 66, ""prob"": 0.0004}, {""clase_id"": 28, ""prob"": 0.00037}]"
100695,8,0.99352,"[{""clase_id"": 8, ""prob"": 0.99352}, {""clase_id"": 52, ""prob"": 0.00074}, {""clase_id"": 28, ""prob"": 0.00069}, {""clase_id"": 30, ""prob"": 0.00042}, {""clase_id"": 49, ""prob"": 0.00026}]"
100696,8,0.99208,"[{""clase_id"": 8, ""prob"": 0.99208}, {""clase_id"": 52, ""prob"": 0.00151}, {""clase_id"": 28, ""prob"": 0.00053}, {""clase_id"": 30, ""prob"": 0.0005}, {""clase_id"": 49, ""prob"": 0.00029}]"
100697,8,0.99276,"[{""clase_id"": 8, ""prob"": 0.99276}, {""clase_id"": 28, ""prob"": 0.00077}, {""clase_id"": 66, ""prob"": 0.00047}, {""clase_id"": 49, ""prob"": 0.00039}, {""clase_id"": 35, ""prob"": 0.00037}]"
100698,8,0.9939,"[{""clase_id"": 8, ""prob"": 0.9939}, {""clase_id"": 52, ""prob"": 0.00087}, {""clase_id"": 28, ""prob"": 0.0006}, {""clase_id"": 35, ""prob"": 0.00026}, {""clase_id"": 30, ""prob"": 0.00026}]"
100699,8,0.99147,"[{""clase_id"": 8, ""prob"": 0.99147}, {""clase_id"": 52, ""prob"": 0.00096}, {""clase_id"": 30, ""prob"": 0.00066}, {""clase_id"": 28, ""prob"": 0.00057}, {""clase_id"": 66, ""prob"": 0.00039}]"
100700,8,0.99145,"[{""clase_id"": 8, ""prob"": 0.99145}, {""clase_id"": 64, ""prob"": 0.00146}, {""clase_id"": 52, ""prob"": 0.00074}, {""clase_id"": 28, ""prob"": 0.00057}, {""clase_id"": 49, ""prob"": 0.00038}]"
100701,8,0.97488,"[{""clase_id"": 8, ""prob"": 0.97488}, {""clase_id"": 35, ""prob"": 0.00477}, {""clase_id"": 64, ""prob"": 0.00465}, {""clase_id"": 7, ""prob"": 0.00235}, {""clase_id"": 27, ""prob"": 0.00154}]"
100702,8,0.99334,"[{""clase_id"": 8, ""prob"": 0.99334}, {""clase_id"": 52, ""prob"": 0.00089}, {""clase_id"": 30, ""prob"": 0.00068}, {""clase_id"": 49, ""prob"": 0.0004}, {""clase_id"": 28, ""prob"": 0.00032}]"
100703,8,0.99258,"[{""clase_id"": 8, ""prob"": 0.99258}, {""clase_id"": 27, ""prob"": 0.00065}, {""clase_id"": 52, ""prob"": 0.00057}, {""clase_id"": 35, ""prob"": 0.00051}, {""clase_id"": 28, ""prob"": 0.0005}]"
100704,8,0.98165,"[{""clase_id"": 8, ""prob"": 0.98165}, {""clase_id"": 52, ""prob"": 0.00292}, {""clase_id"": 64, ""prob"": 0.00286}, {""clase_id"": 28, ""prob"": 0.00144}, {""clase_id"": 66, ""prob"": 0.00127}]"
100705,8,0.99299,"[{""clase_id"": 8, ""prob"": 0.99299}, {""clase_id"": 30, ""prob"": 0.00075}, {""clase_id"": 52, ""prob"": 0.00055}, {""clase_id"": 28, ""prob"": 0.00041}, {""clase_id"": 66, ""prob"": 0.00037}]"
100706,8,0.99364,"[{""clase_id"": 8, ""prob"": 0.99364}, {""clase_id"": 52, ""prob"": 0.00051}, {""clase_id"": 28, ""prob"": 0.00051}, {""clase_id"": 30, ""prob"": 0.0004}, {""clase_id"": 49, ""prob"": 0.00037}]"
100707,8,0.31455,"[{""clase_id"": 8, ""prob"": 0.31455}, {""clase_id"": 52, ""prob"": 0.15859}, {""clase_id"": 55, ""prob"": 0.06306}, {""clase_id"": 30, ""prob"": 0.05309}, {""clase_id"": 63, ""prob"": 0.04696}]"
100708,8,0.98987,"[{""clase_id"": 8, ""prob"": 0.98987}, {""clase_id"": 52, ""prob"": 0.0029}, {""clase_id"": 28, ""prob"": 0.00053}, {""clase_id"": 66, ""prob"": 0.00049}, {""clase_id"": 7, ""prob"": 0.00035}]"
100709,8,0.99409,"[{""clase_id"": 8, ""prob"": 0.99409}, {""clase_id"": 52, ""prob"": 0.00078}, {""clase_id"": 30, ""prob"": 0.00033}, {""clase_id"": 28, ""prob"": 0.00033}, {""clase_id"": 35, ""prob"": 0.00032}]"
100710,8,0.99375,"[{""clase_id"": 8, ""prob"": 0.99375}, {""clase_id"": 66, ""prob"": 0.00063}, {""clase_id"": 52, ""prob"": 0.00047}, {""clase_id"": 49, ""prob"": 0.00045}, {""clase_id"": 28, ""prob"": 0.00026}]"
100711,8,0.97018,"[{""clase_id"": 8, ""prob"": 0.97018}, {""clase_id"": 52, ""prob"": 0.00967}, {""clase_id"": 7, ""prob"": 0.00255}, {""clase_id"": 64, ""prob"": 0.00189}, {""clase_id"": 28, ""prob"": 0.00144}]"
100712,8,0.99456,"[{""clase_id"": 8, ""prob"": 0.99456}, {""clase_id"": 52, ""prob"": 0.0008}, {""clase_id"": 28, ""prob"": 0.00032}, {""clase_id"": 30, ""prob"": 0.00032}, {""clase_id"": 49, ""prob"": 0.00029}]"
100713,8,0.72474,"[{""clase_id"": 8, ""prob"": 0.72474}, {""clase_id"": 48, ""prob"": 0.10494}, {""clase_id"": 66, ""prob"": 0.03577}, {""clase_id"": 64, ""prob"": 0.02471}, {""clase_id"": 35, ""prob"": 0.01595}]"
100714,8,0.99093,"[{""clase_id"": 8, ""prob"": 0.99093}, {""clase_id"": 35, ""prob"": 0.00068}, {""clase_id"": 28, ""prob"": 0.00067}, {""clase_id"": 27, ""prob"": 0.00054}, {""clase_id"": 49, ""prob"": 0.00051}]"
100715,8,0.99293,"[{""clase_id"": 8, ""prob"": 0.99293}, {""clase_id"": 28, ""prob"": 0.00061}, {""clase_id"": 52, ""prob"": 0.00055}, {""clase_id"": 49, ""prob"": 0.00041}, {""clase_id"": 23, ""prob"": 0.00031}]"
100716,8,0.99441,"[{""clase_id"": 8, ""prob"": 0.99441}, {""clase_id"": 52, ""prob"": 0.00072}, {""clase_id"": 28, ""prob"": 0.00043}, {""clase_id"": 30, ""prob"": 0.0003}, {""clase_id"": 35, ""prob"": 0.00029}]"
100717,8,0.68845,"[{""clase_id"": 8, ""prob"": 0.68845}, {""clase_id"": 66, ""prob"": 0.11908}, {""clase_id"": 67, ""prob"": 0.02545}, {""clase_id"": 48, ""prob"": 0.0243}, {""clase_id"": 45, ""prob"": 0.023}]"
100718,17,0.60702,"[{""clase_id"": 17, ""prob"": 0.60702}, {""clase_id"": 52, ""prob"": 0.2223}, {""clase_id"": 8, ""prob"": 0.02872}, {""clase_id"": 21, ""prob"": 0.01375}, {""clase_id"": 30, ""prob"": 0.01275}]"
100719,8,0.9943,"[{""clase_id"": 8, ""prob"": 0.9943}, {""clase_id"": 52, ""prob"": 0.00088}, {""clase_id"": 30, ""prob"": 0.00046}, {""clase_id"": 28, ""prob"": 0.0003}, {""clase_id"": 49, ""prob"": 0.00026}]"
100720,60,0.99212,"[{""clase_id"": 60, ""prob"": 0.99212}, {""clase_id"": 57, ""prob"": 0.00039}, {""clase_id"": 4, ""prob"": 0.00037}, {""clase_id"": 62, ""prob"": 0.00034}, {""clase_id"": 47, ""prob"": 0.00029}]"
100721,60,0.90154,"[{""clase_id"": 60, ""prob"": 0.90154}, {""clase_id"": 57, ""prob"": 0.04256}, {""clase_id"": 56, ""prob"": 0.01185}, {""clase_id"": 4, ""prob"": 0.00478}, {""clase_id"": 31, ""prob"": 0.00469}]"
100722,60,0.99256,"[{""clase_id"": 60, ""prob"": 0.99256}, {""clase_id"": 4, ""prob"": 0.00045}, {""clase_id"": 57, ""prob"": 0.00044}, {""clase_id"": 47, ""prob"": 0.00027}, {""clase_id"": 55, ""prob"": 0.00026}]"
100723,60,0.99263,"[{""clase_id"": 60, ""prob"": 0.99263}, {""clase_id"": 4, ""prob"": 0.0005}, {""clase_id"": 55, ""prob"": 0.0003}, {""clase_id"": 57, ""prob"": 0.00029}, {""clase_id"": 49, ""prob"": 0.00027}]"
100724,60,0.98907,"[{""clase_id"": 60, ""prob"": 0.98907}, {""clase_id"": 57, ""prob"": 0.00125}, {""clase_id"": 4, ""prob"": 0.00074}, {""clase_id"": 58, ""prob"": 0.00073}, {""clase_id"": 49, ""prob"": 0.00041}]"
100725,60,0.98964,"[{""clase_id"": 60, ""prob"": 0.98964}, {""clase_id"": 4, ""prob"": 0.00251}, {""clase_id"": 57, ""prob"": 0.00087}, {""clase_id"": 49, ""prob"": 0.00029}, {""clase_id"": 71, ""prob"": 0.00029}]"
100726,60,0.99229,"[{""clase_id"": 60, ""prob"": 0.99229}, {""clase_id"": 57, ""prob"": 0.00058}, {""clase_id"": 4, ""prob"": 0.00033}, {""clase_id"": 47, ""prob"": 0.00029}, {""clase_id"": 75, ""prob"": 0.00027}]"
100727,60,0.99212,"[{""clase_id"": 60, ""prob"": 0.99212}, {""clase_id"": 75, ""prob"": 0.00038}, {""clase_id"": 4, ""prob"": 0.00037}, {""clase_id"": 47, ""prob"": 0.00036}, {""clase_id"": 71, ""prob"": 0.00035}]"
100728,60,0.99239,"[{""clase_id"": 60, ""prob"": 0.99239}, {""clase_id"": 57, ""prob"": 0.00037}, {""clase_id"": 55, ""prob"": 0.00034}, {""clase_id"": 4, ""prob"": 0.00031}, {""clase_id"": 49, ""prob"": 0.00027}]"
100729,60,0.9925,"[{""clase_id"": 60, ""prob"": 0.9925}, {""clase_id"": 57, ""prob"": 0.00058}, {""clase_id"": 4, ""prob"": 0.00049}, {""clase_id"": 55, ""prob"": 0.00033}, {""clase_id"": 49, ""prob"": 0.00025}]"
100730,60,0.99272,"[{""clase_id"": 60, ""prob"": 0.99272}, {""clase_id"": 4, ""prob"": 0.00057}, {""clase_id"": 57, ""prob"": 0.00039}, {""clase_id"": 75, ""prob"": 0.00027}, {""clase_id"": 55, ""prob"": 0.00024}]"
100731,60,0.99222,"[{""clase_id"": 60, ""prob"": 0.99222}, {""clase_id"": 4, ""prob"": 0.00057}, {""clase_id"": 57, ""prob"": 0.00033}, {""clase_id"": 55, ""prob"": 0.00033}, {""clase_id"": 49, ""prob"": 0.0003}]"
100732,60,0.99244,"[{""clase_id"": 60, ""prob"": 0.99244}, {""clase_id"": 4, ""prob"": 0.0007}, {""clase_id"": 57, ""prob"": 0.00042}, {""clase_id"": 75, ""prob"": 0.00034}, {""clase_id"": 49, ""prob"": 0.00028}]"
100733,60,0.98643,"[{""clase_id"": 60, ""prob"": 0.98643}, {""clase_id"": 57, ""prob"": 0.00126}, {""clase_id"": 4, ""prob"": 0.00119}, {""clase_id"": 39, ""prob"": 0.00089}, {""clase_id"": 75, ""prob"": 0.00058}]"
100734,60,0.99206,"[{""clase_id"": 60, ""prob"": 0.99206}, {""clase_id"": 4, ""prob"": 0.0007}, {""clase_id"": 57, ""prob"": 0.00036}, {""clase_id"": 49, ""prob"": 0.00028}, {""clase_id"": 55, ""prob"": 0.00028}]"
100735,60,0.99256,"[{""clase_id"": 60, ""prob"": 0.99256}, {""clase_id"": 4, ""prob"": 0.00043}, {""clase_id"": 71, ""prob"": 0.00033}, {""clase_id"": 55, ""prob"": 0.00028}, {""clase_id"": 47, ""prob"": 0.00027}]"
100736,60,0.99277,"[{""clase_id"": 60, ""prob"": 0.99277}, {""clase_id"": 4, ""prob"": 0.00046}, {""clase_id"": 57, ""prob"": 0.00038}, {""clase_id"": 71, ""prob"": 0.00031}, {""clase_id"": 55, ""prob"": 0.00026}]"
100737,60,0.99167,"[{""clase_id"": 60, ""prob"": 0.99167}, {""clase_id"": 4, ""prob"": 0.00065}, {""clase_id"": 49, ""prob"": 0.00035}, {""clase_id"": 55, ""prob"": 0.00032}, {""clase_id"": 75, ""prob"": 0.0003}]"
100738,60,0.99289,"[{""clase_id"": 60, ""prob"": 0.99289}, {""clase_id"": 4, ""prob"": 0.00044}, {""clase_id"": 57, ""prob"": 0.00041}, {""clase_id"": 55, ""prob"": 0.00028}, {""clase_id"": 71, ""prob"": 0.00027}]"
100739,60,0.98847,"[{""clase_id"": 60, ""prob"": 0.98847}, {""clase_id"": 75, ""prob"": 0.00095}, {""clase_id"": 4, ""prob"": 0.00084}, {""clase_id"": 57, ""prob"": 0.00081}, {""clase_id"": 39, ""prob"": 0.00037}]"
100740,60,0.99258,"[{""clase_id"": 60, ""prob"": 0.99258}, {""clase_id"": 57, ""prob"": 0.00054}, {""clase_id"": 4, ""prob"": 0.00045}, {""clase_id"": 55, ""prob"": 0.00032}, {""clase_id"": 49, ""prob"": 0.00023}]"
100741,60,0.96617,"[{""clase_id"": 60, ""prob"": 0.96617}, {""clase_id"": 4, ""prob"": 0.00269}, {""clase_id"": 58, ""prob"": 0.00244}, {""clase_id"": 57, ""prob"": 0.00236}, {""clase_id"": 49, ""prob"": 0.00224}]"
100742,60,0.99288,"[{""clase_id"": 60, ""prob"": 0.99288}, {""clase_id"": 4, ""prob"": 0.00045}, {""clase_id"": 57, ""prob"": 0.00041}, {""clase_id"": 55, ""prob"": 0.00027}, {""clase_id"": 71, ""prob"": 0.00026}]"
100743,60,0.9925,"[{""clase_id"": 60, ""prob"": 0.9925}, {""clase_id"": 4, ""prob"": 0.00038}, {""clase_id"": 71, ""prob"": 0.00033}, {""clase_id"": 47, ""prob"": 0.00029}, {""clase_id"": 55, ""prob"": 0.00027}]"
100744,60,0.99309,"[{""clase_id"": 60, ""prob"": 0.99309}, {""clase_id"": 4, ""prob"": 0.00048}, {""clase_id"": 57, ""prob"": 0.00045}, {""clase_id"": 71, ""prob"": 0.00027}, {""clase_id"": 55, ""prob"": 0.00024}]"
100745,60,0.99254,"[{""clase_id"": 60, ""prob"": 0.99254}, {""clase_id"": 4, ""prob"": 0.0004}, {""clase_id"": 57, ""prob"": 0.0004}, {""clase_id"": 75, ""prob"": 0.00035}, {""clase_id"": 71, ""prob"": 0.00026}]"
100746,60,0.99227,"[{""clase_id"": 60, ""prob"": 0.99227}, {""clase_id"": 4, ""prob"": 0.00048}, {""clase_id"": 55, ""prob"": 0.00029}, {""clase_id"": 71, ""prob"": 0.00029}, {""clase_id"": 57, ""prob"": 0.00028}]"
100747,60,0.99179,"[{""clase_id"": 60, ""prob"": 0.99179}, {""clase_id"": 47, ""prob"": 0.00045}, {""clase_id"": 4, ""prob"": 0.00045}, {""clase_id"": 71, ""prob"": 0.00033}, {""clase_id"": 75, ""prob"": 0.00029}]"
100748,60,0.99268,"[{""clase_id"": 60, ""prob"": 0.99268}, {""clase_id"": 4, ""prob"": 0.0005}, {""clase_id"": 55, ""prob"": 0.00029}, {""clase_id"": 71, ""prob"": 0.00028}, {""clase_id"": 57, ""prob"": 0.00027}]"
100749,60,0.98776,"[{""clase_id"": 60, ""prob"": 0.98776}, {""clase_id"": 4, ""prob"": 0.00202}, {""clase_id"": 57, ""prob"": 0.00122}, {""clase_id"": 49, ""prob"": 0.00046}, {""clase_id"": 62, ""prob"": 0.00033}]"
100750,60,0.99168,"[{""clase_id"": 60, ""prob"": 0.99168}, {""clase_id"": 57, ""prob"": 0.00075}, {""clase_id"": 4, ""prob"": 0.00047}, {""clase_id"": 75, ""prob"": 0.00037}, {""clase_id"": 34, ""prob"": 0.00032}]"
100751,60,0.98946,"[{""clase_id"": 60, ""prob"": 0.98946}, {""clase_id"": 75, ""prob"": 0.00091}, {""clase_id"": 57, ""prob"": 0.00051}, {""clase_id"": 4, ""prob"": 0.00046}, {""clase_id"": 47, ""prob"": 0.00041}]"
100752,60,0.99231,"[{""clase_id"": 60, ""prob"": 0.99231}, {""clase_id"": 4, ""prob"": 0.00056}, {""clase_id"": 57, ""prob"": 0.00042}, {""clase_id"": 55, ""prob"": 0.00029}, {""clase_id"": 49, ""prob"": 0.00028}]"
100753,60,0.99117,"[{""clase_id"": 60, ""prob"": 0.99117}, {""clase_id"": 75, ""prob"": 0.00061}, {""clase_id"": 4, ""prob"": 0.00048}, {""clase_id"": 47, ""prob"": 0.00037}, {""clase_id"": 34, ""prob"": 0.00031}]"
100754,60,0.99284,"[{""clase_id"": 60, ""prob"": 0.99284}, {""clase_id"": 57, ""prob"": 0.00049}, {""clase_id"": 4, ""prob"": 0.00041}, {""clase_id"": 55, ""prob"": 0.00027}, {""clase_id"": 71, ""prob"": 0.00027}]"
100755,60,0.99212,"[{""clase_id"": 60, ""prob"": 0.99212}, {""clase_id"": 4, ""prob"": 0.0006}, {""clase_id"": 57, ""prob"": 0.00037}, {""clase_id"": 75, ""prob"": 0.00035}, {""clase_id"": 49, ""prob"": 0.00028}]"
100756,60,0.9921,"[{""clase_id"": 60, ""prob"": 0.9921}, {""clase_id"": 4, ""prob"": 0.0006}, {""clase_id"": 71, ""prob"": 0.00034}, {""clase_id"": 55, ""prob"": 0.00031}, {""clase_id"": 49, ""prob"": 0.00027}]"
100757,60,0.98942,"[{""clase_id"": 60, ""prob"": 0.98942}, {""clase_id"": 57, ""prob"": 0.00117}, {""clase_id"": 4, ""prob"": 0.00098}, {""clase_id"": 71, ""prob"": 0.00063}, {""clase_id"": 47, ""prob"": 0.00043}]"
100758,60,0.99219,"[{""clase_id"": 60, ""prob"": 0.99219}, {""clase_id"": 4, ""prob"": 0.00071}, {""clase_id"": 57, ""prob"": 0.00066}, {""clase_id"": 49, ""prob"": 0.00028}, {""clase_id"": 55, ""prob"": 0.00027}]"
100759,60,0.99231,"[{""clase_id"": 60, ""prob"": 0.99231}, {""clase_id"": 4, ""prob"": 0.00051}, {""clase_id"": 71, ""prob"": 0.00032}, {""clase_id"": 55, ""prob"": 0.00029}, {""clase_id"": 49, ""prob"": 0.00026}]"
100760,75,0.99147,"[{""clase_id"": 75, ""prob"": 0.99147}, {""clase_id"": 46, ""prob"": 0.00245}, {""clase_id"": 26, ""prob"": 0.00087}, {""clase_id"": 76, ""prob"": 0.00068}, {""clase_id"": 18, ""prob"": 0.00035}]"
100761,75,0.99464,"[{""clase_id"": 75, ""prob"": 0.99464}, {""clase_id"": 46, ""prob"": 0.00069}, {""clase_id"": 26, ""prob"": 0.00043}, {""clase_id"": 76, ""prob"": 0.00035}, {""clase_id"": 18, ""prob"": 0.00022}]"
100762,75,0.99501,"[{""clase_id"": 75, ""prob"": 0.99501}, {""clase_id"": 46, ""prob"": 0.00044}, {""clase_id"": 76, ""prob"": 0.00032}, {""clase_id"": 26, ""prob"": 0.00029}, {""clase_id"": 18, ""prob"": 0.00026}]"
100763,26,0.76044,"[{""clase_id"": 26, ""prob"": 0.76044}, {""clase_id"": 75, ""prob"": 0.08808}, {""clase_id"": 18, ""prob"": 0.05435}, {""clase_id"": 19, ""prob"": 0.03044}, {""clase_id"": 76, ""prob"": 0.01384}]"
100764,75,0.99447,"[{""clase_id"": 75, ""prob"": 0.99447}, {""clase_id"": 46, ""prob"": 0.00044}, {""clase_id"": 60, ""prob"": 0.00033}, {""clase_id"": 76, ""prob"": 0.00032}, {""clase_id"": 18, ""prob"": 0.00021}]"
100765,75,0.9948,"[{""clase_id"": 75, ""prob"": 0.9948}, {""clase_id"": 76, ""prob"": 0.00051}, {""clase_id"": 46, ""prob"": 0.00036}, {""clase_id"": 18, ""prob"": 0.00023}, {""clase_id"": 60, ""prob"": 0.00021}]"
100766,75,0.9938,"[{""clase_id"": 75, ""prob"": 0.9938}, {""clase_id"": 46, ""prob"": 0.00076}, {""clase_id"": 18, ""prob"": 0.00058}, {""clase_id"": 60, ""prob"": 0.00031}, {""clase_id"": 76, ""prob"": 0.00025}]"
100767,75,0.99436,"[{""clase_id"": 75, ""prob"": 0.99436}, {""clase_id"": 46, ""prob"": 0.00072}, {""clase_id"": 76, ""prob"": 0.0007}, {""clase_id"": 60, ""prob"": 0.00025}, {""clase_id"": 18, ""prob"": 0.00021}]"
100768,75,0.99464,"[{""clase_id"": 75, ""prob"": 0.99464}, {""clase_id"": 46, ""prob"": 0.00035}, {""clase_id"": 60, ""prob"": 0.00028}, {""clase_id"": 76, ""prob"": 0.00028}, {""clase_id"": 18, ""prob"": 0.00024}]"
100769,75,0.99352,"[{""clase_id"": 75, ""prob"": 0.99352}, {""clase_id"": 46, ""prob"": 0.00101}, {""clase_id"": 76, ""prob"": 0.00038}, {""clase_id"": 60, ""prob"": 0.00034}, {""clase_id"": 51, ""prob"": 0.00023}]"
100770,75,0.99244,"[{""clase_id"": 75, ""prob"": 0.99244}, {""clase_id"": 76, ""prob"": 0.00149}, {""clase_id"": 46, ""prob"": 0.00127}, {""clase_id"": 60, ""prob"": 0.0003}, {""clase_id"": 26, ""prob"": 0.00025}]"
100771,75,0.99487,"[{""clase_id"": 75, ""prob"": 0.99487}, {""clase_id"": 46, ""prob"": 0.00055}, {""clase_id"": 76, ""prob"": 0.00048}, {""clase_id"": 26, ""prob"": 0.00037}, {""clase_id"": 18, ""prob"": 0.0002}]"
100772,75,0.99395,"[{""clase_id"": 75, ""prob"": 0.99395}, {""clase_id"": 76, ""prob"": 0.00054}, {""clase_id"": 46, ""prob"": 0.00052}, {""clase_id"": 18, ""prob"": 0.00029}, {""clase_id"": 60, ""prob"": 0.00027}]"
100773,20,0.51439,"[{""clase_id"": 20, ""prob"": 0.51439}, {""clase_id"": 46, ""prob"": 0.28531}, {""clase_id"": 75, ""prob"": 0.07085}, {""clase_id"": 3, ""prob"": 0.00857}, {""clase_id"": 18, ""prob"": 0.00836}]"
100774,75,0.99459,"[{""clase_id"": 75, ""prob"": 0.99459}, {""clase_id"": 26, ""prob"": 0.00051}, {""clase_id"": 46, ""prob"": 0.00039}, {""clase_id"": 76, ""prob"": 0.00038}, {""clase_id"": 18, ""prob"": 0.00024}]"
100775,26,0.57526,"[{""clase_id"": 26, ""prob"": 0.57526}, {""clase_id"": 75, ""prob"": 0.33049}, {""clase_id"": 46, ""prob"": 0.04257}, {""clase_id"": 76, ""prob"": 0.01223}, {""clase_id"": 20, ""prob"": 0.00716}]"
100776,75,0.99517,"[{""clase_id"": 75, ""prob"": 0.99517}, {""clase_id"": 46, ""prob"": 0.00053}, {""clase_id"": 76, ""prob"": 0.00044}, {""clase_id"": 18, ""prob"": 0.00029}, {""clase_id"": 26, ""prob"": 0.00018}]"
100777,75,0.99258,"[{""clase_id"": 75, ""prob"": 0.99258}, {""clase_id"": 46, ""prob"": 0.0008}, {""clase_id"": 76, ""prob"": 0.00079}, {""clase_id"": 18, ""prob"": 0.00034}, {""clase_id"": 28, ""prob"": 0.00032}]"
100778,75,0.9942,"[{""clase_id"": 75, ""prob"": 0.9942}, {""clase_id"": 46, ""prob"": 0.00079}, {""clase_id"": 76, ""prob"": 0.00036}, {""clase_id"": 60, ""prob"": 0.00031}, {""clase_id"": 18, ""prob"": 0.0002}]"
100779,75,0.9945,"[{""clase_id"": 75, ""prob"": 0.9945}, {""clase_id"": 46, ""prob"": 0.00045}, {""clase_id"": 76, ""prob"": 0.00032}, {""clase_id"": 18, ""prob"": 0.00031}, {""clase_id"": 51, ""prob"": 0.00021}]"
100780,75,0.99437,"[{""clase_id"": 75, ""prob"": 0.99437}, {""clase_id"": 46, ""prob"": 0.00045}, {""clase_id"": 60, ""prob"": 0.00031}, {""clase_id"": 76, ""prob"": 0.00026}, {""clase_id"": 18, ""prob"": 0.00022}]"
100781,75,0.99491,"[{""clase_id"": 75, ""prob"": 0.99491}, {""clase_id"": 46, ""prob"": 0.0005}, {""clase_id"": 18, ""prob"": 0.00035}, {""clase_id"": 76, ""prob"": 0.00023}, {""clase_id"": 51, ""prob"": 0.0002}]"
100782,75,0.98152,"[{""clase_id"": 75, ""prob"": 0.98152}, {""clase_id"": 60, ""prob"": 0.00213}, {""clase_id"": 64, ""prob"": 0.00124}, {""clase_id"": 34, ""prob"": 0.00076}, {""clase_id"": 39, ""prob"": 0.00075}]"
100783,75,0.99221,"[{""clase_id"": 75, ""prob"": 0.99221}, {""clase_id"": 76, ""prob"": 0.00159}, {""clase_id"": 46, ""prob"": 0.00057}, {""clase_id"": 19, ""prob"": 0.00041}, {""clase_id"": 26, ""prob"": 0.00037}]"
100784,75,0.98838,"[{""clase_id"": 75, ""prob"": 0.98838}, {""clase_id"": 76, ""prob"": 0.0048}, {""clase_id"": 26, ""prob"": 0.00122}, {""clase_id"": 46, ""prob"": 0.00072}, {""clase_id"": 18, ""prob"": 0.00027}]"
100785,75,0.99321,"[{""clase_id"": 75, ""prob"": 0.99321}, {""clase_id"": 76, ""prob"": 0.00081}, {""clase_id"": 46, ""prob"": 0.00081}, {""clase_id"": 18, ""prob"": 0.00065}, {""clase_id"": 19, ""prob"": 0.0002}]"
100786,75,0.98612,"[{""clase_id"": 75, ""prob"": 0.98612}, {""clase_id"": 60, ""prob"": 0.00142}, {""clase_id"": 18, ""prob"": 0.00079}, {""clase_id"": 59, ""prob"": 0.00064}, {""clase_id"": 26, ""prob"": 0.00042}]"
100787,75,0.99353,"[{""clase_id"": 75, ""prob"": 0.99353}, {""clase_id"": 76, ""prob"": 0.00053}, {""clase_id"": 18, ""prob"": 0.00043}, {""clase_id"": 46, ""prob"": 0.00033}, {""clase_id"": 51, ""prob"": 0.0003}]"
100788,75,0.99506,"[{""clase_id"": 75, ""prob"": 0.99506}, {""clase_id"": 46, ""prob"": 0.00042}, {""clase_id"": 76, ""prob"": 0.00026}, {""clase_id"": 26, ""prob"": 0.00024}, {""clase_id"": 18, ""prob"": 0.00024}]"
100789,75,0.99497,"[{""clase_id"": 75, ""prob"": 0.99497}, {""clase_id"": 46, ""prob"": 0.00044}, {""clase_id"": 76, ""prob"": 0.00042}, {""clase_id"": 26, ""prob"": 0.00036}, {""clase_id"": 18, ""prob"": 0.00021}]"
100790,75,0.9945,"[{""clase_id"": 75, ""prob"": 0.9945}, {""clase_id"": 46, ""prob"": 0.00053}, {""clase_id"": 18, ""prob"": 0.00037}, {""clase_id"": 76, ""prob"": 0.00027}, {""clase_id"": 60, ""prob"": 0.00026}]"
100791,75,0.99195,"[{""clase_id"": 75, ""prob"": 0.99195}, {""clase_id"": 76, ""prob"": 0.00251}, {""clase_id"": 46, ""prob"": 0.00054}, {""clase_id"": 26, ""prob"": 0.00037}, {""clase_id"": 60, ""prob"": 0.00024}]"
100792,75,0.99458,"[{""clase_id"": 75, ""prob"": 0.99458}, {""clase_id"": 46, ""prob"": 0.00032}, {""clase_id"": 76, ""prob"": 0.00025}, {""clase_id"": 18, ""prob"": 0.00023}, {""clase_id"": 51, ""prob"": 0.00022}]"
100793,75,0.99513,"[{""clase_id"": 75, ""prob"": 0.99513}, {""clase_id"": 76, ""prob"": 0.00057}, {""clase_id"": 46, ""prob"": 0.00047}, {""clase_id"": 18, ""prob"": 0.00028}, {""clase_id"": 26, ""prob"": 0.00024}]"
100794,75,0.99499,"[{""clase_id"": 75, ""prob"": 0.99499}, {""clase_id"": 46, ""prob"": 0.00035}, {""clase_id"": 76, ""prob"": 0.00032}, {""clase_id"": 18, ""prob"": 0.00023}, {""clase_id"": 51, ""prob"": 0.00019}]"
100795,75,0.99453,"[{""clase_id"": 75, ""prob"": 0.99453}, {""clase_id"": 46, ""prob"": 0.00081}, {""clase_id"": 26, ""prob"": 0.00048}, {""clase_id"": 76, ""prob"": 0.00028}, {""clase_id"": 18, ""prob"": 0.00025}]"
100796,75,0.99392,"[{""clase_id"": 75, ""prob"": 0.99392}, {""clase_id"": 76, ""prob"": 0.00073}, {""clase_id"": 46, ""prob"": 0.00034}, {""clase_id"": 60, ""prob"": 0.00027}, {""clase_id"": 26, ""prob"": 0.00026}]"
100797,75,0.99298,"[{""clase_id"": 75, ""prob"": 0.99298}, {""clase_id"": 76, ""prob"": 0.00139}, {""clase_id"": 46, ""prob"": 0.00046}, {""clase_id"": 60, ""prob"": 0.0003}, {""clase_id"": 26, ""prob"": 0.00028}]"
100798,75,0.93878,"[{""clase_id"": 75, ""prob"": 0.93878}, {""clase_id"": 76, ""prob"": 0.03939}, {""clase_id"": 46, ""prob"": 0.00503}, {""clase_id"": 26, ""prob"": 0.00216}, {""clase_id"": 19, ""prob"": 0.00153}]"
100799,26,0.98718,"[{""clase_id"": 26, ""prob"": 0.98718}, {""clase_id"": 18, ""prob"": 0.00308}, {""clase_id"": 3, ""prob"": 0.00156}, {""clase_id"": 76, ""prob"": 0.00127}, {""clase_id"": 75, ""prob"": 0.00063}]"
100800,15,0.99298,"[{""clase_id"": 15, ""prob"": 0.99298}, {""clase_id"": 19, ""prob"": 0.00081}, {""clase_id"": 39, ""prob"": 0.00068}, {""clase_id"": 64, ""prob"": 0.00061}, {""clase_id"": 57, ""prob"": 0.00056}]"
100801,15,0.994,"[{""clase_id"": 15, ""prob"": 0.994}, {""clase_id"": 19, ""prob"": 0.00058}, {""clase_id"": 57, ""prob"": 0.00045}, {""clase_id"": 64, ""prob"": 0.00045}, {""clase_id"": 53, ""prob"": 0.00026}]"
100802,15,0.99483,"[{""clase_id"": 15, ""prob"": 0.99483}, {""clase_id"": 19, ""prob"": 0.00071}, {""clase_id"": 64, ""prob"": 0.00041}, {""clase_id"": 57, ""prob"": 0.00035}, {""clase_id"": 53, ""prob"": 0.00026}]"
100803,15,0.53178,"[{""clase_id"": 15, ""prob"": 0.53178}, {""clase_id"": 63, ""prob"": 0.21757}, {""clase_id"": 34, ""prob"": 0.0983}, {""clase_id"": 28, ""prob"": 0.04919}, {""clase_id"": 16, ""prob"": 0.01444}]"
100804,15,0.99484,"[{""clase_id"": 15, ""prob"": 0.99484}, {""clase_id"": 19, ""prob"": 0.00056}, {""clase_id"": 34, ""prob"": 0.00042}, {""clase_id"": 64, ""prob"": 0.00041}, {""clase_id"": 57, ""prob"": 0.00027}]"
100805,15,0.99438,"[{""clase_id"": 15, ""prob"": 0.99438}, {""clase_id"": 64, ""prob"": 0.00057}, {""clase_id"": 57, ""prob"": 0.00045}, {""clase_id"": 19, ""prob"": 0.00041}, {""clase_id"": 53, ""prob"": 0.00029}]"
100806,15,0.99193,"[{""clase_id"": 15, ""prob"": 0.99193}, {""clase_id"": 53, ""prob"": 0.00097}, {""clase_id"": 19, ""prob"": 0.00066}, {""clase_id"": 64, ""prob"": 0.00064}, {""clase_id"": 57, ""prob"": 0.00036}]"
100807,15,0.86878,"[{""clase_id"": 15, ""prob"": 0.86878}, {""clase_id"": 64, ""prob"": 0.04942}, {""clase_id"": 28, ""prob"": 0.02901}, {""clase_id"": 19, ""prob"": 0.01586}, {""clase_id"": 34, ""prob"": 0.00506}]"
100808,15,0.99252,"[{""clase_id"": 15, ""prob"": 0.99252}, {""clase_id"": 64, ""prob"": 0.0011}, {""clase_id"": 19, ""prob"": 0.00097}, {""clase_id"": 16, ""prob"": 0.0005}, {""clase_id"": 34, ""prob"": 0.00044}]"
100809,15,0.99452,"[{""clase_id"": 15, ""prob"": 0.99452}, {""clase_id"": 19, ""prob"": 0.00077}, {""clase_id"": 64, ""prob"": 0.00035}, {""clase_id"": 57, ""prob"": 0.00031}, {""clase_id"": 53, ""prob"": 0.0003}]"
100810,15,0.99382,"[{""clase_id"": 15, ""prob"": 0.99382}, {""clase_id"": 19, ""prob"": 0.00057}, {""clase_id"": 53, ""prob"": 0.00043}, {""clase_id"": 64, ""prob"": 0.00037}, {""clase_id"": 57, ""prob"": 0.00035}]"
100811,15,0.98991,"[{""clase_id"": 15, ""prob"": 0.98991}, {""clase_id"": 39, ""prob"": 0.00113}, {""clase_id"": 10, ""prob"": 0.0008}, {""clase_id"": 57, ""prob"": 0.00072}, {""clase_id"": 64, ""prob"": 0.00064}]"
100812,28,0.90089,"[{""clase_id"": 28, ""prob"": 0.90089}, {""clase_id"": 34, ""prob"": 0.02685}, {""clase_id"": 63, ""prob"": 0.01461}, {""clase_id"": 16, ""prob"": 0.00766}, {""clase_id"": 15, ""prob"": 0.00548}]"
100813,15,0.99382,"[{""clase_id"": 15, ""prob"": 0.99382}, {""clase_id"": 57, ""prob"": 0.00067}, {""clase_id"": 19, ""prob"": 0.00039}, {""clase_id"": 10, ""prob"": 0.00033}, {""clase_id"": 64, ""prob"": 0.0003}]"
100814,15,0.99328,"[{""clase_id"": 15, ""prob"": 0.99328}, {""clase_id"": 57, ""prob"": 0.00086}, {""clase_id"": 19, ""prob"": 0.00082}, {""clase_id"": 39, ""prob"": 0.00051}, {""clase_id"": 64, ""prob"": 0.00046}]"
100815,15,0.99312,"[{""clase_id"": 15, ""prob"": 0.99312}, {""clase_id"": 19, ""prob"": 0.00049}, {""clase_id"": 10, ""prob"": 0.00049}, {""clase_id"": 57, ""prob"": 0.00045}, {""clase_id"": 53, ""prob"": 0.0003}]"
100816,15,0.98741,"[{""clase_id"": 15, ""prob"": 0.98741}, {""clase_id"": 64, ""prob"": 0.00264}, {""clase_id"": 53, ""prob"": 0.00174}, {""clase_id"": 19, ""prob"": 0.00117}, {""clase_id"": 57, ""prob"": 0.00061}]"
100817,15,0.99424,"[{""clase_id"": 15, ""prob"": 0.99424}, {""clase_id"": 19, ""prob"": 0.00052}, {""clase_id"": 57, ""prob"": 0.00043}, {""clase_id"": 64, ""prob"": 0.0004}, {""clase_id"": 53, ""prob"": 0.0003}]"
100818,15,0.99378,"[{""clase_id"": 15, ""prob"": 0.99378}, {""clase_id"": 57, ""prob"": 0.00052}, {""clase_id"": 19, ""prob"": 0.00037}, {""clase_id"": 10, ""prob"": 0.00035}, {""clase_id"": 53, ""prob"": 0.00033}]"
100819,15,0.99392,"[{""clase_id"": 15, ""prob"": 0.99392}, {""clase_id"": 19, ""prob"": 0.00062}, {""clase_id"": 53, ""prob"": 0.00045}, {""clase_id"": 64, ""prob"": 0.00043}, {""clase_id"": 57, ""prob"": 0.00037}]"
100820,15,0.99396,"[{""clase_id"": 15, ""prob"": 0.99396}, {""clase_id"": 57, ""prob"": 0.00095}, {""clase_id"": 19, ""prob"": 0.00049}, {""clase_id"": 64, ""prob"": 0.00038}, {""clase_id"": 10, ""prob"": 0.0003}]"
100821,15,0.99429,"[{""clase_id"": 15, ""prob"": 0.99429}, {""clase_id"": 19, ""prob"": 0.0008}, {""clase_id"": 64, ""prob"": 0.00061}, {""clase_id"": 34, ""prob"": 0.00042}, {""clase_id"": 57, ""prob"": 0.00041}]"
100822,15,0.98747,"[{""clase_id"": 15, ""prob"": 0.98747}, {""clase_id"": 57, ""prob"": 0.00198}, {""clase_id"": 19, ""prob"": 0.00151}, {""clase_id"": 39, ""prob"": 0.00114}, {""clase_id"": 10, ""prob"": 0.00074}]"
100823,15,0.99452,"[{""clase_id"": 15, ""prob"": 0.99452}, {""clase_id"": 19, ""prob"": 0.00071}, {""clase_id"": 64, ""prob"": 0.00033}, {""clase_id"": 57, ""prob"": 0.00033}, {""clase_id"": 53, ""prob"": 0.00028}]"
100824,15,0.97307,"[{""clase_id"": 15, ""prob"": 0.97307}, {""clase_id"": 57, ""prob"": 0.00292}, {""clase_id"": 43, ""prob"": 0.00239}, {""clase_id"": 64, ""prob"": 0.00178}, {""clase_id"": 34, ""prob"": 0.00153}]"
100825,15,0.99382,"[{""clase_id"": 15, ""prob"": 0.99382}, {""clase_id"": 57, ""prob"": 0.00101}, {""clase_id"": 19, ""prob"": 0.00055}, {""clase_id"": 64, ""prob"": 0.00046}, {""clase_id"": 39, ""prob"": 0.00028}]"
100826,15,0.99356,"[{""clase_id"": 15, ""prob"": 0.99356}, {""clase_id"": 57, ""prob"": 0.00065}, {""clase_id"": 19, ""prob"": 0.00044}, {""clase_id"": 10, ""prob"": 0.00043}, {""clase_id"": 34, ""prob"": 0.00026}]"
100827,15,0.99454,"[{""clase_id"": 15, ""prob"": 0.99454}, {""clase_id"": 19, ""prob"": 0.00052}, {""clase_id"": 57, ""prob"": 0.00037}, {""clase_id"": 64, ""prob"": 0.00036}, {""clase_id"": 10, ""prob"": 0.00024}]"
100828,15,0.98121,"[{""clase_id"": 15, ""prob"": 0.98121}, {""clase_id"": 64, ""prob"": 0.00818}, {""clase_id"": 19, ""prob"": 0.00337}, {""clase_id"": 57, ""prob"": 0.00113}, {""clase_id"": 34, ""prob"": 0.00087}]"
100829,15,0.99302,"[{""clase_id"": 15, ""prob"": 0.99302}, {""clase_id"": 64, ""prob"": 0.00103}, {""clase_id"": 19, ""prob"": 0.00093}, {""clase_id"": 34, ""prob"": 0.00052}, {""clase_id"": 16, ""prob"": 0.00047}]"
100830,15,0.93072,"[{""clase_id"": 15, ""prob"": 0.93072}, {""clase_id"": 57, ""prob"": 0.04675}, {""clase_id"": 39, ""prob"": 0.00395}, {""clase_id"": 19, ""prob"": 0.00164}, {""clase_id"": 10, ""prob"": 0.00159}]"
100831,15,0.99431,"[{""clase_id"": 15, ""prob"": 0.99431}, {""clase_id"": 19, ""prob"": 0.00084}, {""clase_id"": 57, ""prob"": 0.00055}, {""clase_id"": 64, ""prob"": 0.00033}, {""clase_id"": 39, ""prob"": 0.00032}]"
100832,15,0.95997,"[{""clase_id"": 15, ""prob"": 0.95997}, {""clase_id"": 10, ""prob"": 0.00649}, {""clase_id"": 57, ""prob"": 0.00625}, {""clase_id"": 43, ""prob"": 0.00459}, {""clase_id"": 39, ""prob"": 0.00217}]"
100833,15,0.98954,"[{""clase_id"": 15, ""prob"": 0.98954}, {""clase_id"": 16, ""prob"": 0.00128}, {""clase_id"": 64, ""prob"": 0.00103}, {""clase_id"": 53, ""prob"": 0.00069}, {""clase_id"": 19, ""prob"": 0.0006}]"
100834,15,0.99398,"[{""clase_id"": 15, ""prob"": 0.99398}, {""clase_id"": 19, ""prob"": 0.00076}, {""clase_id"": 57, ""prob"": 0.00042}, {""clase_id"": 53, ""prob"": 0.00042}, {""clase_id"": 64, ""prob"": 0.00038}]"
100835,15,0.94254,"[{""clase_id"": 15, ""prob"": 0.94254}, {""clase_id"": 34, ""prob"": 0.04042}, {""clase_id"": 19, ""prob"": 0.00513}, {""clase_id"": 64, ""prob"": 0.00116}, {""clase_id"": 57, ""prob"": 0.0007}]"
100836,15,0.99316,"[{""clase_id"": 15, ""prob"": 0.99316}, {""clase_id"": 53, ""prob"": 0.00053}, {""clase_id"": 57, ""prob"": 0.00043}, {""clase_id"": 19, ""prob"": 0.0004}, {""clase_id"": 64, ""prob"": 0.00039}]"
100837,15,0.9935,"[{""clase_id"": 15, ""prob"": 0.9935}, {""clase_id"": 19, ""prob"": 0.00059}, {""clase_id"": 64, ""prob"": 0.00053}, {""clase_id"": 53, ""prob"": 0.00052}, {""clase_id"": 57, ""prob"": 0.00039}]"
100838,15,0.99463,"[{""clase_id"": 15, ""prob"": 0.99463}, {""clase_id"": 19, ""prob"": 0.00073}, {""clase_id"": 57, ""prob"": 0.00046}, {""clase_id"": 64, ""prob"": 0.00031}, {""clase_id"": 39, ""prob"": 0.00025}]"
100839,15,0.99425,"[{""clase_id"": 15, ""prob"": 0.99425}, {""clase_id"": 64, ""prob"": 0.0005}, {""clase_id"": 19, ""prob"": 0.00044}, {""clase_id"": 57, ""prob"": 0.00036}, {""clase_id"": 10, ""prob"": 0.00034}]"
100840,66,0.98279,"[{""clase_id"": 66, ""prob"": 0.98279}, {""clase_id"": 5, ""prob"": 0.00544}, {""clase_id"": 48, ""prob"": 0.00443}, {""clase_id"": 7, ""prob"": 0.00057}, {""clase_id"": 35, ""prob"": 0.00055}]"
100841,66,0.99257,"[{""clase_id"": 66, ""prob"": 0.99257}, {""clase_id"": 5, ""prob"": 0.00152}, {""clase_id"": 48, ""prob"": 0.00099}, {""clase_id"": 67, ""prob"": 0.00065}, {""clase_id"": 11, ""prob"": 0.00058}]"
100842,66,0.97984,"[{""clase_id"": 66, ""prob"": 0.97984}, {""clase_id"": 48, ""prob"": 0.00523}, {""clase_id"": 45, ""prob"": 0.0023}, {""clase_id"": 5, ""prob"": 0.00144}, {""clase_id"": 53, ""prob"": 0.0013}]"
100843,66,0.99413,"[{""clase_id"": 66, ""prob"": 0.99413}, {""clase_id"": 11, ""prob"": 0.00075}, {""clase_id"": 5, ""prob"": 0.00066}, {""clase_id"": 48, ""prob"": 0.00041}, {""clase_id"": 53, ""prob"": 0.00037}]"
100844,66,0.99084,"[{""clase_id"": 66, ""prob"": 0.99084}, {""clase_id"": 5, ""prob"": 0.00258}, {""clase_id"": 48, ""prob"": 0.00073}, {""clase_id"": 67, ""prob"": 0.00055}, {""clase_id"": 27, ""prob"": 0.00048}]"
100845,66,0.98809,"[{""clase_id"": 66, ""prob"": 0.98809}, {""clase_id"": 67, ""prob"": 0.00203}, {""clase_id"": 7, ""prob"": 0.00127}, {""clase_id"": 5, ""prob"": 0.00104}, {""clase_id"": 11, ""prob"": 0.00092}]"
100846,66,0.99335,"[{""clase_id"": 66, ""prob"": 0.99335}, {""clase_id"": 11, ""prob"": 0.00087}, {""clase_id"": 5, ""prob"": 0.00075}, {""clase_id"": 67, ""prob"": 0.00044}, {""clase_id"": 53, ""prob"": 0.0004}]"
100847,66,0.99359,"[{""clase_id"": 66, ""prob"": 0.99359}, {""clase_id"": 5, ""prob"": 0.00092}, {""clase_id"": 48, ""prob"": 0.00059}, {""clase_id"": 11, ""prob"": 0.00055}, {""clase_id"": 7, ""prob"": 0.0004}]"
100848,66,0.9864,"[{""clase_id"": 66, ""prob"": 0.9864}, {""clase_id"": 5, ""prob"": 0.00617}, {""clase_id"": 11, ""prob"": 0.00096}, {""clase_id"": 48, ""prob"": 0.00062}, {""clase_id"": 67, ""prob"": 0.00058}]"
100849,5,0.44553,"[{""clase_id"": 5, ""prob"": 0.44553}, {""clase_id"": 67, ""prob"": 0.38804}, {""clase_id"": 66, ""prob"": 0.09874}, {""clase_id"": 48, ""prob"": 0.04757}, {""clase_id"": 56, ""prob"": 0.00117}]"
100850,66,0.99188,"[{""clase_id"": 66, ""prob"": 0.99188}, {""clase_id"": 5, ""prob"": 0.00218}, {""clase_id"": 11, ""prob"": 0.00096}, {""clase_id"": 6, ""prob"": 0.00039}, {""clase_id"": 67, ""prob"": 0.00038}]"
100851,5,0.91447,"[{""clase_id"": 5, ""prob"": 0.91447}, {""clase_id"": 66, ""prob"": 0.02647}, {""clase_id"": 65, ""prob"": 0.00854}, {""clase_id"": 50, ""prob"": 0.00769}, {""clase_id"": 67, ""prob"": 0.00708}]"
100852,35,0.90546,"[{""clase_id"": 35, ""prob"": 0.90546}, {""clase_id"": 7, ""prob"": 0.04459}, {""clase_id"": 8, ""prob"": 0.01774}, {""clase_id"": 27, ""prob"": 0.00593}, {""clase_id"": 66, ""prob"": 0.00509}]"
100853,66,0.98907,"[{""clase_id"": 66, ""prob"": 0.98907}, {""clase_id"": 11, ""prob"": 0.0022}, {""clase_id"": 5, ""prob"": 0.00082}, {""clase_id"": 7, ""prob"": 0.00061}, {""clase_id"": 53, ""prob"": 0.0006}]"
100854,66,0.99305,"[{""clase_id"": 66, ""prob"": 0.99305}, {""clase_id"": 11, ""prob"": 0.00136}, {""clase_id"": 48, ""prob"": 0.00045}, {""clase_id"": 5, ""prob"": 0.00044}, {""clase_id"": 53, ""prob"": 0.00042}]"
100855,66,0.98787,"[{""clase_id"": 66, ""prob"": 0.98787}, {""clase_id"": 48, ""prob"": 0.00156}, {""clase_id"": 11, ""prob"": 0.00105}, {""clase_id"": 5, ""prob"": 0.00089}, {""clase_id"": 53, ""prob"": 0.00077}]"
100856,66,0.99283,"[{""clase_id"": 66, ""prob"": 0.99283}, {""clase_id"": 5, ""prob"": 0.00178}, {""clase_id"": 48, ""prob"": 0.00117}, {""clase_id"": 8, ""prob"": 0.0003}, {""clase_id"": 67, ""prob"": 0.00029}]"
100857,35,0.92823,"[{""clase_id"": 35, ""prob"": 0.92823}, {""clase_id"": 27, ""prob"": 0.04658}, {""clase_id"": 7, ""prob"": 0.00572}, {""clase_id"": 5, ""prob"": 0.00417}, {""clase_id"": 20, ""prob"": 0.001}]"
100858,66,0.99216,"[{""clase_id"": 66, ""prob"": 0.99216}, {""clase_id"": 11, ""prob"": 0.00134}, {""clase_id"": 48, ""prob"": 0.00106}, {""clase_id"": 5, ""prob"": 0.00058}, {""clase_id"": 67, ""prob"": 0.00041}]"
100859,66,0.99233,"[{""clase_id"": 66, ""prob"": 0.99233}, {""clase_id"": 11, ""prob"": 0.00161}, {""clase_id"": 5, ""prob"": 0.00058}, {""clase_id"": 53, ""prob"": 0.0005}, {""clase_id"": 48, ""prob"": 0.00037}]"
100860,66,0.96298,"[{""clase_id"": 66, ""prob"": 0.96298}, {""clase_id"": 48, ""prob"": 0.01933}, {""clase_id"": 5, ""prob"": 0.00362}, {""clase_id"": 67, ""prob"": 0.00213}, {""clase_id"": 8, ""prob"": 0.00123}]"
100861,66,0.9918,"[{""clase_id"": 66, ""prob"": 0.9918}, {""clase_id"": 11, ""prob"": 0.00165}, {""clase_id"": 5, ""prob"": 0.00059}, {""clase_id"": 48, ""prob"": 0.00052}, {""clase_id"": 53, ""prob"": 0.00046}]"
100862,66,0.9929,"[{""clase_id"": 66, ""prob"": 0.9929}, {""clase_id"": 11, ""prob"": 0.00082}, {""clase_id"": 5, ""prob"": 0.00066}, {""clase_id"": 8, ""prob"": 0.00041}, {""clase_id"": 53, ""prob"": 0.0004}]"
100863,64,0.26112,"[{""clase_id"": 64, ""prob"": 0.26112}, {""clase_id"": 66, ""prob"": 0.22279}, {""clase_id"": 27, ""prob"": 0.10856}, {""clase_id"": 35, ""prob"": 0.08525}, {""clase_id"": 7, ""prob"": 0.07693}]"
100864,66,0.98986,"[{""clase_id"": 66, ""prob"": 0.98986}, {""clase_id"": 5, ""prob"": 0.002}, {""clase_id"": 50, ""prob"": 0.0007}, {""clase_id"": 53, ""prob"": 0.0005}, {""clase_id"": 11, ""prob"": 0.00047}]"
100865,66,0.99319,"[{""clase_id"": 66, ""prob"": 0.99319}, {""clase_id"": 5, ""prob"": 0.00135}, {""clase_id"": 48, ""prob"": 0.00048}, {""clase_id"": 6, ""prob"": 0.00044}, {""clase_id"": 53, ""prob"": 0.0004}]"
100866,66,0.95162,"[{""clase_id"": 66, ""prob"": 0.95162}, {""clase_id"": 45, ""prob"": 0.0156}, {""clase_id"": 48, ""prob"": 0.00727}, {""clase_id"": 8, ""prob"": 0.00328}, {""clase_id"": 53, ""prob"": 0.00255}]"
100867,66,0.99146,"[{""clase_id"": 66, ""prob"": 0.99146}, {""clase_id"": 8, ""prob"": 0.00106}, {""clase_id"": 48, ""prob"": 0.00074}, {""clase_id"": 5, ""prob"": 0.00069}, {""clase_id"": 53, ""prob"": 0.00065}]"
100868,66,0.99312,"[{""clase_id"": 66, ""prob"": 0.99312}, {""clase_id"": 48, ""prob"": 0.00066}, {""clase_id"": 11, ""prob"": 0.00062}, {""clase_id"": 5, ""prob"": 0.00052}, {""clase_id"": 8, ""prob"": 0.00049}]"
100869,66,0.99298,"[{""clase_id"": 66, ""prob"": 0.99298}, {""clase_id"": 11, ""prob"": 0.00068}, {""clase_id"": 53, ""prob"": 0.00059}, {""clase_id"": 8, ""prob"": 0.00056}, {""clase_id"": 67, ""prob"": 0.00054}]"
100870,66,0.92935,"[{""clase_id"": 66, ""prob"": 0.92935}, {""clase_id"": 48, ""prob"": 0.01342}, {""clase_id"": 7, ""prob"": 0.00768}, {""clase_id"": 8, ""prob"": 0.0073}, {""clase_id"": 35, ""prob"": 0.00714}]"
100871,66,0.99319,"[{""clase_id"": 66, ""prob"": 0.99319}, {""clase_id"": 5, ""prob"": 0.00099}, {""clase_id"": 11, ""prob"": 0.00066}, {""clase_id"": 6, ""prob"": 0.00062}, {""clase_id"": 67, ""prob"": 0.00048}]"
100872,66,0.99359,"[{""clase_id"": 66, ""prob"": 0.99359}, {""clase_id"": 11, ""prob"": 0.00094}, {""clase_id"": 5, ""prob"": 0.00064}, {""clase_id"": 6, ""prob"": 0.00042}, {""clase_id"": 48, ""prob"": 0.00032}]"
100873,67,0.88915,"[{""clase_id"": 67, ""prob"": 0.88915}, {""clase_id"": 5, ""prob"": 0.08398}, {""clase_id"": 48, ""prob"": 0.01022}, {""clase_id"": 66, ""prob"": 0.00681}, {""clase_id"": 56, ""prob"": 0.00096}]"
100874,66,0.99395,"[{""clase_id"": 66, ""prob"": 0.99395}, {""clase_id"": 5, ""prob"": 0.00077}, {""clase_id"": 11, ""prob"": 0.00053}, {""clase_id"": 6, ""prob"": 0.00042}, {""clase_id"": 53, ""prob"": 0.00036}]"
100875,66,0.99322,"[{""clase_id"": 66, ""prob"": 0.99321}, {""clase_id"": 11, ""prob"": 0.00083}, {""clase_id"": 5, ""prob"": 0.00078}, {""clase_id"": 6, ""prob"": 0.00054}, {""clase_id"": 53, ""prob"": 0.00039}]"
100876,66,0.99217,"[{""clase_id"": 66, ""prob"": 0.99217}, {""clase_id"": 5, ""prob"": 0.00151}, {""clase_id"": 67, ""prob"": 0.00083}, {""clase_id"": 48, ""prob"": 0.00052}, {""clase_id"": 11, ""prob"": 0.00042}]"
100877,66,0.99309,"[{""clase_id"": 66, ""prob"": 0.99309}, {""clase_id"": 11, ""prob"": 0.00066}, {""clase_id"": 5, ""prob"": 0.00066}, {""clase_id"": 67, ""prob"": 0.00065}, {""clase_id"": 48, ""prob"": 0.00055}]"
100878,66,0.99319,"[{""clase_id"": 66, ""prob"": 0.99319}, {""clase_id"": 11, ""prob"": 0.0009}, {""clase_id"": 48, ""prob"": 0.00054}, {""clase_id"": 5, ""prob"": 0.00053}, {""clase_id"": 53, ""prob"": 0.00051}]"
100879,66,0.98718,"[{""clase_id"": 66, ""prob"": 0.98718}, {""clase_id"": 5, ""prob"": 0.00216}, {""clase_id"": 48, ""prob"": 0.00126}, {""clase_id"": 67, ""prob"": 0.00056}, {""clase_id"": 7, ""prob"": 0.00054}]"
100880,54,0.98453,"[{""clase_id"": 54, ""prob"": 0.98453}, {""clase_id"": 36, ""prob"": 0.00703}, {""clase_id"": 62, ""prob"": 0.0008}, {""clase_id"": 58, ""prob"": 0.00067}, {""clase_id"": 57, ""prob"": 0.00053}]"
100881,24,0.37527,"[{""clase_id"": 24, ""prob"": 0.37527}, {""clase_id"": 54, ""prob"": 0.35173}, {""clase_id"": 62, ""prob"": 0.08882}, {""clase_id"": 57, ""prob"": 0.01279}, {""clase_id"": 36, ""prob"": 0.01124}]"
100882,54,0.98814,"[{""clase_id"": 54, ""prob"": 0.98814}, {""clase_id"": 57, ""prob"": 0.00248}, {""clase_id"": 36, ""prob"": 0.0017}, {""clase_id"": 73, ""prob"": 0.00083}, {""clase_id"": 24, ""prob"": 0.00072}]"
100883,54,0.99213,"[{""clase_id"": 54, ""prob"": 0.99213}, {""clase_id"": 36, ""prob"": 0.00161}, {""clase_id"": 73, ""prob"": 0.00072}, {""clase_id"": 62, ""prob"": 0.00036}, {""clase_id"": 57, ""prob"": 0.00032}]"
100884,54,0.98874,"[{""clase_id"": 54, ""prob"": 0.98874}, {""clase_id"": 57, ""prob"": 0.0025}, {""clase_id"": 62, ""prob"": 0.00197}, {""clase_id"": 36, ""prob"": 0.00071}, {""clase_id"": 58, ""prob"": 0.00068}]"
100885,54,0.99092,"[{""clase_id"": 54, ""prob"": 0.99092}, {""clase_id"": 62, ""prob"": 0.00141}, {""clase_id"": 57, ""prob"": 0.00111}, {""clase_id"": 58, ""prob"": 0.00074}, {""clase_id"": 36, ""prob"": 0.00056}]"
100886,54,0.99262,"[{""clase_id"": 54, ""prob"": 0.99262}, {""clase_id"": 36, ""prob"": 0.00089}, {""clase_id"": 57, ""prob"": 0.0007}, {""clase_id"": 73, ""prob"": 0.00061}, {""clase_id"": 62, ""prob"": 0.0004}]"
100887,54,0.9859,"[{""clase_id"": 54, ""prob"": 0.9859}, {""clase_id"": 57, ""prob"": 0.00468}, {""clase_id"": 73, ""prob"": 0.00114}, {""clase_id"": 36, ""prob"": 0.00092}, {""clase_id"": 62, ""prob"": 0.00062}]"
100888,54,0.99253,"[{""clase_id"": 54, ""prob"": 0.99253}, {""clase_id"": 57, ""prob"": 0.0014}, {""clase_id"": 62, ""prob"": 0.00069}, {""clase_id"": 36, ""prob"": 0.00059}, {""clase_id"": 73, ""prob"": 0.00044}]"
100889,54,0.98733,"[{""clase_id"": 54, ""prob"": 0.98733}, {""clase_id"": 73, ""prob"": 0.0043}, {""clase_id"": 57, ""prob"": 0.00078}, {""clase_id"": 36, ""prob"": 0.00051}, {""clase_id"": 62, ""prob"": 0.00039}]"
100890,54,0.99203,"[{""clase_id"": 54, ""prob"": 0.99203}, {""clase_id"": 57, ""prob"": 0.00175}, {""clase_id"": 62, ""prob"": 0.00072}, {""clase_id"": 73, ""prob"": 0.00052}, {""clase_id"": 36, ""prob"": 0.0005}]"
100891,54,0.99017,"[{""clase_id"": 54, ""prob"": 0.99017}, {""clase_id"": 36, ""prob"": 0.00272}, {""clase_id"": 57, ""prob"": 0.00106}, {""clase_id"": 24, ""prob"": 0.00045}, {""clase_id"": 62, ""prob"": 0.00041}]"
100892,54,0.99137,"[{""clase_id"": 54, ""prob"": 0.99137}, {""clase_id"": 73, ""prob"": 0.00179}, {""clase_id"": 36, ""prob"": 0.00067}, {""clase_id"": 57, ""prob"": 0.00065}, {""clase_id"": 62, ""prob"": 0.00043}]"
100893,54,0.98616,"[{""clase_id"": 54, ""prob"": 0.98616}, {""clase_id"": 73, ""prob"": 0.00324}, {""clase_id"": 57, ""prob"": 0.00122}, {""clase_id"": 62, ""prob"": 0.00091}, {""clase_id"": 39, ""prob"": 0.00081}]"
100894,54,0.99217,"[{""clase_id"": 54, ""prob"": 0.99217}, {""clase_id"": 57, ""prob"": 0.00134}, {""clase_id"": 62, ""prob"": 0.00094}, {""clase_id"": 36, ""prob"": 0.00051}, {""clase_id"": 73, ""prob"": 0.00039}]"
100895,54,0.99181,"[{""clase_id"": 54, ""prob"": 0.99181}, {""clase_id"": 62, ""prob"": 0.00168}, {""clase_id"": 73, ""prob"": 0.00093}, {""clase_id"": 57, ""prob"": 0.00054}, {""clase_id"": 36, ""prob"": 0.00047}]"
100896,54,0.99062,"[{""clase_id"": 54, ""prob"": 0.99062}, {""clase_id"": 73, ""prob"": 0.0017}, {""clase_id"": 36, ""prob"": 0.00112}, {""clase_id"": 57, ""prob"": 0.00062}, {""clase_id"": 24, ""prob"": 0.00051}]"
100897,54,0.99135,"[{""clase_id"": 54, ""prob"": 0.99135}, {""clase_id"": 36, ""prob"": 0.00143}, {""clase_id"": 73, ""prob"": 0.00113}, {""clase_id"": 62, ""prob"": 0.00036}, {""clase_id"": 24, ""prob"": 0.00028}]"
100898,54,0.99243,"[{""clase_id"": 54, ""prob"": 0.99243}, {""clase_id"": 36, ""prob"": 0.00137}, {""clase_id"": 62, ""prob"": 0.00078}, {""clase_id"": 57, ""prob"": 0.00046}, {""clase_id"": 73, ""prob"": 0.00037}]"
100899,54,0.99268,"[{""clase_id"": 54, ""prob"": 0.99268}, {""clase_id"": 57, ""prob"": 0.00131}, {""clase_id"": 62, ""prob"": 0.00073}, {""clase_id"": 36, ""prob"": 0.00051}, {""clase_id"": 73, ""prob"": 0.00049}]"
100900,54,0.98848,"[{""clase_id"": 54, ""prob"": 0.98848}, {""clase_id"": 36, ""prob"": 0.00258}, {""clase_id"": 57, ""prob"": 0.00187}, {""clase_id"": 62, ""prob"": 0.00072}, {""clase_id"": 58, ""prob"": 0.00047}]"
100901,36,0.86169,"[{""clase_id"": 36, ""prob"": 0.86169}, {""clase_id"": 54, ""prob"": 0.11707}, {""clase_id"": 33, ""prob"": 0.00313}, {""clase_id"": 37, ""prob"": 0.00131}, {""clase_id"": 58, ""prob"": 0.00076}]"
100902,54,0.99019,"[{""clase_id"": 54, ""prob"": 0.99019}, {""clase_id"": 57, ""prob"": 0.00294}, {""clase_id"": 73, ""prob"": 0.00089}, {""clase_id"": 36, ""prob"": 0.00073}, {""clase_id"": 62, ""prob"": 0.00042}]"
100903,54,0.98921,"[{""clase_id"": 54, ""prob"": 0.98921}, {""clase_id"": 36, ""prob"": 0.00386}, {""clase_id"": 57, ""prob"": 0.00066}, {""clase_id"": 73, ""prob"": 0.00049}, {""clase_id"": 62, ""prob"": 0.00044}]"
100904,24,0.4946,"[{""clase_id"": 24, ""prob"": 0.4946}, {""clase_id"": 54, ""prob"": 0.45416}, {""clase_id"": 36, ""prob"": 0.00492}, {""clase_id"": 57, ""prob"": 0.00347}, {""clase_id"": 73, ""prob"": 0.00265}]"
100905,54,0.99076,"[{""clase_id"": 54, ""prob"": 0.99076}, {""clase_id"": 73, ""prob"": 0.00185}, {""clase_id"": 36, ""prob"": 0.00118}, {""clase_id"": 57, ""prob"": 0.00043}, {""clase_id"": 62, ""prob"": 0.00033}]"
100906,54,0.98874,"[{""clase_id"": 54, ""prob"": 0.98874}, {""clase_id"": 36, ""prob"": 0.00375}, {""clase_id"": 73, ""prob"": 0.00113}, {""clase_id"": 24, ""prob"": 0.00038}, {""clase_id"": 57, ""prob"": 0.00033}]"
100907,54,0.99161,"[{""clase_id"": 54, ""prob"": 0.99161}, {""clase_id"": 73, ""prob"": 0.00115}, {""clase_id"": 62, ""prob"": 0.00104}, {""clase_id"": 57, ""prob"": 0.00086}, {""clase_id"": 36, ""prob"": 0.00056}]"
100908,54,0.92716,"[{""clase_id"": 54, ""prob"": 0.92716}, {""clase_id"": 10, ""prob"": 0.023}, {""clase_id"": 73, ""prob"": 0.00501}, {""clase_id"": 25, ""prob"": 0.00386}, {""clase_id"": 62, ""prob"": 0.00374}]"
100909,54,0.99056,"[{""clase_id"": 54, ""prob"": 0.99056}, {""clase_id"": 36, ""prob"": 0.00169}, {""clase_id"": 57, ""prob"": 0.0011}, {""clase_id"": 73, ""prob"": 0.00069}, {""clase_id"": 24, ""prob"": 0.00061}]"
100910,54,0.99133,"[{""clase_id"": 54, ""prob"": 0.99133}, {""clase_id"": 36, ""prob"": 0.00218}, {""clase_id"": 73, ""prob"": 0.00076}, {""clase_id"": 24, ""prob"": 0.0004}, {""clase_id"": 57, ""prob"": 0.00037}]"
100911,54,0.99048,"[{""clase_id"": 54, ""prob"": 0.99048}, {""clase_id"": 62, ""prob"": 0.00198}, {""clase_id"": 36, ""prob"": 0.00072}, {""clase_id"": 73, ""prob"": 0.00065}, {""clase_id"": 57, ""prob"": 0.00057}]"
100912,36,0.97818,"[{""clase_id"": 36, ""prob"": 0.97818}, {""clase_id"": 54, ""prob"": 0.00855}, {""clase_id"": 33, ""prob"": 0.00429}, {""clase_id"": 31, ""prob"": 0.00166}, {""clase_id"": 37, ""prob"": 0.00038}]"
100913,54,0.98975,"[{""clase_id"": 54, ""prob"": 0.98975}, {""clase_id"": 62, ""prob"": 0.00221}, {""clase_id"": 57, ""prob"": 0.00182}, {""clase_id"": 58, ""prob"": 0.00055}, {""clase_id"": 36, ""prob"": 0.0005}]"
100914,54,0.97842,"[{""clase_id"": 54, ""prob"": 0.97842}, {""clase_id"": 57, ""prob"": 0.0044}, {""clase_id"": 62, ""prob"": 0.00396}, {""clase_id"": 36, ""prob"": 0.00233}, {""clase_id"": 58, ""prob"": 0.00133}]"
100915,54,0.99033,"[{""clase_id"": 54, ""prob"": 0.99033}, {""clase_id"": 73, ""prob"": 0.00256}, {""clase_id"": 57, ""prob"": 0.00086}, {""clase_id"": 36, ""prob"": 0.00057}, {""clase_id"": 62, ""prob"": 0.00042}]"
100916,54,0.99227,"[{""clase_id"": 54, ""prob"": 0.99227}, {""clase_id"": 57, ""prob"": 0.00159}, {""clase_id"": 62, ""prob"": 0.00077}, {""clase_id"": 73, ""prob"": 0.00053}, {""clase_id"": 36, ""prob"": 0.00047}]"
100917,54,0.99189,"[{""clase_id"": 54, ""prob"": 0.99189}, {""clase_id"": 36, ""prob"": 0.00122}, {""clase_id"": 73, ""prob"": 0.00115}, {""clase_id"": 57, ""prob"": 0.00042}, {""clase_id"": 62, ""prob"": 0.00032}]"
100918,54,0.99235,"[{""clase_id"": 54, ""prob"": 0.99235}, {""clase_id"": 62, ""prob"": 0.00091}, {""clase_id"": 73, ""prob"": 0.0008}, {""clase_id"": 36, ""prob"": 0.00072}, {""clase_id"": 57, ""prob"": 0.00069}]"
100919,54,0.99137,"[{""clase_id"": 54, ""prob"": 0.99137}, {""clase_id"": 36, ""prob"": 0.00146}, {""clase_id"": 73, ""prob"": 0.00118}, {""clase_id"": 62, ""prob"": 0.00034}, {""clase_id"": 24, ""prob"": 0.00029}]"
100920,40,0.98786,"[{""clase_id"": 40, ""prob"": 0.98786}, {""clase_id"": 37, ""prob"": 0.00252}, {""clase_id"": 72, ""prob"": 0.00072}, {""clase_id"": 43, ""prob"": 0.00063}, {""clase_id"": 29, ""prob"": 0.00055}]"
100921,40,0.98575,"[{""clase_id"": 40, ""prob"": 0.98575}, {""clase_id"": 37, ""prob"": 0.00354}, {""clase_id"": 72, ""prob"": 0.00072}, {""clase_id"": 29, ""prob"": 0.00057}, {""clase_id"": 43, ""prob"": 0.00054}]"
100922,40,0.98544,"[{""clase_id"": 40, ""prob"": 0.98544}, {""clase_id"": 37, ""prob"": 0.00378}, {""clase_id"": 72, ""prob"": 0.00073}, {""clase_id"": 29, ""prob"": 0.00072}, {""clase_id"": 43, ""prob"": 0.00059}]"
100923,40,0.98168,"[{""clase_id"": 40, ""prob"": 0.98168}, {""clase_id"": 37, ""prob"": 0.00505}, {""clase_id"": 29, ""prob"": 0.00209}, {""clase_id"": 72, ""prob"": 0.00164}, {""clase_id"": 43, ""prob"": 0.00046}]"
100924,40,0.98573,"[{""clase_id"": 40, ""prob"": 0.98573}, {""clase_id"": 37, ""prob"": 0.00262}, {""clase_id"": 29, ""prob"": 0.00107}, {""clase_id"": 43, ""prob"": 0.00105}, {""clase_id"": 72, ""prob"": 0.00071}]"
100925,40,0.91224,"[{""clase_id"": 40, ""prob"": 0.91224}, {""clase_id"": 72, ""prob"": 0.04513}, {""clase_id"": 37, ""prob"": 0.01036}, {""clase_id"": 29, ""prob"": 0.00596}, {""clase_id"": 71, ""prob"": 0.00111}]"
100926,40,0.98926,"[{""clase_id"": 40, ""prob"": 0.98926}, {""clase_id"": 37, ""prob"": 0.00148}, {""clase_id"": 72, ""prob"": 0.00068}, {""clase_id"": 43, ""prob"": 0.00054}, {""clase_id"": 0, ""prob"": 0.00048}]"
100927,40,0.98761,"[{""clase_id"": 40, ""prob"": 0.98761}, {""clase_id"": 37, ""prob"": 0.00223}, {""clase_id"": 72, ""prob"": 0.00065}, {""clase_id"": 43, ""prob"": 0.00055}, {""clase_id"": 0, ""prob"": 0.00042}]"
100928,40,0.98624,"[{""clase_id"": 40, ""prob"": 0.98624}, {""clase_id"": 37, ""prob"": 0.00308}, {""clase_id"": 72, ""prob"": 0.00089}, {""clase_id"": 0, ""prob"": 0.00048}, {""clase_id"": 29, ""prob"": 0.00043}]"
100929,40,0.98429,"[{""clase_id"": 40, ""prob"": 0.98429}, {""clase_id"": 37, ""prob"": 0.00438}, {""clase_id"": 72, ""prob"": 0.00073}, {""clase_id"": 29, ""prob"": 0.00066}, {""clase_id"": 43, ""prob"": 0.00064}]"
100930,40,0.98651,"[{""clase_id"": 40, ""prob"": 0.98651}, {""clase_id"": 37, ""prob"": 0.00332}, {""clase_id"": 72, ""prob"": 0.00077}, {""clase_id"": 29, ""prob"": 0.00069}, {""clase_id"": 43, ""prob"": 0.00065}]"
100931,40,0.98612,"[{""clase_id"": 40, ""prob"": 0.98612}, {""clase_id"": 37, ""prob"": 0.00271}, {""clase_id"": 72, ""prob"": 0.00167}, {""clase_id"": 29, ""prob"": 0.00098}, {""clase_id"": 0, ""prob"": 0.00041}]"
100932,40,0.98834,"[{""clase_id"": 40, ""prob"": 0.98834}, {""clase_id"": 37, ""prob"": 0.00188}, {""clase_id"": 72, ""prob"": 0.00073}, {""clase_id"": 29, ""prob"": 0.00072}, {""clase_id"": 43, ""prob"": 0.00069}]"
100933,40,0.98894,"[{""clase_id"": 40, ""prob"": 0.98894}, {""clase_id"": 37, ""prob"": 0.0018}, {""clase_id"": 72, ""prob"": 0.00069}, {""clase_id"": 43, ""prob"": 0.00061}, {""clase_id"": 29, ""prob"": 0.00058}]"
100934,40,0.98824,"[{""clase_id"": 40, ""prob"": 0.98824}, {""clase_id"": 37, ""prob"": 0.00217}, {""clase_id"": 72, ""prob"": 0.00089}, {""clase_id"": 29, ""prob"": 0.00071}, {""clase_id"": 43, ""prob"": 0.00042}]"
100935,40,0.98808,"[{""clase_id"": 40, ""prob"": 0.98808}, {""clase_id"": 37, ""prob"": 0.00216}, {""clase_id"": 72, ""prob"": 0.00072}, {""clase_id"": 29, ""prob"": 0.00064}, {""clase_id"": 43, ""prob"": 0.00056}]"
100936,40,0.98852,"[{""clase_id"": 40, ""prob"": 0.98852}, {""clase_id"": 37, ""prob"": 0.00186}, {""clase_id"": 72, ""prob"": 0.00065}, {""clase_id"": 43, ""prob"": 0.00061}, {""clase_id"": 29, ""prob"": 0.00053}]"
100937,40,0.98231,"[{""clase_id"": 40, ""prob"": 0.98231}, {""clase_id"": 37, ""prob"": 0.00604}, {""clase_id"": 72, ""prob"": 0.001}, {""clase_id"": 29, ""prob"": 0.00062}, {""clase_id"": 0, ""prob"": 0.00046}]"
100938,40,0.98782,"[{""clase_id"": 40, ""prob"": 0.98782}, {""clase_id"": 37, ""prob"": 0.00244}, {""clase_id"": 72, ""prob"": 0.00076}, {""clase_id"": 29, ""prob"": 0.00048}, {""clase_id"": 43, ""prob"": 0.00047}]"
100939,40,0.98727,"[{""clase_id"": 40, ""prob"": 0.98727}, {""clase_id"": 37, ""prob"": 0.00268}, {""clase_id"": 72, ""prob"": 0.00068}, {""clase_id"": 43, ""prob"": 0.00067}, {""clase_id"": 29, ""prob"": 0.00066}]"
100940,40,0.98782,"[{""clase_id"": 40, ""prob"": 0.98782}, {""clase_id"": 37, ""prob"": 0.00245}, {""clase_id"": 72, ""prob"": 0.00067}, {""clase_id"": 43, ""prob"": 0.00064}, {""clase_id"": 29, ""prob"": 0.00047}]"
100941,40,0.98529,"[{""clase_id"": 40, ""prob"": 0.98529}, {""clase_id"": 37, ""prob"": 0.00381}, {""clase_id"": 72, ""prob"": 0.00083}, {""clase_id"": 29, ""prob"": 0.00071}, {""clase_id"": 0, ""prob"": 0.00045}]"
100942,40,0.98683,"[{""clase_id"": 40, ""prob"": 0.98683}, {""clase_id"": 37, ""prob"": 0.00253}, {""clase_id"": 29, ""prob"": 0.00096}, {""clase_id"": 72, ""prob"": 0.00071}, {""clase_id"": 43, ""prob"": 0.00058}]"
100943,40,0.98713,"[{""clase_id"": 40, ""prob"": 0.98713}, {""clase_id"": 37, ""prob"": 0.00285}, {""clase_id"": 72, ""prob"": 0.00083}, {""clase_id"": 29, ""prob"": 0.00081}, {""clase_id"": 43, ""prob"": 0.00058}]"
100944,40,0.9881,"[{""clase_id"": 40, ""prob"": 0.9881}, {""clase_id"": 37, ""prob"": 0.00224}, {""clase_id"": 72, ""prob"": 0.0012}, {""clase_id"": 29, ""prob"": 0.00067}, {""clase_id"": 0, ""prob"": 0.00052}]"
100945,43,0.90158,"[{""clase_id"": 43, ""prob"": 0.90158}, {""clase_id"": 39, ""prob"": 0.01579}, {""clase_id"": 9, ""prob"": 0.01291}, {""clase_id"": 11, ""prob"": 0.01227}, {""clase_id"": 13, ""prob"": 0.00913}]"
100946,40,0.98757,"[{""clase_id"": 40, ""prob"": 0.98757}, {""clase_id"": 37, ""prob"": 0.00236}, {""clase_id"": 72, ""prob"": 0.00067}, {""clase_id"": 43, ""prob"": 0.00051}, {""clase_id"": 29, ""prob"": 0.00049}]"
100947,40,0.98496,"[{""clase_id"": 40, ""prob"": 0.98496}, {""clase_id"": 37, ""prob"": 0.00421}, {""clase_id"": 72, ""prob"": 0.00118}, {""clase_id"": 29, ""prob"": 0.00083}, {""clase_id"": 43, ""prob"": 0.00042}]"
100948,40,0.98749,"[{""clase_id"": 40, ""prob"": 0.98749}, {""clase_id"": 37, ""prob"": 0.00249}, {""clase_id"": 72, ""prob"": 0.00068}, {""clase_id"": 29, ""prob"": 0.00053}, {""clase_id"": 43, ""prob"": 0.00052}]"
100949,40,0.98345,"[{""clase_id"": 40, ""prob"": 0.98345}, {""clase_id"": 37, ""prob"": 0.00277}, {""clase_id"": 72, ""prob"": 0.0027}, {""clase_id"": 29, ""prob"": 0.00129}, {""clase_id"": 0, ""prob"": 0.00057}]"
100950,40,0.98525,"[{""clase_id"": 40, ""prob"": 0.98525}, {""clase_id"": 37, ""prob"": 0.00423}, {""clase_id"": 72, ""prob"": 0.00103}, {""clase_id"": 29, ""prob"": 0.00067}, {""clase_id"": 43, ""prob"": 0.00044}]"
100951,40,0.9872,"[{""clase_id"": 40, ""prob"": 0.9872}, {""clase_id"": 37, ""prob"": 0.00278}, {""clase_id"": 72, ""prob"": 0.00074}, {""clase_id"": 29, ""prob"": 0.00065}, {""clase_id"": 43, ""prob"": 0.00054}]"
100952,40,0.98848,"[{""clase_id"": 40, ""prob"": 0.98848}, {""clase_id"": 37, ""prob"": 0.00209}, {""clase_id"": 72, ""prob"": 0.00067}, {""clase_id"": 43, ""prob"": 0.00058}, {""clase_id"": 29, ""prob"": 0.00053}]"
100953,40,0.98663,"[{""clase_id"": 40, ""prob"": 0.98663}, {""clase_id"": 37, ""prob"": 0.00269}, {""clase_id"": 43, ""prob"": 0.0008}, {""clase_id"": 29, ""prob"": 0.00066}, {""clase_id"": 72, ""prob"": 0.00064}]"
100954,40,0.9851,"[{""clase_id"": 40, ""prob"": 0.9851}, {""clase_id"": 37, ""prob"": 0.00393}, {""clase_id"": 72, ""prob"": 0.00094}, {""clase_id"": 29, ""prob"": 0.00092}, {""clase_id"": 0, ""prob"": 0.00044}]"
100955,40,0.97858,"[{""clase_id"": 40, ""prob"": 0.97858}, {""clase_id"": 37, ""prob"": 0.00303}, {""clase_id"": 12, ""prob"": 0.00232}, {""clase_id"": 72, ""prob"": 0.00158}, {""clase_id"": 0, ""prob"": 0.00101}]"
100956,40,0.98683,"[{""clase_id"": 40, ""prob"": 0.98683}, {""clase_id"": 37, ""prob"": 0.00258}, {""clase_id"": 72, ""prob"": 0.00192}, {""clase_id"": 29, ""prob"": 0.00054}, {""clase_id"": 0, ""prob"": 0.00042}]"
100957,40,0.98545,"[{""clase_id"": 40, ""prob"": 0.98545}, {""clase_id"": 37, ""prob"": 0.00388}, {""clase_id"": 72, ""prob"": 0.00071}, {""clase_id"": 29, ""prob"": 0.0007}, {""clase_id"": 43, ""prob"": 0.00066}]"
100958,40,0.98829,"[{""clase_id"": 40, ""prob"": 0.98829}, {""clase_id"": 37, ""prob"": 0.00206}, {""clase_id"": 72, ""prob"": 0.00074}, {""clase_id"": 29, ""prob"": 0.00051}, {""clase_id"": 43, ""prob"": 0.00049}]"
100959,40,0.98754,"[{""clase_id"": 40, ""prob"": 0.98754}, {""clase_id"": 37, ""prob"": 0.00215}, {""clase_id"": 29, ""prob"": 0.00082}, {""clase_id"": 43, ""prob"": 0.00072}, {""clase_id"": 72, ""prob"": 0.00071}]"
100960,10,0.95678,"[{""clase_id"": 10, ""prob"": 0.95678}, {""clase_id"": 54, ""prob"": 0.00965}, {""clase_id"": 24, ""prob"": 0.0064}, {""clase_id"": 73, ""prob"": 0.00529}, {""clase_id"": 43, ""prob"": 0.00139}]"
100961,10,0.98236,"[{""clase_id"": 10, ""prob"": 0.98236}, {""clase_id"": 22, ""prob"": 0.00326}, {""clase_id"": 24, ""prob"": 0.00084}, {""clase_id"": 73, ""prob"": 0.00078}, {""clase_id"": 69, ""prob"": 0.00077}]"
100962,10,0.46426,"[{""clase_id"": 10, ""prob"": 0.46426}, {""clase_id"": 24, ""prob"": 0.30368}, {""clase_id"": 54, ""prob"": 0.15233}, {""clase_id"": 73, ""prob"": 0.00856}, {""clase_id"": 50, ""prob"": 0.00377}]"
100963,10,0.96112,"[{""clase_id"": 10, ""prob"": 0.96112}, {""clase_id"": 73, ""prob"": 0.00462}, {""clase_id"": 69, ""prob"": 0.00237}, {""clase_id"": 22, ""prob"": 0.00236}, {""clase_id"": 68, ""prob"": 0.00177}]"
100964,10,0.98256,"[{""clase_id"": 10, ""prob"": 0.98256}, {""clase_id"": 43, ""prob"": 0.00367}, {""clase_id"": 24, ""prob"": 0.00148}, {""clase_id"": 22, ""prob"": 0.00086}, {""clase_id"": 41, ""prob"": 0.00074}]"
100965,10,0.98628,"[{""clase_id"": 10, ""prob"": 0.98628}, {""clase_id"": 73, ""prob"": 0.0012}, {""clase_id"": 24, ""prob"": 0.00096}, {""clase_id"": 22, ""prob"": 0.00092}, {""clase_id"": 69, ""prob"": 0.00073}]"
100966,10,0.81201,"[{""clase_id"": 10, ""prob"": 0.81201}, {""clase_id"": 29, ""prob"": 0.10378}, {""clase_id"": 43, ""prob"": 0.0103}, {""clase_id"": 15, ""prob"": 0.00649}, {""clase_id"": 73, ""prob"": 0.00322}]"
100967,10,0.88982,"[{""clase_id"": 10, ""prob"": 0.88982}, {""clase_id"": 43, ""prob"": 0.04985}, {""clase_id"": 41, ""prob"": 0.00386}, {""clase_id"": 52, ""prob"": 0.0037}, {""clase_id"": 22, ""prob"": 0.00342}]"
100968,10,0.9834,"[{""clase_id"": 10, ""prob"": 0.9834}, {""clase_id"": 24, ""prob"": 0.00224}, {""clase_id"": 73, ""prob"": 0.00168}, {""clase_id"": 43, ""prob"": 0.00095}, {""clase_id"": 22, ""prob"": 0.00082}]"
100969,10,0.98431,"[{""clase_id"": 10, ""prob"": 0.98431}, {""clase_id"": 43, ""prob"": 0.00167}, {""clase_id"": 22, ""prob"": 0.00095}, {""clase_id"": 69, ""prob"": 0.00093}, {""clase_id"": 73, ""prob"": 0.00073}]"
100970,10,0.97935,"[{""clase_id"": 10, ""prob"": 0.97935}, {""clase_id"": 73, ""prob"": 0.0031}, {""clase_id"": 43, ""prob"": 0.00145}, {""clase_id"": 29, ""prob"": 0.00133}, {""clase_id"": 69, ""prob"": 0.00089}]"
100971,10,0.98625,"[{""clase_id"": 10, ""prob"": 0.98625}, {""clase_id"": 73, ""prob"": 0.00144}, {""clase_id"": 54, ""prob"": 0.00108}, {""clase_id"": 69, ""prob"": 0.00103}, {""clase_id"": 24, ""prob"": 0.00098}]"
100972,10,0.98083,"[{""clase_id"": 10, ""prob"": 0.98083}, {""clase_id"": 69, ""prob"": 0.00177}, {""clase_id"": 43, ""prob"": 0.00143}, {""clase_id"": 22, ""prob"": 0.00122}, {""clase_id"": 24, ""prob"": 0.00106}]"
100973,10,0.98483,"[{""clase_id"": 10, ""prob"": 0.98483}, {""clase_id"": 43, ""prob"": 0.00164}, {""clase_id"": 73, ""prob"": 0.00104}, {""clase_id"": 69, ""prob"": 0.00102}, {""clase_id"": 29, ""prob"": 0.00067}]"
100974,10,0.9682,"[{""clase_id"": 10, ""prob"": 0.9682}, {""clase_id"": 54, ""prob"": 0.01069}, {""clase_id"": 73, ""prob"": 0.00216}, {""clase_id"": 24, ""prob"": 0.00182}, {""clase_id"": 69, ""prob"": 0.0011}]"
100975,10,0.97046,"[{""clase_id"": 10, ""prob"": 0.97046}, {""clase_id"": 73, ""prob"": 0.0036}, {""clase_id"": 43, ""prob"": 0.00295}, {""clase_id"": 14, ""prob"": 0.00229}, {""clase_id"": 37, ""prob"": 0.00184}]"
100976,10,0.98797,"[{""clase_id"": 10, ""prob"": 0.98797}, {""clase_id"": 73, ""prob"": 0.00097}, {""clase_id"": 43, ""prob"": 0.00086}, {""clase_id"": 22, ""prob"": 0.00067}, {""clase_id"": 24, ""prob"": 0.00059}]"
100977,10,0.98369,"[{""clase_id"": 10, ""prob"": 0.98369}, {""clase_id"": 43, ""prob"": 0.00148}, {""clase_id"": 69, ""prob"": 0.00127}, {""clase_id"": 24, ""prob"": 0.00123}, {""clase_id"": 22, ""prob"": 0.00109}]"
100978,10,0.98406,"[{""clase_id"": 10, ""prob"": 0.98406}, {""clase_id"": 69, ""prob"": 0.00132}, {""clase_id"": 54, ""prob"": 0.00093}, {""clase_id"": 73, ""prob"": 0.00077}, {""clase_id"": 24, ""prob"": 0.00068}]"
100979,24,0.9743,"[{""clase_id"": 24, ""prob"": 0.9743}, {""clase_id"": 10, ""prob"": 0.00558}, {""clase_id"": 54, ""prob"": 0.0021}, {""clase_id"": 9, ""prob"": 0.00157}, {""clase_id"": 50, ""prob"": 0.00105}]"
100980,54,0.7841,"[{""clase_id"": 54, ""prob"": 0.7841}, {""clase_id"": 10, ""prob"": 0.07683}, {""clase_id"": 62, ""prob"": 0.04001}, {""clase_id"": 45, ""prob"": 0.00936}, {""clase_id"": 16, ""prob"": 0.00869}]"
100981,10,0.98085,"[{""clase_id"": 10, ""prob"": 0.98085}, {""clase_id"": 22, ""prob"": 0.00181}, {""clase_id"": 14, ""prob"": 0.00141}, {""clase_id"": 43, ""prob"": 0.00115}, {""clase_id"": 69, ""prob"": 0.00097}]"
100982,10,0.98497,"[{""clase_id"": 10, ""prob"": 0.98497}, {""clase_id"": 43, ""prob"": 0.00205}, {""clase_id"": 22, ""prob"": 0.00099}, {""clase_id"": 24, ""prob"": 0.00072}, {""clase_id"": 41, ""prob"": 0.00071}]"
100983,10,0.975,"[{""clase_id"": 10, ""prob"": 0.975}, {""clase_id"": 43, ""prob"": 0.00539}, {""clase_id"": 14, ""prob"": 0.00148}, {""clase_id"": 41, ""prob"": 0.00147}, {""clase_id"": 22, ""prob"": 0.00132}]"
100984,10,0.98444,"[{""clase_id"": 10, ""prob"": 0.98444}, {""clase_id"": 43, ""prob"": 0.00182}, {""clase_id"": 24, ""prob"": 0.00149}, {""clase_id"": 22, ""prob"": 0.00093}, {""clase_id"": 41, ""prob"": 0.00082}]"
100985,10,0.98463,"[{""clase_id"": 10, ""prob"": 0.98463}, {""clase_id"": 69, ""prob"": 0.00116}, {""clase_id"": 73, ""prob"": 0.00112}, {""clase_id"": 22, ""prob"": 0.00103}, {""clase_id"": 24, ""prob"": 0.0009}]"
100986,10,0.98646,"[{""clase_id"": 10, ""prob"": 0.98646}, {""clase_id"": 43, ""prob"": 0.00145}, {""clase_id"": 24, ""prob"": 0.00134}, {""clase_id"": 73, ""prob"": 0.00073}, {""clase_id"": 69, ""prob"": 0.00066}]"
100987,10,0.98497,"[{""clase_id"": 10, ""prob"": 0.98497}, {""clase_id"": 22, ""prob"": 0.00132}, {""clase_id"": 54, ""prob"": 0.00095}, {""clase_id"": 24, ""prob"": 0.00094}, {""clase_id"": 73, ""prob"": 0.00084}]"
100988,14,0.96976,"[{""clase_id"": 14, ""prob"": 0.96976}, {""clase_id"": 10, ""prob"": 0.00681}, {""clase_id"": 43, ""prob"": 0.00225}, {""clase_id"": 41, ""prob"": 0.00196}, {""clase_id"": 68, ""prob"": 0.00144}]"
100989,54,0.39363,"[{""clase_id"": 54, ""prob"": 0.39363}, {""clase_id"": 73, ""prob"": 0.1312}, {""clase_id"": 10, ""prob"": 0.07499}, {""clase_id"": 13, ""prob"": 0.06291}, {""clase_id"": 39, ""prob"": 0.05949}]"
100990,10,0.97836,"[{""clase_id"": 10, ""prob"": 0.97836}, {""clase_id"": 24, ""prob"": 0.00281}, {""clase_id"": 22, ""prob"": 0.00166}, {""clase_id"": 69, ""prob"": 0.00121}, {""clase_id"": 43, ""prob"": 0.00089}]"
100991,10,0.89328,"[{""clase_id"": 10, ""prob"": 0.89328}, {""clase_id"": 43, ""prob"": 0.04267}, {""clase_id"": 15, ""prob"": 0.00754}, {""clase_id"": 12, ""prob"": 0.00368}, {""clase_id"": 39, ""prob"": 0.00346}]"
100992,10,0.98623,"[{""clase_id"": 10, ""prob"": 0.98623}, {""clase_id"": 43, ""prob"": 0.00131}, {""clase_id"": 73, ""prob"": 0.00122}, {""clase_id"": 22, ""prob"": 0.00069}, {""clase_id"": 69, ""prob"": 0.00061}]"
100993,10,0.98616,"[{""clase_id"": 10, ""prob"": 0.98616}, {""clase_id"": 43, ""prob"": 0.00109}, {""clase_id"": 24, ""prob"": 0.00106}, {""clase_id"": 69, ""prob"": 0.00091}, {""clase_id"": 73, ""prob"": 0.0008}]"
100994,10,0.92145,"[{""clase_id"": 10, ""prob"": 0.92145}, {""clase_id"": 73, ""prob"": 0.02855}, {""clase_id"": 54, ""prob"": 0.01895}, {""clase_id"": 43, ""prob"": 0.00223}, {""clase_id"": 3, ""prob"": 0.00181}]"
100995,10,0.97666,"[{""clase_id"": 10, ""prob"": 0.97666}, {""clase_id"": 22, ""prob"": 0.0049}, {""clase_id"": 41, ""prob"": 0.00131}, {""clase_id"": 14, ""prob"": 0.00107}, {""clase_id"": 43, ""prob"": 0.00095}]"
100996,10,0.95352,"[{""clase_id"": 10, ""prob"": 0.95352}, {""clase_id"": 54, ""prob"": 0.00428}, {""clase_id"": 29, ""prob"": 0.00337}, {""clase_id"": 3, ""prob"": 0.00301}, {""clase_id"": 37, ""prob"": 0.00278}]"
100997,10,0.97335,"[{""clase_id"": 10, ""prob"": 0.97335}, {""clase_id"": 43, ""prob"": 0.00642}, {""clase_id"": 14, ""prob"": 0.00121}, {""clase_id"": 22, ""prob"": 0.00105}, {""clase_id"": 69, ""prob"": 0.001}]"
100998,10,0.83696,"[{""clase_id"": 10, ""prob"": 0.83696}, {""clase_id"": 54, ""prob"": 0.09313}, {""clase_id"": 15, ""prob"": 0.00942}, {""clase_id"": 73, ""prob"": 0.00782}, {""clase_id"": 2, ""prob"": 0.00359}]"
100999,10,0.98298,"[{""clase_id"": 10, ""prob"": 0.98298}, {""clase_id"": 54, ""prob"": 0.00176}, {""clase_id"": 22, ""prob"": 0.00149}, {""clase_id"": 73, ""prob"": 0.00118}, {""clase_id"": 24, ""prob"": 0.0009}]"
101000,61,0.98781,"[{""clase_id"": 61, ""prob"": 0.98781}, {""clase_id"": 52, ""prob"": 0.0027}, {""clase_id"": 59, ""prob"": 0.00125}, {""clase_id"": 47, ""prob"": 0.0004}, {""clase_id"": 7, ""prob"": 0.0004}]"
101001,61,0.99352,"[{""clase_id"": 61, ""prob"": 0.99352}, {""clase_id"": 59, ""prob"": 0.00081}, {""clase_id"": 2, ""prob"": 0.00037}, {""clase_id"": 47, ""prob"": 0.00032}, {""clase_id"": 52, ""prob"": 0.00029}]"
101002,61,0.9942,"[{""clase_id"": 61, ""prob"": 0.9942}, {""clase_id"": 59, ""prob"": 0.00093}, {""clase_id"": 47, ""prob"": 0.00044}, {""clase_id"": 2, ""prob"": 0.00027}, {""clase_id"": 76, ""prob"": 0.00023}]"
101003,61,0.99016,"[{""clase_id"": 61, ""prob"": 0.99016}, {""clase_id"": 47, ""prob"": 0.00147}, {""clase_id"": 59, ""prob"": 0.00125}, {""clase_id"": 6, ""prob"": 0.00054}, {""clase_id"": 62, ""prob"": 0.00038}]"
101004,63,0.98414,"[{""clase_id"": 63, ""prob"": 0.98414}, {""clase_id"": 61, ""prob"": 0.00285}, {""clase_id"": 52, ""prob"": 0.00074}, {""clase_id"": 34, ""prob"": 0.00071}, {""clase_id"": 8, ""prob"": 0.00056}]"
101005,61,0.99406,"[{""clase_id"": 61, ""prob"": 0.99406}, {""clase_id"": 59, ""prob"": 0.00059}, {""clase_id"": 31, ""prob"": 0.00028}, {""clase_id"": 2, ""prob"": 0.00027}, {""clase_id"": 76, ""prob"": 0.00025}]"
101006,59,0.98786,"[{""clase_id"": 59, ""prob"": 0.98786}, {""clase_id"": 61, ""prob"": 0.00403}, {""clase_id"": 47, ""prob"": 0.00062}, {""clase_id"": 25, ""prob"": 0.0006}, {""clase_id"": 62, ""prob"": 0.00057}]"
101007,61,0.98896,"[{""clase_id"": 61, ""prob"": 0.98896}, {""clase_id"": 66, ""prob"": 0.00064}, {""clase_id"": 53, ""prob"": 0.00055}, {""clase_id"": 47, ""prob"": 0.00054}, {""clase_id"": 0, ""prob"": 0.00044}]"
101008,59,0.81835,"[{""clase_id"": 59, ""prob"": 0.81835}, {""clase_id"": 61, ""prob"": 0.16284}, {""clase_id"": 47, ""prob"": 0.00699}, {""clase_id"": 62, ""prob"": 0.00103}, {""clase_id"": 71, ""prob"": 0.00062}]"
101009,61,0.9935,"[{""clase_id"": 61, ""prob"": 0.9935}, {""clase_id"": 59, ""prob"": 0.00089}, {""clase_id"": 76, ""prob"": 0.00028}, {""clase_id"": 52, ""prob"": 0.00027}, {""clase_id"": 31, ""prob"": 0.00026}]"
101010,59,0.6637,"[{""clase_id"": 59, ""prob"": 0.6637}, {""clase_id"": 27, ""prob"": 0.04915}, {""clase_id"": 47, ""prob"": 0.04807}, {""clase_id"": 71, ""prob"": 0.02772}, {""clase_id"": 58, ""prob"": 0.02305}]"
101011,61,0.99175,"[{""clase_id"": 61, ""prob"": 0.99175}, {""clase_id"": 59, ""prob"": 0.0029}, {""clase_id"": 47, ""prob"": 0.00083}, {""clase_id"": 2, ""prob"": 0.00023}, {""clase_id"": 66, ""prob"": 0.00018}]"
101012,61,0.99397,"[{""clase_id"": 61, ""prob"": 0.99397}, {""clase_id"": 59, ""prob"": 0.00075}, {""clase_id"": 76, ""prob"": 0.00027}, {""clase_id"": 2, ""prob"": 0.00027}, {""clase_id"": 53, ""prob"": 0.00024}]"
101013,61,0.99291,"[{""clase_id"": 61, ""prob"": 0.99291}, {""clase_id"": 59, ""prob"": 0.00095}, {""clase_id"": 76, ""prob"": 0.00039}, {""clase_id"": 31, ""prob"": 0.00035}, {""clase_id"": 2, ""prob"": 0.0003}]"
101014,61,0.99216,"[{""clase_id"": 61, ""prob"": 0.99216}, {""clase_id"": 59, ""prob"": 0.00175}, {""clase_id"": 47, ""prob"": 0.00066}, {""clase_id"": 0, ""prob"": 0.00032}, {""clase_id"": 66, ""prob"": 0.00026}]"
101015,61,0.99351,"[{""clase_id"": 61, ""prob"": 0.99351}, {""clase_id"": 59, ""prob"": 0.00182}, {""clase_id"": 47, ""prob"": 0.00027}, {""clase_id"": 2, ""prob"": 0.00024}, {""clase_id"": 76, ""prob"": 0.0002}]"
101016,61,0.99366,"[{""clase_id"": 61, ""prob"": 0.99366}, {""clase_id"": 59, ""prob"": 0.00159}, {""clase_id"": 47, ""prob"": 0.00031}, {""clase_id"": 76, ""prob"": 0.00022}, {""clase_id"": 2, ""prob"": 0.00022}]"
101017,61,0.99139,"[{""clase_id"": 61, ""prob"": 0.99139}, {""clase_id"": 59, ""prob"": 0.00191}, {""clase_id"": 7, ""prob"": 0.00054}, {""clase_id"": 31, ""prob"": 0.0004}, {""clase_id"": 76, ""prob"": 0.00034}]"
101018,61,0.99416,"[{""clase_id"": 61, ""prob"": 0.99416}, {""clase_id"": 59, ""prob"": 0.00077}, {""clase_id"": 2, ""prob"": 0.00026}, {""clase_id"": 76, ""prob"": 0.00025}, {""clase_id"": 47, ""prob"": 0.00025}]"
101019,61,0.99155,"[{""clase_id"": 61, ""prob"": 0.99155}, {""clase_id"": 59, ""prob"": 0.00074}, {""clase_id"": 53, ""prob"": 0.00049}, {""clase_id"": 31, ""prob"": 0.00049}, {""clase_id"": 52, ""prob"": 0.00049}]"
101020,61,0.91208,"[{""clase_id"": 61, ""prob"": 0.91208}, {""clase_id"": 47, ""prob"": 0.06326}, {""clase_id"": 59, ""prob"": 0.00999}, {""clase_id"": 62, ""prob"": 0.00209}, {""clase_id"": 66, ""prob"": 0.00062}]"
101021,61,0.99386,"[{""clase_id"": 61, ""prob"": 0.99386}, {""clase_id"": 59, ""prob"": 0.00077}, {""clase_id"": 2, ""prob"": 0.00033}, {""clase_id"": 31, ""prob"": 0.00026}, {""clase_id"": 76, ""prob"": 0.00025}]"
101022,61,0.99389,"[{""clase_id"": 61, ""prob"": 0.99389}, {""clase_id"": 59, ""prob"": 0.00075}, {""clase_id"": 2, ""prob"": 0.0003}, {""clase_id"": 76, ""prob"": 0.00028}, {""clase_id"": 31, ""prob"": 0.00026}]"
101023,61,0.99437,"[{""clase_id"": 61, ""prob"": 0.99437}, {""clase_id"": 59, ""prob"": 0.00098}, {""clase_id"": 2, ""prob"": 0.00026}, {""clase_id"": 76, ""prob"": 0.00025}, {""clase_id"": 47, ""prob"": 0.00025}]"
101024,61,0.99376,"[{""clase_id"": 61, ""prob"": 0.99376}, {""clase_id"": 59, ""prob"": 0.00151}, {""clase_id"": 47, ""prob"": 0.00025}, {""clase_id"": 2, ""prob"": 0.00022}, {""clase_id"": 76, ""prob"": 0.0002}]"
101025,61,0.98293,"[{""clase_id"": 61, ""prob"": 0.98293}, {""clase_id"": 59, ""prob"": 0.00418}, {""clase_id"": 53, ""prob"": 0.0012}, {""clase_id"": 7, ""prob"": 0.00106}, {""clase_id"": 17, ""prob"": 0.00055}]"
101026,61,0.99317,"[{""clase_id"": 61, ""prob"": 0.99317}, {""clase_id"": 59, ""prob"": 0.00094}, {""clase_id"": 2, ""prob"": 0.0004}, {""clase_id"": 76, ""prob"": 0.00032}, {""clase_id"": 31, ""prob"": 0.00027}]"
101027,61,0.99324,"[{""clase_id"": 61, ""prob"": 0.99324}, {""clase_id"": 59, ""prob"": 0.00179}, {""clase_id"": 2, ""prob"": 0.00035}, {""clase_id"": 47, ""prob"": 0.00025}, {""clase_id"": 52, ""prob"": 0.0002}]"
101028,61,0.99325,"[{""clase_id"": 61, ""prob"": 0.99325}, {""clase_id"": 59, ""prob"": 0.00079}, {""clase_id"": 76, ""prob"": 0.00043}, {""clase_id"": 47, ""prob"": 0.00031}, {""clase_id"": 52, ""prob"": 0.00029}]"
101029,61,0.99353,"[{""clase_id"": 61, ""prob"": 0.99353}, {""clase_id"": 59, ""prob"": 0.001}, {""clase_id"": 2, ""prob"": 0.00027}, {""clase_id"": 52, ""prob"": 0.00025}, {""clase_id"": 53, ""prob"": 0.00023}]"
101030,61,0.99257,"[{""clase_id"": 61, ""prob"": 0.99257}, {""clase_id"": 59, ""prob"": 0.00243}, {""clase_id"": 47, ""prob"": 0.00069}, {""clase_id"": 2, ""prob"": 0.00022}, {""clase_id"": 66, ""prob"": 0.00018}]"
101031,61,0.99155,"[{""clase_id"": 61, ""prob"": 0.99155}, {""clase_id"": 59, ""prob"": 0.00347}, {""clase_id"": 47, ""prob"": 0.00049}, {""clase_id"": 2, ""prob"": 0.00024}, {""clase_id"": 76, ""prob"": 0.00019}]"
101032,61,0.9929,"[{""clase_id"": 61, ""prob"": 0.9929}, {""clase_id"": 59, ""prob"": 0.00236}, {""clase_id"": 47, ""prob"": 0.00028}, {""clase_id"": 76, ""prob"": 0.00026}, {""clase_id"": 2, ""prob"": 0.00021}]"
101033,61,0.99253,"[{""clase_id"": 61, ""prob"": 0.99253}, {""clase_id"": 59, ""prob"": 0.00203}, {""clase_id"": 47, ""prob"": 0.00027}, {""clase_id"": 2, ""prob"": 0.00024}, {""clase_id"": 44, ""prob"": 0.0002}]"
101034,61,0.99369,"[{""clase_id"": 61, ""prob"": 0.99369}, {""clase_id"": 59, ""prob"": 0.00113}, {""clase_id"": 2, ""prob"": 0.00034}, {""clase_id"": 47, ""prob"": 0.00027}, {""clase_id"": 76, ""prob"": 0.00025}]"
101035,61,0.99404,"[{""clase_id"": 61, ""prob"": 0.99404}, {""clase_id"": 59, ""prob"": 0.00062}, {""clase_id"": 2, ""prob"": 0.0003}, {""clase_id"": 76, ""prob"": 0.00028}, {""clase_id"": 31, ""prob"": 0.00027}]"
101036,61,0.99351,"[{""clase_id"": 61, ""prob"": 0.99351}, {""clase_id"": 59, ""prob"": 0.00146}, {""clase_id"": 47, ""prob"": 0.00025}, {""clase_id"": 52, ""prob"": 0.00022}, {""clase_id"": 76, ""prob"": 0.00022}]"
101037,61,0.99244,"[{""clase_id"": 61, ""prob"": 0.99244}, {""clase_id"": 59, ""prob"": 0.00278}, {""clase_id"": 47, ""prob"": 0.00043}, {""clase_id"": 2, ""prob"": 0.00022}, {""clase_id"": 76, ""prob"": 0.00019}]"
101038,59,0.6964,"[{""clase_id"": 59, ""prob"": 0.6964}, {""clase_id"": 47, ""prob"": 0.18467}, {""clase_id"": 61, ""prob"": 0.09249}, {""clase_id"": 62, ""prob"": 0.00198}, {""clase_id"": 75, ""prob"": 0.00141}]"
101039,61,0.99284,"[{""clase_id"": 61, ""prob"": 0.99284}, {""clase_id"": 59, ""prob"": 0.00238}, {""clase_id"": 47, ""prob"": 0.00025}, {""clase_id"": 2, ""prob"": 0.00025}, {""clase_id"": 52, ""prob"": 0.00019}]"
101040,6,0.99329,"[{""clase_id"": 6, ""prob"": 0.99329}, {""clase_id"": 58, ""prob"": 0.00122}, {""clase_id"": 5, ""prob"": 0.00112}, {""clase_id"": 66, ""prob"": 0.0004}, {""clase_id"": 46, ""prob"": 0.00026}]"
101041,6,0.9903,"[{""clase_id"": 6, ""prob"": 0.9903}, {""clase_id"": 5, ""prob"": 0.00213}, {""clase_id"": 58, ""prob"": 0.00091}, {""clase_id"": 67, ""prob"": 0.00072}, {""clase_id"": 46, ""prob"": 0.0004}]"
101042,6,0.89353,"[{""clase_id"": 6, ""prob"": 0.89353}, {""clase_id"": 58, ""prob"": 0.08888}, {""clase_id"": 5, ""prob"": 0.00163}, {""clase_id"": 65, ""prob"": 0.00153}, {""clase_id"": 55, ""prob"": 0.00064}]"
101043,6,0.99524,"[{""clase_id"": 6, ""prob"": 0.99524}, {""clase_id"": 46, ""prob"": 0.00037}, {""clase_id"": 58, ""prob"": 0.00035}, {""clase_id"": 55, ""prob"": 0.00031}, {""clase_id"": 5, ""prob"": 0.00031}]"
101044,6,0.99492,"[{""clase_id"": 6, ""prob"": 0.99492}, {""clase_id"": 46, ""prob"": 0.00078}, {""clase_id"": 58, ""prob"": 0.00045}, {""clase_id"": 55, ""prob"": 0.00025}, {""clase_id"": 5, ""prob"": 0.00023}]"
101045,6,0.99325,"[{""clase_id"": 6, ""prob"": 0.99325}, {""clase_id"": 58, ""prob"": 0.00112}, {""clase_id"": 46, ""prob"": 0.00081}, {""clase_id"": 55, ""prob"": 0.00035}, {""clase_id"": 70, ""prob"": 0.00028}]"
101046,6,0.98845,"[{""clase_id"": 6, ""prob"": 0.98845}, {""clase_id"": 58, ""prob"": 0.00385}, {""clase_id"": 5, ""prob"": 0.00094}, {""clase_id"": 65, ""prob"": 0.00056}, {""clase_id"": 46, ""prob"": 0.00043}]"
101047,6,0.99448,"[{""clase_id"": 6, ""prob"": 0.99448}, {""clase_id"": 58, ""prob"": 0.00073}, {""clase_id"": 46, ""prob"": 0.00056}, {""clase_id"": 61, ""prob"": 0.00027}, {""clase_id"": 55, ""prob"": 0.00024}]"
101048,6,0.99474,"[{""clase_id"": 6, ""prob"": 0.99474}, {""clase_id"": 46, ""prob"": 0.00083}, {""clase_id"": 58, ""prob"": 0.00033}, {""clase_id"": 61, ""prob"": 0.00031}, {""clase_id"": 47, ""prob"": 0.00025}]"
101049,6,0.99492,"[{""clase_id"": 6, ""prob"": 0.99492}, {""clase_id"": 58, ""prob"": 0.00086}, {""clase_id"": 46, ""prob"": 0.00026}, {""clase_id"": 55, ""prob"": 0.00024}, {""clase_id"": 61, ""prob"": 0.00024}]"
101050,6,0.99521,"[{""clase_id"": 6, ""prob"": 0.99521}, {""clase_id"": 58, ""prob"": 0.00039}, {""clase_id"": 46, ""prob"": 0.00037}, {""clase_id"": 5, ""prob"": 0.00037}, {""clase_id"": 55, ""prob"": 0.00027}]"
101051,6,0.99481,"[{""clase_id"": 6, ""prob"": 0.99481}, {""clase_id"": 58, ""prob"": 0.00076}, {""clase_id"": 5, ""prob"": 0.00051}, {""clase_id"": 46, ""prob"": 0.00033}, {""clase_id"": 55, ""prob"": 0.00021}]"
101052,6,0.99146,"[{""clase_id"": 6, ""prob"": 0.99146}, {""clase_id"": 46, ""prob"": 0.00261}, {""clase_id"": 58, ""prob"": 0.0004}, {""clase_id"": 45, ""prob"": 0.00033}, {""clase_id"": 47, ""prob"": 0.00032}]"
101053,6,0.98812,"[{""clase_id"": 6, ""prob"": 0.98812}, {""clase_id"": 58, ""prob"": 0.00383}, {""clase_id"": 55, ""prob"": 0.00068}, {""clase_id"": 20, ""prob"": 0.00045}, {""clase_id"": 46, ""prob"": 0.00038}]"
101054,6,0.91176,"[{""clase_id"": 6, ""prob"": 0.91176}, {""clase_id"": 5, ""prob"": 0.04167}, {""clase_id"": 66, ""prob"": 0.01997}, {""clase_id"": 53, ""prob"": 0.00328}, {""clase_id"": 45, ""prob"": 0.00257}]"
101055,5,0.96751,"[{""clase_id"": 5, ""prob"": 0.96751}, {""clase_id"": 6, ""prob"": 0.00628}, {""clase_id"": 66, ""prob"": 0.0038}, {""clase_id"": 50, ""prob"": 0.00378}, {""clase_id"": 67, ""prob"": 0.00252}]"
101056,6,0.77067,"[{""clase_id"": 6, ""prob"": 0.77067}, {""clase_id"": 58, ""prob"": 0.16096}, {""clase_id"": 26, ""prob"": 0.01596}, {""clase_id"": 20, ""prob"": 0.00367}, {""clase_id"": 25, ""prob"": 0.00329}]"
101057,6,0.99537,"[{""clase_id"": 6, ""prob"": 0.99537}, {""clase_id"": 58, ""prob"": 0.00054}, {""clase_id"": 5, ""prob"": 0.00034}, {""clase_id"": 61, ""prob"": 0.00025}, {""clase_id"": 46, ""prob"": 0.00025}]"
101058,6,0.99535,"[{""clase_id"": 6, ""prob"": 0.99535}, {""clase_id"": 46, ""prob"": 0.00077}, {""clase_id"": 5, ""prob"": 0.00034}, {""clase_id"": 58, ""prob"": 0.00033}, {""clase_id"": 61, ""prob"": 0.00018}]"
101059,6,0.99416,"[{""clase_id"": 6, ""prob"": 0.99416}, {""clase_id"": 58, ""prob"": 0.00124}, {""clase_id"": 46, ""prob"": 0.0004}, {""clase_id"": 55, ""prob"": 0.00035}, {""clase_id"": 61, ""prob"": 0.00021}]"
101060,6,0.99078,"[{""clase_id"": 6, ""prob"": 0.99078}, {""clase_id"": 58, ""prob"": 0.00162}, {""clase_id"": 70, ""prob"": 0.00104}, {""clase_id"": 46, ""prob"": 0.00043}, {""clase_id"": 55, ""prob"": 0.0004}]"
101061,6,0.99241,"[{""clase_id"": 6, ""prob"": 0.99241}, {""clase_id"": 46, ""prob"": 0.00156}, {""clase_id"": 5, ""prob"": 0.00067}, {""clase_id"": 20, ""prob"": 0.00064}, {""clase_id"": 58, ""prob"": 0.00035}]"
101062,6,0.99435,"[{""clase_id"": 6, ""prob"": 0.99435}, {""clase_id"": 46, ""prob"": 0.0008}, {""clase_id"": 58, ""prob"": 0.00036}, {""clase_id"": 5, ""prob"": 0.00035}, {""clase_id"": 66, ""prob"": 0.00029}]"
101063,6,0.99527,"[{""clase_id"": 6, ""prob"": 0.99527}, {""clase_id"": 58, ""prob"": 0.00067}, {""clase_id"": 5, ""prob"": 0.00039}, {""clase_id"": 46, ""prob"": 0.00033}, {""clase_id"": 66, ""prob"": 0.00021}]"
101064,6,0.99544,"[{""clase_id"": 6, ""prob"": 0.99544}, {""clase_id"": 58, ""prob"": 0.00049}, {""clase_id"": 5, ""prob"": 0.00035}, {""clase_id"": 46, ""prob"": 0.00032}, {""clase_id"": 55, ""prob"": 0.00027}]"
101065,6,0.99469,"[{""clase_id"": 6, ""prob"": 0.99469}, {""clase_id"": 58, ""prob"": 0.00101}, {""clase_id"": 5, ""prob"": 0.00034}, {""clase_id"": 46, ""prob"": 0.00032}, {""clase_id"": 55, ""prob"": 0.00023}]"
101066,6,0.98454,"[{""clase_id"": 6, ""prob"": 0.98454}, {""clase_id"": 58, ""prob"": 0.00828}, {""clase_id"": 5, ""prob"": 0.00084}, {""clase_id"": 65, ""prob"": 0.00046}, {""clase_id"": 55, ""prob"": 0.00031}]"
101067,6,0.74298,"[{""clase_id"": 6, ""prob"": 0.74298}, {""clase_id"": 58, ""prob"": 0.14581}, {""clase_id"": 65, ""prob"": 0.04172}, {""clase_id"": 20, ""prob"": 0.00569}, {""clase_id"": 55, ""prob"": 0.00438}]"
101068,61,0.40718,"[{""clase_id"": 61, ""prob"": 0.40718}, {""clase_id"": 6, ""prob"": 0.30968}, {""clase_id"": 65, ""prob"": 0.03442}, {""clase_id"": 55, ""prob"": 0.03013}, {""clase_id"": 58, ""prob"": 0.02873}]"
101069,6,0.99451,"[{""clase_id"": 6, ""prob"": 0.99451}, {""clase_id"": 58, ""prob"": 0.0007}, {""clase_id"": 46, ""prob"": 0.0006}, {""clase_id"": 55, ""prob"": 0.00026}, {""clase_id"": 61, ""prob"": 0.0002}]"
101070,6,0.99513,"[{""clase_id"": 6, ""prob"": 0.99513}, {""clase_id"": 5, ""prob"": 0.00063}, {""clase_id"": 58, ""prob"": 0.00058}, {""clase_id"": 46, ""prob"": 0.00035}, {""clase_id"": 55, ""prob"": 0.00018}]"
101071,6,0.99473,"[{""clase_id"": 6, ""prob"": 0.99473}, {""clase_id"": 46, ""prob"": 0.00095}, {""clase_id"": 58, ""prob"": 0.00038}, {""clase_id"": 55, ""prob"": 0.00024}, {""clase_id"": 5, ""prob"": 0.00023}]"
101072,6,0.99317,"[{""clase_id"": 6, ""prob"": 0.99317}, {""clase_id"": 58, ""prob"": 0.00088}, {""clase_id"": 66, ""prob"": 0.00081}, {""clase_id"": 5, ""prob"": 0.00036}, {""clase_id"": 55, ""prob"": 0.00031}]"
101073,6,0.96504,"[{""clase_id"": 6, ""prob"": 0.96504}, {""clase_id"": 58, ""prob"": 0.02438}, {""clase_id"": 46, ""prob"": 0.00086}, {""clase_id"": 65, ""prob"": 0.0006}, {""clase_id"": 55, ""prob"": 0.00048}]"
101074,6,0.89233,"[{""clase_id"": 6, ""prob"": 0.89233}, {""clase_id"": 58, ""prob"": 0.08911}, {""clase_id"": 46, ""prob"": 0.0021}, {""clase_id"": 70, ""prob"": 0.00072}, {""clase_id"": 65, ""prob"": 0.00067}]"
101075,6,0.97698,"[{""clase_id"": 6, ""prob"": 0.97698}, {""clase_id"": 46, ""prob"": 0.00757}, {""clase_id"": 20, ""prob"": 0.00335}, {""clase_id"": 61, ""prob"": 0.00167}, {""clase_id"": 55, ""prob"": 0.00085}]"
101076,6,0.99411,"[{""clase_id"": 6, ""prob"": 0.99411}, {""clase_id"": 46, ""prob"": 0.0011}, {""clase_id"": 58, ""prob"": 0.00046}, {""clase_id"": 61, ""prob"": 0.0003}, {""clase_id"": 55, ""prob"": 0.00027}]"
101077,6,0.99441,"[{""clase_id"": 6, ""prob"": 0.99441}, {""clase_id"": 58, ""prob"": 0.00109}, {""clase_id"": 5, ""prob"": 0.00053}, {""clase_id"": 66, ""prob"": 0.00029}, {""clase_id"": 46, ""prob"": 0.00028}]"
101078,6,0.97136,"[{""clase_id"": 6, ""prob"": 0.97136}, {""clase_id"": 58, ""prob"": 0.01786}, {""clase_id"": 65, ""prob"": 0.00098}, {""clase_id"": 5, ""prob"": 0.00093}, {""clase_id"": 62, ""prob"": 0.00044}]"
101079,6,0.99442,"[{""clase_id"": 6, ""prob"": 0.99442}, {""clase_id"": 58, ""prob"": 0.00107}, {""clase_id"": 55, ""prob"": 0.00031}, {""clase_id"": 46, ""prob"": 0.00031}, {""clase_id"": 66, ""prob"": 0.00029}]"
101080,16,0.99282,"[{""clase_id"": 16, ""prob"": 0.99282}, {""clase_id"": 28, ""prob"": 0.00257}, {""clase_id"": 45, ""prob"": 0.00039}, {""clase_id"": 22, ""prob"": 0.00024}, {""clase_id"": 74, ""prob"": 0.0002}]"
101081,16,0.97154,"[{""clase_id"": 16, ""prob"": 0.97154}, {""clase_id"": 28, ""prob"": 0.00785}, {""clase_id"": 20, ""prob"": 0.0078}, {""clase_id"": 22, ""prob"": 0.00477}, {""clase_id"": 34, ""prob"": 0.00037}]"
101082,16,0.99259,"[{""clase_id"": 16, ""prob"": 0.99259}, {""clase_id"": 28, ""prob"": 0.00247}, {""clase_id"": 45, ""prob"": 0.00044}, {""clase_id"": 53, ""prob"": 0.00036}, {""clase_id"": 22, ""prob"": 0.00031}]"
101083,16,0.99234,"[{""clase_id"": 16, ""prob"": 0.99234}, {""clase_id"": 28, ""prob"": 0.00356}, {""clase_id"": 22, ""prob"": 0.00027}, {""clase_id"": 45, ""prob"": 0.00026}, {""clase_id"": 74, ""prob"": 0.00019}]"
101084,16,0.98247,"[{""clase_id"": 16, ""prob"": 0.98247}, {""clase_id"": 28, ""prob"": 0.00746}, {""clase_id"": 22, ""prob"": 0.00307}, {""clase_id"": 20, ""prob"": 0.00116}, {""clase_id"": 74, ""prob"": 0.00028}]"
101085,16,0.99126,"[{""clase_id"": 16, ""prob"": 0.99126}, {""clase_id"": 22, ""prob"": 0.00154}, {""clase_id"": 53, ""prob"": 0.00058}, {""clase_id"": 28, ""prob"": 0.00053}, {""clase_id"": 45, ""prob"": 0.00047}]"
101086,16,0.99419,"[{""clase_id"": 16, ""prob"": 0.99419}, {""clase_id"": 28, ""prob"": 0.00134}, {""clase_id"": 22, ""prob"": 0.00054}, {""clase_id"": 45, ""prob"": 0.00029}, {""clase_id"": 20, ""prob"": 0.00023}]"
101087,16,0.9801,"[{""clase_id"": 16, ""prob"": 0.9801}, {""clase_id"": 28, ""prob"": 0.00574}, {""clase_id"": 22, ""prob"": 0.00309}, {""clase_id"": 53, ""prob"": 0.00246}, {""clase_id"": 45, ""prob"": 0.00055}]"
101088,16,0.95164,"[{""clase_id"": 16, ""prob"": 0.95164}, {""clase_id"": 20, ""prob"": 0.0168}, {""clase_id"": 28, ""prob"": 0.01076}, {""clase_id"": 22, ""prob"": 0.00839}, {""clase_id"": 40, ""prob"": 0.00062}]"
101089,16,0.99073,"[{""clase_id"": 16, ""prob"": 0.99073}, {""clase_id"": 28, ""prob"": 0.00411}, {""clase_id"": 45, ""prob"": 0.00053}, {""clase_id"": 22, ""prob"": 0.0004}, {""clase_id"": 53, ""prob"": 0.00027}]"
101090,28,0.70163,"[{""clase_id"": 28, ""prob"": 0.70163}, {""clase_id"": 52, ""prob"": 0.06381}, {""clase_id"": 8, ""prob"": 0.06226}, {""clase_id"": 53, ""prob"": 0.06214}, {""clase_id"": 16, ""prob"": 0.06115}]"
101091,16,0.9929,"[{""clase_id"": 16, ""prob"": 0.9929}, {""clase_id"": 28, ""prob"": 0.00121}, {""clase_id"": 22, ""prob"": 0.00113}, {""clase_id"": 45, ""prob"": 0.0004}, {""clase_id"": 53, ""prob"": 0.00031}]"
101092,28,0.49207,"[{""clase_id"": 28, ""prob"": 0.49207}, {""clase_id"": 52, ""prob"": 0.23651}, {""clase_id"": 8, ""prob"": 0.11898}, {""clase_id"": 16, ""prob"": 0.04266}, {""clase_id"": 22, ""prob"": 0.01778}]"
101093,16,0.99326,"[{""clase_id"": 16, ""prob"": 0.99326}, {""clase_id"": 28, ""prob"": 0.00153}, {""clase_id"": 22, ""prob"": 0.00089}, {""clase_id"": 45, ""prob"": 0.00029}, {""clase_id"": 74, ""prob"": 0.00024}]"
101094,16,0.99316,"[{""clase_id"": 16, ""prob"": 0.99316}, {""clase_id"": 28, ""prob"": 0.00265}, {""clase_id"": 45, ""prob"": 0.00035}, {""clase_id"": 22, ""prob"": 0.00029}, {""clase_id"": 53, ""prob"": 0.00021}]"
101095,16,0.99172,"[{""clase_id"": 16, ""prob"": 0.99172}, {""clase_id"": 28, ""prob"": 0.00415}, {""clase_id"": 45, ""prob"": 0.00032}, {""clase_id"": 22, ""prob"": 0.00025}, {""clase_id"": 53, ""prob"": 0.00021}]"
101096,22,0.71478,"[{""clase_id"": 22, ""prob"": 0.71478}, {""clase_id"": 16, ""prob"": 0.2444}, {""clase_id"": 20, ""prob"": 0.00413}, {""clase_id"": 70, ""prob"": 0.00199}, {""clase_id"": 42, ""prob"": 0.00184}]"
101097,16,0.99381,"[{""clase_id"": 16, ""prob"": 0.99381}, {""clase_id"": 28, ""prob"": 0.00194}, {""clase_id"": 22, ""prob"": 0.00033}, {""clase_id"": 45, ""prob"": 0.00032}, {""clase_id"": 53, ""prob"": 0.00021}]"
101098,16,0.99253,"[{""clase_id"": 16, ""prob"": 0.99253}, {""clase_id"": 28, ""prob"": 0.00127}, {""clase_id"": 22, ""prob"": 0.00065}, {""clase_id"": 53, ""prob"": 0.00046}, {""clase_id"": 45, ""prob"": 0.00045}]"
101099,16,0.98696,"[{""clase_id"": 16, ""prob"": 0.98696}, {""clase_id"": 28, ""prob"": 0.00558}, {""clase_id"": 22, ""prob"": 0.00066}, {""clase_id"": 50, ""prob"": 0.00054}, {""clase_id"": 7, ""prob"": 0.00032}]"
101100,16,0.95463,"[{""clase_id"": 16, ""prob"": 0.95463}, {""clase_id"": 25, ""prob"": 0.01182}, {""clase_id"": 53, ""prob"": 0.00691}, {""clase_id"": 22, ""prob"": 0.00554}, {""clase_id"": 15, ""prob"": 0.00272}]"
101101,16,0.36658,"[{""clase_id"": 16, ""prob"": 0.36658}, {""clase_id"": 28, ""prob"": 0.0906}, {""clase_id"": 22, ""prob"": 0.08847}, {""clase_id"": 52, ""prob"": 0.08043}, {""clase_id"": 68, ""prob"": 0.07401}]"
101102,16,0.64166,"[{""clase_id"": 16, ""prob"": 0.64166}, {""clase_id"": 28, ""prob"": 0.33383}, {""clase_id"": 8, ""prob"": 0.00227}, {""clase_id"": 45, ""prob"": 0.00218}, {""clase_id"": 53, ""prob"": 0.00145}]"
101103,22,0.93694,"[{""clase_id"": 22, ""prob"": 0.93694}, {""clase_id"": 16, ""prob"": 0.04156}, {""clase_id"": 20, ""prob"": 0.00296}, {""clase_id"": 41, ""prob"": 0.00128}, {""clase_id"": 42, ""prob"": 0.00093}]"
101104,53,0.65424,"[{""clase_id"": 53, ""prob"": 0.65424}, {""clase_id"": 16, ""prob"": 0.27312}, {""clase_id"": 25, ""prob"": 0.01482}, {""clase_id"": 52, ""prob"": 0.00628}, {""clase_id"": 45, ""prob"": 0.00491}]"
101105,16,0.98758,"[{""clase_id"": 16, ""prob"": 0.98758}, {""clase_id"": 22, ""prob"": 0.00385}, {""clase_id"": 25, ""prob"": 0.00121}, {""clase_id"": 28, ""prob"": 0.00077}, {""clase_id"": 53, ""prob"": 0.0007}]"
101106,16,0.96884,"[{""clase_id"": 16, ""prob"": 0.96884}, {""clase_id"": 45, ""prob"": 0.00389}, {""clase_id"": 25, ""prob"": 0.0028}, {""clase_id"": 54, ""prob"": 0.00243}, {""clase_id"": 53, ""prob"": 0.00209}]"
101107,16,0.73261,"[{""clase_id"": 16, ""prob"": 0.73261}, {""clase_id"": 28, ""prob"": 0.12495}, {""clase_id"": 20, ""prob"": 0.03312}, {""clase_id"": 22, ""prob"": 0.01467}, {""clase_id"": 52, ""prob"": 0.0091}]"
101108,16,0.9941,"[{""clase_id"": 16, ""prob"": 0.9941}, {""clase_id"": 28, ""prob"": 0.00173}, {""clase_id"": 22, ""prob"": 0.00041}, {""clase_id"": 45, ""prob"": 0.00024}, {""clase_id"": 20, ""prob"": 0.00018}]"
101109,16,0.7506,"[{""clase_id"": 16, ""prob"": 0.7506}, {""clase_id"": 28, ""prob"": 0.11397}, {""clase_id"": 70, ""prob"": 0.06463}, {""clase_id"": 53, ""prob"": 0.00931}, {""clase_id"": 50, ""prob"": 0.00708}]"
101110,16,0.95507,"[{""clase_id"": 16, ""prob"": 0.95507}, {""clase_id"": 22, ""prob"": 0.01616}, {""clase_id"": 28, ""prob"": 0.01357}, {""clase_id"": 20, ""prob"": 0.00362}, {""clase_id"": 34, ""prob"": 0.00067}]"
101111,16,0.93401,"[{""clase_id"": 16, ""prob"": 0.93401}, {""clase_id"": 28, ""prob"": 0.05599}, {""clase_id"": 53, ""prob"": 0.00092}, {""clase_id"": 45, ""prob"": 0.00073}, {""clase_id"": 20, ""prob"": 0.00053}]"
101112,16,0.863,"[{""clase_id"": 16, ""prob"": 0.863}, {""clase_id"": 22, ""prob"": 0.08537}, {""clase_id"": 28, ""prob"": 0.0098}, {""clase_id"": 64, ""prob"": 0.00396}, {""clase_id"": 15, ""prob"": 0.00333}]"
101113,16,0.7091,"[{""clase_id"": 16, ""prob"": 0.7091}, {""clase_id"": 28, ""prob"": 0.26548}, {""clase_id"": 20, ""prob"": 0.00556}, {""clase_id"": 22, ""prob"": 0.00208}, {""clase_id"": 34, ""prob"": 0.00204}]"
101114,16,0.94378,"[{""clase_id"": 16, ""prob"": 0.94378}, {""clase_id"": 22, ""prob"": 0.00844}, {""clase_id"": 15, ""prob"": 0.00481}, {""clase_id"": 10, ""prob"": 0.00469}, {""clase_id"": 53, ""prob"": 0.00469}]"
101115,16,0.99187,"[{""clase_id"": 16, ""prob"": 0.99187}, {""clase_id"": 28, ""prob"": 0.0019}, {""clase_id"": 45, ""prob"": 0.00052}, {""clase_id"": 22, ""prob"": 0.00045}, {""clase_id"": 34, ""prob"": 0.00044}]"
101116,16,0.94864,"[{""clase_id"": 16, ""prob"": 0.94864}, {""clase_id"": 28, ""prob"": 0.03572}, {""clase_id"": 52, ""prob"": 0.00139}, {""clase_id"": 22, ""prob"": 0.00122}, {""clase_id"": 51, ""prob"": 0.00122}]"
101117,16,0.88418,"[{""clase_id"": 16, ""prob"": 0.88418}, {""clase_id"": 28, ""prob"": 0.04612}, {""clase_id"": 22, ""prob"": 0.02061}, {""clase_id"": 20, ""prob"": 0.01163}, {""clase_id"": 34, ""prob"": 0.00593}]"
101118,16,0.99286,"[{""clase_id"": 16, ""prob"": 0.99286}, {""clase_id"": 28, ""prob"": 0.00247}, {""clase_id"": 45, ""prob"": 0.00038}, {""clase_id"": 22, ""prob"": 0.00033}, {""clase_id"": 74, ""prob"": 0.00023}]"
101119,16,0.99333,"[{""clase_id"": 16, ""prob"": 0.99333}, {""clase_id"": 28, ""prob"": 0.00249}, {""clase_id"": 45, ""prob"": 0.00029}, {""clase_id"": 22, ""prob"": 0.00027}, {""clase_id"": 53, ""prob"": 0.0002}]"
101120,30,0.99279,"[{""clase_id"": 30, ""prob"": 0.99279}, {""clase_id"": 21, ""prob"": 0.00067}, {""clase_id"": 8, ""prob"": 0.00044}, {""clase_id"": 55, ""prob"": 0.00039}, {""clase_id"": 65, ""prob"": 0.00035}]"
101121,30,0.99457,"[{""clase_id"": 30, ""prob"": 0.99457}, {""clase_id"": 21, ""prob"": 0.00047}, {""clase_id"": 65, ""prob"": 0.00032}, {""clase_id"": 33, ""prob"": 0.00021}, {""clase_id"": 8, ""prob"": 0.00021}]"
101122,30,0.99488,"[{""clase_id"": 30, ""prob"": 0.99488}, {""clase_id"": 65, ""prob"": 0.00035}, {""clase_id"": 21, ""prob"": 0.0003}, {""clase_id"": 8, ""prob"": 0.00021}, {""clase_id"": 24, ""prob"": 0.00017}]"
101123,30,0.99478,"[{""clase_id"": 30, ""prob"": 0.99478}, {""clase_id"": 8, ""prob"": 0.00028}, {""clase_id"": 21, ""prob"": 0.00024}, {""clase_id"": 68, ""prob"": 0.00022}, {""clase_id"": 55, ""prob"": 0.00022}]"
101124,30,0.9926,"[{""clase_id"": 30, ""prob"": 0.9926}, {""clase_id"": 65, ""prob"": 0.00094}, {""clase_id"": 8, ""prob"": 0.00072}, {""clase_id"": 55, ""prob"": 0.00033}, {""clase_id"": 33, ""prob"": 0.00025}]"
101125,30,0.99447,"[{""clase_id"": 30, ""prob"": 0.99447}, {""clase_id"": 68, ""prob"": 0.00027}, {""clase_id"": 21, ""prob"": 0.00024}, {""clase_id"": 65, ""prob"": 0.00024}, {""clase_id"": 8, ""prob"": 0.00023}]"
101126,30,0.99269,"[{""clase_id"": 30, ""prob"": 0.99269}, {""clase_id"": 65, ""prob"": 0.00084}, {""clase_id"": 8, ""prob"": 0.00058}, {""clase_id"": 33, ""prob"": 0.00037}, {""clase_id"": 52, ""prob"": 0.00024}]"
101127,30,0.99496,"[{""clase_id"": 30, ""prob"": 0.99496}, {""clase_id"": 21, ""prob"": 0.00027}, {""clase_id"": 65, ""prob"": 0.00024}, {""clase_id"": 68, ""prob"": 0.00021}, {""clase_id"": 8, ""prob"": 0.00021}]"
101128,30,0.9943,"[{""clase_id"": 30, ""prob"": 0.9943}, {""clase_id"": 65, ""prob"": 0.00046}, {""clase_id"": 24, ""prob"": 0.00024}, {""clase_id"": 8, ""prob"": 0.00024}, {""clase_id"": 33, ""prob"": 0.00019}]"
101129,30,0.99374,"[{""clase_id"": 30, ""prob"": 0.99374}, {""clase_id"": 65, ""prob"": 0.00071}, {""clase_id"": 8, ""prob"": 0.00031}, {""clase_id"": 55, ""prob"": 0.00026}, {""clase_id"": 21, ""prob"": 0.00024}]"
101130,30,0.99333,"[{""clase_id"": 30, ""prob"": 0.99333}, {""clase_id"": 65, ""prob"": 0.00062}, {""clase_id"": 21, ""prob"": 0.00032}, {""clase_id"": 1, ""prob"": 0.0003}, {""clase_id"": 69, ""prob"": 0.0003}]"
101131,30,0.99259,"[{""clase_id"": 30, ""prob"": 0.99259}, {""clase_id"": 21, ""prob"": 0.00059}, {""clase_id"": 52, ""prob"": 0.00043}, {""clase_id"": 8, ""prob"": 0.00038}, {""clase_id"": 65, ""prob"": 0.00028}]"
101132,30,0.9929,"[{""clase_id"": 30, ""prob"": 0.9929}, {""clase_id"": 68, ""prob"": 0.00046}, {""clase_id"": 69, ""prob"": 0.00043}, {""clase_id"": 21, ""prob"": 0.00042}, {""clase_id"": 33, ""prob"": 0.00039}]"
101133,30,0.99484,"[{""clase_id"": 30, ""prob"": 0.99484}, {""clase_id"": 65, ""prob"": 0.00034}, {""clase_id"": 8, ""prob"": 0.00025}, {""clase_id"": 21, ""prob"": 0.00022}, {""clase_id"": 74, ""prob"": 0.00018}]"
101134,30,0.99356,"[{""clase_id"": 30, ""prob"": 0.99356}, {""clase_id"": 65, ""prob"": 0.00071}, {""clase_id"": 24, ""prob"": 0.00026}, {""clase_id"": 1, ""prob"": 0.00025}, {""clase_id"": 5, ""prob"": 0.00023}]"
101135,30,0.9934,"[{""clase_id"": 30, ""prob"": 0.9934}, {""clase_id"": 65, ""prob"": 0.0005}, {""clase_id"": 24, ""prob"": 0.00029}, {""clase_id"": 68, ""prob"": 0.00028}, {""clase_id"": 8, ""prob"": 0.00027}]"
101136,30,0.99494,"[{""clase_id"": 30, ""prob"": 0.99494}, {""clase_id"": 65, ""prob"": 0.00033}, {""clase_id"": 8, ""prob"": 0.00019}, {""clase_id"": 21, ""prob"": 0.00018}, {""clase_id"": 68, ""prob"": 0.00017}]"
101137,30,0.99464,"[{""clase_id"": 30, ""prob"": 0.99464}, {""clase_id"": 65, ""prob"": 0.00035}, {""clase_id"": 21, ""prob"": 0.00025}, {""clase_id"": 68, ""prob"": 0.00021}, {""clase_id"": 8, ""prob"": 0.0002}]"
101138,30,0.99407,"[{""clase_id"": 30, ""prob"": 0.99407}, {""clase_id"": 8, ""prob"": 0.00041}, {""clase_id"": 68, ""prob"": 0.00036}, {""clase_id"": 74, ""prob"": 0.00024}, {""clase_id"": 55, ""prob"": 0.00023}]"
101139,30,0.99457,"[{""clase_id"": 30, ""prob"": 0.99457}, {""clase_id"": 65, ""prob"": 0.00036}, {""clase_id"": 21, ""prob"": 0.00032}, {""clase_id"": 8, ""prob"": 0.0002}, {""clase_id"": 24, ""prob"": 0.00019}]"
101140,30,0.9938,"[{""clase_id"": 30, ""prob"": 0.9938}, {""clase_id"": 21, ""prob"": 0.00045}, {""clase_id"": 33, ""prob"": 0.00035}, {""clase_id"": 65, ""prob"": 0.00033}, {""clase_id"": 68, ""prob"": 0.00025}]"
101141,30,0.99472,"[{""clase_id"": 30, ""prob"": 0.99472}, {""clase_id"": 21, ""prob"": 0.00038}, {""clase_id"": 8, ""prob"": 0.00027}, {""clase_id"": 65, ""prob"": 0.00026}, {""clase_id"": 68, ""prob"": 0.00021}]"
101142,30,0.99121,"[{""clase_id"": 30, ""prob"": 0.99121}, {""clase_id"": 65, ""prob"": 0.00106}, {""clase_id"": 69, ""prob"": 0.00046}, {""clase_id"": 1, ""prob"": 0.00032}, {""clase_id"": 5, ""prob"": 0.00028}]"
101143,30,0.99387,"[{""clase_id"": 30, ""prob"": 0.99387}, {""clase_id"": 65, ""prob"": 0.00054}, {""clase_id"": 21, ""prob"": 0.00031}, {""clase_id"": 8, ""prob"": 0.00022}, {""clase_id"": 1, ""prob"": 0.00021}]"
101144,30,0.99451,"[{""clase_id"": 30, ""prob"": 0.99451}, {""clase_id"": 21, ""prob"": 0.00041}, {""clase_id"": 65, ""prob"": 0.0003}, {""clase_id"": 8, ""prob"": 0.00019}, {""clase_id"": 33, ""prob"": 0.00019}]"
101145,30,0.99172,"[{""clase_id"": 30, ""prob"": 0.99172}, {""clase_id"": 68, ""prob"": 0.00115}, {""clase_id"": 55, ""prob"": 0.00051}, {""clase_id"": 8, ""prob"": 0.00038}, {""clase_id"": 21, ""prob"": 0.00033}]"
101146,30,0.99376,"[{""clase_id"": 30, ""prob"": 0.99376}, {""clase_id"": 65, ""prob"": 0.00049}, {""clase_id"": 24, ""prob"": 0.00031}, {""clase_id"": 21, ""prob"": 0.00027}, {""clase_id"": 33, ""prob"": 0.00024}]"
101147,30,0.98984,"[{""clase_id"": 30, ""prob"": 0.98984}, {""clase_id"": 33, ""prob"": 0.00118}, {""clase_id"": 65, ""prob"": 0.00102}, {""clase_id"": 69, ""prob"": 0.00045}, {""clase_id"": 24, ""prob"": 0.00038}]"
101148,30,0.99448,"[{""clase_id"": 30, ""prob"": 0.99448}, {""clase_id"": 8, ""prob"": 0.00034}, {""clase_id"": 65, ""prob"": 0.0003}, {""clase_id"": 68, ""prob"": 0.00026}, {""clase_id"": 21, ""prob"": 0.0002}]"
101149,30,0.99481,"[{""clase_id"": 30, ""prob"": 0.99481}, {""clase_id"": 21, ""prob"": 0.00034}, {""clase_id"": 65, ""prob"": 0.00029}, {""clase_id"": 8, ""prob"": 0.00025}, {""clase_id"": 55, ""prob"": 0.00021}]"
101150,30,0.99166,"[{""clase_id"": 30, ""prob"": 0.99166}, {""clase_id"": 33, ""prob"": 0.00085}, {""clase_id"": 65, ""prob"": 0.00074}, {""clase_id"": 68, ""prob"": 0.00031}, {""clase_id"": 8, ""prob"": 0.00027}]"
101151,30,0.99353,"[{""clase_id"": 30, ""prob"": 0.99353}, {""clase_id"": 21, ""prob"": 0.00047}, {""clase_id"": 33, ""prob"": 0.00035}, {""clase_id"": 68, ""prob"": 0.0003}, {""clase_id"": 69, ""prob"": 0.00028}]"
101152,30,0.9949,"[{""clase_id"": 30, ""prob"": 0.9949}, {""clase_id"": 65, ""prob"": 0.00028}, {""clase_id"": 21, ""prob"": 0.00022}, {""clase_id"": 33, ""prob"": 0.00019}, {""clase_id"": 68, ""prob"": 0.00019}]"
101153,30,0.99422,"[{""clase_id"": 30, ""prob"": 0.99422}, {""clase_id"": 65, ""prob"": 0.00055}, {""clase_id"": 21, ""prob"": 0.00023}, {""clase_id"": 24, ""prob"": 0.00023}, {""clase_id"": 1, ""prob"": 0.00019}]"
101154,30,0.9942,"[{""clase_id"": 30, ""prob"": 0.9942}, {""clase_id"": 68, ""prob"": 0.00027}, {""clase_id"": 21, ""prob"": 0.00026}, {""clase_id"": 65, ""prob"": 0.00026}, {""clase_id"": 55, ""prob"": 0.00026}]"
101155,30,0.97553,"[{""clase_id"": 30, ""prob"": 0.97553}, {""clase_id"": 65, ""prob"": 0.00274}, {""clase_id"": 21, ""prob"": 0.00197}, {""clase_id"": 5, ""prob"": 0.00193}, {""clase_id"": 1, ""prob"": 0.00094}]"
101156,30,0.99266,"[{""clase_id"": 30, ""prob"": 0.99266}, {""clase_id"": 65, ""prob"": 0.00053}, {""clase_id"": 21, ""prob"": 0.00045}, {""clase_id"": 33, ""prob"": 0.00042}, {""clase_id"": 69, ""prob"": 0.00031}]"
101157,30,0.99417,"[{""clase_id"": 30, ""prob"": 0.99417}, {""clase_id"": 65, ""prob"": 0.00056}, {""clase_id"": 21, ""prob"": 0.00027}, {""clase_id"": 8, ""prob"": 0.00021}, {""clase_id"": 24, ""prob"": 0.0002}]"
101158,30,0.99419,"[{""clase_id"": 30, ""prob"": 0.99419}, {""clase_id"": 21, ""prob"": 0.00053}, {""clase_id"": 65, ""prob"": 0.00041}, {""clase_id"": 33, ""prob"": 0.00024}, {""clase_id"": 8, ""prob"": 0.0002}]"
101159,30,0.99404,"[{""clase_id"": 30, ""prob"": 0.99404}, {""clase_id"": 21, ""prob"": 0.0007}, {""clase_id"": 65, ""prob"": 0.00035}, {""clase_id"": 8, ""prob"": 0.00021}, {""clase_id"": 33, ""prob"": 0.0002}]"
101160,74,0.97179,"[{""clase_id"": 74, ""prob"": 0.97179}, {""clase_id"": 63, ""prob"": 0.00558}, {""clase_id"": 69, ""prob"": 0.00233}, {""clase_id"": 71, ""prob"": 0.00187}, {""clase_id"": 68, ""prob"": 0.00123}]"
101161,74,0.98257,"[{""clase_id"": 74, ""prob"": 0.98257}, {""clase_id"": 69, ""prob"": 0.00492}, {""clase_id"": 68, ""prob"": 0.00473}, {""clase_id"": 71, ""prob"": 0.00129}, {""clase_id"": 8, ""prob"": 0.00034}]"
101162,74,0.97254,"[{""clase_id"": 74, ""prob"": 0.97254}, {""clase_id"": 69, ""prob"": 0.00657}, {""clase_id"": 71, ""prob"": 0.00417}, {""clase_id"": 68, ""prob"": 0.00211}, {""clase_id"": 63, ""prob"": 0.00121}]"
101163,74,0.98302,"[{""clase_id"": 74, ""prob"": 0.98302}, {""clase_id"": 71, ""prob"": 0.00341}, {""clase_id"": 69, ""prob"": 0.00262}, {""clase_id"": 68, ""prob"": 0.00101}, {""clase_id"": 63, ""prob"": 0.00074}]"
101164,74,0.97615,"[{""clase_id"": 74, ""prob"": 0.97615}, {""clase_id"": 69, ""prob"": 0.00757}, {""clase_id"": 71, ""prob"": 0.00259}, {""clase_id"": 68, ""prob"": 0.00109}, {""clase_id"": 26, ""prob"": 0.00069}]"
101165,69,0.86804,"[{""clase_id"": 69, ""prob"": 0.86804}, {""clase_id"": 74, ""prob"": 0.11652}, {""clase_id"": 68, ""prob"": 0.00175}, {""clase_id"": 26, ""prob"": 0.00093}, {""clase_id"": 71, ""prob"": 0.00065}]"
101166,69,0.97233,"[{""clase_id"": 69, ""prob"": 0.97233}, {""clase_id"": 74, ""prob"": 0.01769}, {""clase_id"": 68, ""prob"": 0.00133}, {""clase_id"": 26, ""prob"": 0.00045}, {""clase_id"": 1, ""prob"": 0.00034}]"
101167,74,0.98338,"[{""clase_id"": 74, ""prob"": 0.98338}, {""clase_id"": 69, ""prob"": 0.0069}, {""clase_id"": 71, ""prob"": 0.00126}, {""clase_id"": 68, ""prob"": 0.00092}, {""clase_id"": 1, ""prob"": 0.00038}]"
101168,74,0.97928,"[{""clase_id"": 74, ""prob"": 0.97928}, {""clase_id"": 71, ""prob"": 0.00451}, {""clase_id"": 69, ""prob"": 0.00233}, {""clase_id"": 68, ""prob"": 0.00196}, {""clase_id"": 63, ""prob"": 0.00133}]"
101169,69,0.9617,"[{""clase_id"": 69, ""prob"": 0.9617}, {""clase_id"": 74, ""prob"": 0.02738}, {""clase_id"": 68, ""prob"": 0.00167}, {""clase_id"": 26, ""prob"": 0.00047}, {""clase_id"": 1, ""prob"": 0.00043}]"
101170,74,0.97128,"[{""clase_id"": 74, ""prob"": 0.97128}, {""clase_id"": 69, ""prob"": 0.01765}, {""clase_id"": 68, ""prob"": 0.00158}, {""clase_id"": 71, ""prob"": 0.00117}, {""clase_id"": 8, ""prob"": 0.00057}]"
101171,74,0.98098,"[{""clase_id"": 74, ""prob"": 0.98098}, {""clase_id"": 69, ""prob"": 0.00365}, {""clase_id"": 71, ""prob"": 0.00254}, {""clase_id"": 68, ""prob"": 0.00181}, {""clase_id"": 44, ""prob"": 0.00074}]"
101172,74,0.9834,"[{""clase_id"": 74, ""prob"": 0.9834}, {""clase_id"": 69, ""prob"": 0.00253}, {""clase_id"": 63, ""prob"": 0.00166}, {""clase_id"": 71, ""prob"": 0.00138}, {""clase_id"": 68, ""prob"": 0.00098}]"
101173,74,0.98321,"[{""clase_id"": 74, ""prob"": 0.98321}, {""clase_id"": 71, ""prob"": 0.00284}, {""clase_id"": 69, ""prob"": 0.00243}, {""clase_id"": 68, ""prob"": 0.00131}, {""clase_id"": 63, ""prob"": 0.00099}]"
101174,74,0.97786,"[{""clase_id"": 74, ""prob"": 0.97786}, {""clase_id"": 69, ""prob"": 0.01029}, {""clase_id"": 71, ""prob"": 0.00141}, {""clase_id"": 68, ""prob"": 0.00125}, {""clase_id"": 63, ""prob"": 0.00058}]"
101175,74,0.98341,"[{""clase_id"": 74, ""prob"": 0.98341}, {""clase_id"": 69, ""prob"": 0.00663}, {""clase_id"": 68, ""prob"": 0.0012}, {""clase_id"": 71, ""prob"": 0.00106}, {""clase_id"": 1, ""prob"": 0.00039}]"
101176,74,0.976,"[{""clase_id"": 74, ""prob"": 0.976}, {""clase_id"": 69, ""prob"": 0.00941}, {""clase_id"": 71, ""prob"": 0.00174}, {""clase_id"": 68, ""prob"": 0.00093}, {""clase_id"": 8, ""prob"": 0.00076}]"
101177,74,0.95597,"[{""clase_id"": 74, ""prob"": 0.95597}, {""clase_id"": 69, ""prob"": 0.03184}, {""clase_id"": 68, ""prob"": 0.00247}, {""clase_id"": 71, ""prob"": 0.00067}, {""clase_id"": 26, ""prob"": 0.00048}]"
101178,74,0.97436,"[{""clase_id"": 74, ""prob"": 0.97436}, {""clase_id"": 69, ""prob"": 0.0069}, {""clase_id"": 68, ""prob"": 0.00212}, {""clase_id"": 71, ""prob"": 0.00188}, {""clase_id"": 1, ""prob"": 0.00118}]"
101179,74,0.86692,"[{""clase_id"": 74, ""prob"": 0.86692}, {""clase_id"": 69, ""prob"": 0.11571}, {""clase_id"": 71, ""prob"": 0.00139}, {""clase_id"": 68, ""prob"": 0.00137}, {""clase_id"": 26, ""prob"": 0.00117}]"
101180,74,0.98135,"[{""clase_id"": 74, ""prob"": 0.98135}, {""clase_id"": 69, ""prob"": 0.00711}, {""clase_id"": 71, ""prob"": 0.00143}, {""clase_id"": 68, ""prob"": 0.00098}, {""clase_id"": 63, ""prob"": 0.00062}]"
101181,74,0.98472,"[{""clase_id"": 74, ""prob"": 0.98472}, {""clase_id"": 69, ""prob"": 0.00417}, {""clase_id"": 71, ""prob"": 0.00147}, {""clase_id"": 68, ""prob"": 0.00086}, {""clase_id"": 63, ""prob"": 0.00066}]"
101182,74,0.98169,"[{""clase_id"": 74, ""prob"": 0.98169}, {""clase_id"": 69, ""prob"": 0.00503}, {""clase_id"": 68, ""prob"": 0.0038}, {""clase_id"": 71, ""prob"": 0.00123}, {""clase_id"": 63, ""prob"": 0.00054}]"
101183,74,0.57995,"[{""clase_id"": 74, ""prob"": 0.57995}, {""clase_id"": 69, ""prob"": 0.39468}, {""clase_id"": 71, ""prob"": 0.00237}, {""clase_id"": 26, ""prob"": 0.00192}, {""clase_id"": 68, ""prob"": 0.00171}]"
101184,74,0.98484,"[{""clase_id"": 74, ""prob"": 0.98484}, {""clase_id"": 69, ""prob"": 0.00276}, {""clase_id"": 71, ""prob"": 0.00145}, {""clase_id"": 63, ""prob"": 0.00116}, {""clase_id"": 68, ""prob"": 0.00103}]"
101185,74,0.97523,"[{""clase_id"": 74, ""prob"": 0.97523}, {""clase_id"": 63, ""prob"": 0.0049}, {""clase_id"": 69, ""prob"": 0.00259}, {""clase_id"": 71, ""prob"": 0.00172}, {""clase_id"": 68, ""prob"": 0.00123}]"
101186,68,0.91836,"[{""clase_id"": 68, ""prob"": 0.91836}, {""clase_id"": 74, ""prob"": 0.0458}, {""clase_id"": 30, ""prob"": 0.0062}, {""clase_id"": 69, ""prob"": 0.00619}, {""clase_id"": 48, ""prob"": 0.00116}]"
101187,68,0.90756,"[{""clase_id"": 68, ""prob"": 0.90756}, {""clase_id"": 74, ""prob"": 0.07426}, {""clase_id"": 69, ""prob"": 0.00545}, {""clase_id"": 30, ""prob"": 0.00108}, {""clase_id"": 16, ""prob"": 0.00048}]"
101188,74,0.96787,"[{""clase_id"": 74, ""prob"": 0.96787}, {""clase_id"": 68, ""prob"": 0.01806}, {""clase_id"": 69, ""prob"": 0.00295}, {""clase_id"": 71, ""prob"": 0.00096}, {""clase_id"": 63, ""prob"": 0.00079}]"
101189,74,0.98119,"[{""clase_id"": 74, ""prob"": 0.98119}, {""clase_id"": 69, ""prob"": 0.00946}, {""clase_id"": 68, ""prob"": 0.0018}, {""clase_id"": 71, ""prob"": 0.00096}, {""clase_id"": 8, ""prob"": 0.00033}]"
101190,74,0.9842,"[{""clase_id"": 74, ""prob"": 0.9842}, {""clase_id"": 69, ""prob"": 0.00309}, {""clase_id"": 71, ""prob"": 0.00304}, {""clase_id"": 68, ""prob"": 0.0009}, {""clase_id"": 63, ""prob"": 0.00052}]"
101191,74,0.93591,"[{""clase_id"": 74, ""prob"": 0.93591}, {""clase_id"": 69, ""prob"": 0.04726}, {""clase_id"": 71, ""prob"": 0.00183}, {""clase_id"": 26, ""prob"": 0.00118}, {""clase_id"": 68, ""prob"": 0.00099}]"
101192,69,0.97573,"[{""clase_id"": 69, ""prob"": 0.97573}, {""clase_id"": 74, ""prob"": 0.00339}, {""clase_id"": 68, ""prob"": 0.00256}, {""clase_id"": 32, ""prob"": 0.00148}, {""clase_id"": 10, ""prob"": 0.00098}]"
101193,69,0.7934,"[{""clase_id"": 69, ""prob"": 0.7934}, {""clase_id"": 74, ""prob"": 0.18785}, {""clase_id"": 68, ""prob"": 0.00171}, {""clase_id"": 26, ""prob"": 0.0012}, {""clase_id"": 71, ""prob"": 0.00092}]"
101194,74,0.97008,"[{""clase_id"": 74, ""prob"": 0.97008}, {""clase_id"": 71, ""prob"": 0.00586}, {""clase_id"": 69, ""prob"": 0.00499}, {""clase_id"": 68, ""prob"": 0.00218}, {""clase_id"": 63, ""prob"": 0.00184}]"
101195,74,0.96685,"[{""clase_id"": 74, ""prob"": 0.96685}, {""clase_id"": 69, ""prob"": 0.02054}, {""clase_id"": 71, ""prob"": 0.00131}, {""clase_id"": 68, ""prob"": 0.00109}, {""clase_id"": 1, ""prob"": 0.00077}]"
101196,74,0.98704,"[{""clase_id"": 74, ""prob"": 0.98704}, {""clase_id"": 69, ""prob"": 0.00229}, {""clase_id"": 68, ""prob"": 0.00175}, {""clase_id"": 71, ""prob"": 0.0017}, {""clase_id"": 63, ""prob"": 0.00048}]"
101197,74,0.49027,"[{""clase_id"": 74, ""prob"": 0.49027}, {""clase_id"": 69, ""prob"": 0.48607}, {""clase_id"": 68, ""prob"": 0.00267}, {""clase_id"": 71, ""prob"": 0.00204}, {""clase_id"": 26, ""prob"": 0.00142}]"
101198,74,0.97864,"[{""clase_id"": 74, ""prob"": 0.97864}, {""clase_id"": 69, ""prob"": 0.00688}, {""clase_id"": 71, ""prob"": 0.00173}, {""clase_id"": 68, ""prob"": 0.00143}, {""clase_id"": 1, ""prob"": 0.00047}]"
101199,74,0.98228,"[{""clase_id"": 74, ""prob"": 0.98228}, {""clase_id"": 69, ""prob"": 0.00535}, {""clase_id"": 68, ""prob"": 0.00243}, {""clase_id"": 71, ""prob"": 0.00129}, {""clase_id"": 63, ""prob"": 0.0005}]"
101200,68,0.97693,"[{""clase_id"": 68, ""prob"": 0.97693}, {""clase_id"": 74, ""prob"": 0.01382}, {""clase_id"": 69, ""prob"": 0.00286}, {""clase_id"": 30, ""prob"": 0.00026}, {""clase_id"": 23, ""prob"": 0.00025}]"
101201,74,0.703,"[{""clase_id"": 74, ""prob"": 0.703}, {""clase_id"": 69, ""prob"": 0.1455}, {""clase_id"": 68, ""prob"": 0.13437}, {""clase_id"": 71, ""prob"": 0.00094}, {""clase_id"": 44, ""prob"": 0.00072}]"
101202,68,0.98413,"[{""clase_id"": 68, ""prob"": 0.98413}, {""clase_id"": 74, ""prob"": 0.00397}, {""clase_id"": 69, ""prob"": 0.00134}, {""clase_id"": 22, ""prob"": 0.00095}, {""clase_id"": 16, ""prob"": 0.00059}]"
101203,68,0.99092,"[{""clase_id"": 68, ""prob"": 0.99092}, {""clase_id"": 74, ""prob"": 0.0011}, {""clase_id"": 69, ""prob"": 0.00106}, {""clase_id"": 14, ""prob"": 0.00041}, {""clase_id"": 23, ""prob"": 0.00029}]"
101204,68,0.9594,"[{""clase_id"": 68, ""prob"": 0.9594}, {""clase_id"": 74, ""prob"": 0.01931}, {""clase_id"": 69, ""prob"": 0.00424}, {""clase_id"": 71, ""prob"": 0.00137}, {""clase_id"": 44, ""prob"": 0.00105}]"
101205,68,0.98338,"[{""clase_id"": 68, ""prob"": 0.98338}, {""clase_id"": 74, ""prob"": 0.00706}, {""clase_id"": 69, ""prob"": 0.00219}, {""clase_id"": 44, ""prob"": 0.00031}, {""clase_id"": 23, ""prob"": 0.0003}]"
101206,68,0.98863,"[{""clase_id"": 68, ""prob"": 0.98863}, {""clase_id"": 74, ""prob"": 0.0021}, {""clase_id"": 69, ""prob"": 0.00125}, {""clase_id"": 30, ""prob"": 0.00049}, {""clase_id"": 23, ""prob"": 0.00039}]"
101207,68,0.99018,"[{""clase_id"": 68, ""prob"": 0.99018}, {""clase_id"": 69, ""prob"": 0.00132}, {""clase_id"": 74, ""prob"": 0.00107}, {""clase_id"": 14, ""prob"": 0.00046}, {""clase_id"": 23, ""prob"": 0.00033}]"
101208,68,0.98827,"[{""clase_id"": 68, ""prob"": 0.98827}, {""clase_id"": 69, ""prob"": 0.00197}, {""clase_id"": 74, ""prob"": 0.00197}, {""clase_id"": 30, ""prob"": 0.0005}, {""clase_id"": 22, ""prob"": 0.00048}]"
101209,68,0.99038,"[{""clase_id"": 68, ""prob"": 0.99038}, {""clase_id"": 69, ""prob"": 0.00094}, {""clase_id"": 74, ""prob"": 0.00088}, {""clase_id"": 30, ""prob"": 0.00049}, {""clase_id"": 22, ""prob"": 0.00024}]"
101210,68,0.98747,"[{""clase_id"": 68, ""prob"": 0.98747}, {""clase_id"": 74, ""prob"": 0.00091}, {""clase_id"": 69, ""prob"": 0.00081}, {""clase_id"": 14, ""prob"": 0.00074}, {""clase_id"": 23, ""prob"": 0.00059}]"
101211,68,0.98912,"[{""clase_id"": 68, ""prob"": 0.98912}, {""clase_id"": 69, ""prob"": 0.00278}, {""clase_id"": 74, ""prob"": 0.00202}, {""clase_id"": 23, ""prob"": 0.00025}, {""clase_id"": 14, ""prob"": 0.00024}]"
101212,68,0.99039,"[{""clase_id"": 68, ""prob"": 0.99039}, {""clase_id"": 69, ""prob"": 0.00078}, {""clase_id"": 74, ""prob"": 0.00065}, {""clase_id"": 14, ""prob"": 0.00036}, {""clase_id"": 23, ""prob"": 0.00034}]"
101213,68,0.97887,"[{""clase_id"": 68, ""prob"": 0.97887}, {""clase_id"": 69, ""prob"": 0.00515}, {""clase_id"": 74, ""prob"": 0.00259}, {""clase_id"": 22, ""prob"": 0.00124}, {""clase_id"": 30, ""prob"": 0.00113}]"
101214,68,0.98044,"[{""clase_id"": 68, ""prob"": 0.98044}, {""clase_id"": 74, ""prob"": 0.01003}, {""clase_id"": 69, ""prob"": 0.00192}, {""clase_id"": 63, ""prob"": 0.00032}, {""clase_id"": 14, ""prob"": 0.00031}]"
101215,68,0.33832,"[{""clase_id"": 68, ""prob"": 0.33832}, {""clase_id"": 44, ""prob"": 0.23886}, {""clase_id"": 55, ""prob"": 0.07606}, {""clase_id"": 14, ""prob"": 0.04059}, {""clase_id"": 42, ""prob"": 0.03334}]"
101216,68,0.98862,"[{""clase_id"": 68, ""prob"": 0.98862}, {""clase_id"": 69, ""prob"": 0.00078}, {""clase_id"": 14, ""prob"": 0.00059}, {""clase_id"": 74, ""prob"": 0.00055}, {""clase_id"": 52, ""prob"": 0.0004}]"
101217,68,0.99085,"[{""clase_id"": 68, ""prob"": 0.99085}, {""clase_id"": 74, ""prob"": 0.00074}, {""clase_id"": 69, ""prob"": 0.00065}, {""clase_id"": 14, ""prob"": 0.00032}, {""clase_id"": 52, ""prob"": 0.00031}]"
101218,68,0.99017,"[{""clase_id"": 68, ""prob"": 0.99017}, {""clase_id"": 74, ""prob"": 0.002}, {""clase_id"": 69, ""prob"": 0.00172}, {""clase_id"": 14, ""prob"": 0.00026}, {""clase_id"": 30, ""prob"": 0.00025}]"
101219,68,0.98392,"[{""clase_id"": 68, ""prob"": 0.98392}, {""clase_id"": 69, ""prob"": 0.00247}, {""clase_id"": 74, ""prob"": 0.00207}, {""clase_id"": 23, ""prob"": 0.00105}, {""clase_id"": 30, ""prob"": 0.00059}]"
101220,68,0.99063,"[{""clase_id"": 68, ""prob"": 0.99063}, {""clase_id"": 74, ""prob"": 0.00253}, {""clase_id"": 69, ""prob"": 0.00134}, {""clase_id"": 23, ""prob"": 0.00022}, {""clase_id"": 14, ""prob"": 0.00021}]"
101221,68,0.98813,"[{""clase_id"": 68, ""prob"": 0.98813}, {""clase_id"": 69, ""prob"": 0.00152}, {""clase_id"": 74, ""prob"": 0.00074}, {""clase_id"": 22, ""prob"": 0.00049}, {""clase_id"": 14, ""prob"": 0.00045}]"
101222,68,0.99055,"[{""clase_id"": 68, ""prob"": 0.99055}, {""clase_id"": 74, ""prob"": 0.00105}, {""clase_id"": 69, ""prob"": 0.0009}, {""clase_id"": 14, ""prob"": 0.00047}, {""clase_id"": 23, ""prob"": 0.00034}]"
101223,68,0.98987,"[{""clase_id"": 68, ""prob"": 0.98987}, {""clase_id"": 69, ""prob"": 0.00118}, {""clase_id"": 74, ""prob"": 0.00109}, {""clase_id"": 22, ""prob"": 0.00043}, {""clase_id"": 30, ""prob"": 0.00036}]"
101224,74,0.86888,"[{""clase_id"": 74, ""prob"": 0.86888}, {""clase_id"": 68, ""prob"": 0.11087}, {""clase_id"": 69, ""prob"": 0.00647}, {""clase_id"": 71, ""prob"": 0.0013}, {""clase_id"": 30, ""prob"": 0.00057}]"
101225,68,0.63275,"[{""clase_id"": 68, ""prob"": 0.63275}, {""clase_id"": 69, ""prob"": 0.27745}, {""clase_id"": 74, ""prob"": 0.0697}, {""clase_id"": 30, ""prob"": 0.00153}, {""clase_id"": 32, ""prob"": 0.00106}]"
101226,68,0.97069,"[{""clase_id"": 68, ""prob"": 0.97069}, {""clase_id"": 74, ""prob"": 0.00931}, {""clase_id"": 69, ""prob"": 0.00293}, {""clase_id"": 44, ""prob"": 0.00118}, {""clase_id"": 14, ""prob"": 0.00117}]"
101227,74,0.6914,"[{""clase_id"": 74, ""prob"": 0.6914}, {""clase_id"": 68, ""prob"": 0.2709}, {""clase_id"": 69, ""prob"": 0.00964}, {""clase_id"": 22, ""prob"": 0.00347}, {""clase_id"": 16, ""prob"": 0.00233}]"
101228,68,0.98862,"[{""clase_id"": 68, ""prob"": 0.98862}, {""clase_id"": 69, ""prob"": 0.00082}, {""clase_id"": 74, ""prob"": 0.00074}, {""clase_id"": 14, ""prob"": 0.00066}, {""clase_id"": 30, ""prob"": 0.0004}]"
101229,68,0.98988,"[{""clase_id"": 68, ""prob"": 0.98988}, {""clase_id"": 69, ""prob"": 0.00091}, {""clase_id"": 74, ""prob"": 0.00075}, {""clase_id"": 14, ""prob"": 0.00043}, {""clase_id"": 23, ""prob"": 0.00033}]"
101230,68,0.91836,"[{""clase_id"": 68, ""prob"": 0.91836}, {""clase_id"": 74, ""prob"": 0.056}, {""clase_id"": 69, ""prob"": 0.01125}, {""clase_id"": 0, ""prob"": 0.00053}, {""clase_id"": 46, ""prob"": 0.00048}]"
101231,68,0.99114,"[{""clase_id"": 68, ""prob"": 0.99114}, {""clase_id"": 74, ""prob"": 0.00171}, {""clase_id"": 69, ""prob"": 0.00065}, {""clase_id"": 23, ""prob"": 0.00024}, {""clase_id"": 7, ""prob"": 0.00024}]"
101232,68,0.9865,"[{""clase_id"": 68, ""prob"": 0.9865}, {""clase_id"": 74, ""prob"": 0.00451}, {""clase_id"": 69, ""prob"": 0.00144}, {""clase_id"": 44, ""prob"": 0.00036}, {""clase_id"": 14, ""prob"": 0.0003}]"
101233,68,0.98548,"[{""clase_id"": 68, ""prob"": 0.98548}, {""clase_id"": 74, ""prob"": 0.00148}, {""clase_id"": 69, ""prob"": 0.0011}, {""clase_id"": 22, ""prob"": 0.00089}, {""clase_id"": 30, ""prob"": 0.00068}]"
101234,68,0.99113,"[{""clase_id"": 68, ""prob"": 0.99113}, {""clase_id"": 74, ""prob"": 0.00131}, {""clase_id"": 69, ""prob"": 0.00071}, {""clase_id"": 14, ""prob"": 0.00028}, {""clase_id"": 23, ""prob"": 0.00026}]"
101235,68,0.96124,"[{""clase_id"": 68, ""prob"": 0.96124}, {""clase_id"": 74, ""prob"": 0.02577}, {""clase_id"": 69, ""prob"": 0.00395}, {""clase_id"": 30, ""prob"": 0.00036}, {""clase_id"": 23, ""prob"": 0.0003}]"
101236,68,0.89904,"[{""clase_id"": 68, ""prob"": 0.89904}, {""clase_id"": 44, ""prob"": 0.02935}, {""clase_id"": 23, ""prob"": 0.01064}, {""clase_id"": 74, ""prob"": 0.00496}, {""clase_id"": 69, ""prob"": 0.00426}]"
101237,68,0.90205,"[{""clase_id"": 68, ""prob"": 0.90205}, {""clase_id"": 74, ""prob"": 0.07082}, {""clase_id"": 69, ""prob"": 0.00755}, {""clase_id"": 44, ""prob"": 0.00129}, {""clase_id"": 7, ""prob"": 0.00089}]"
101238,68,0.99059,"[{""clase_id"": 68, ""prob"": 0.99059}, {""clase_id"": 74, ""prob"": 0.00179}, {""clase_id"": 69, ""prob"": 0.00087}, {""clase_id"": 23, ""prob"": 0.0003}, {""clase_id"": 14, ""prob"": 0.00025}]"
101239,68,0.97848,"[{""clase_id"": 68, ""prob"": 0.97848}, {""clase_id"": 74, ""prob"": 0.01041}, {""clase_id"": 69, ""prob"": 0.00273}, {""clase_id"": 14, ""prob"": 0.00043}, {""clase_id"": 44, ""prob"": 0.00038}]"
101240,38,0.98799,"[{""clase_id"": 38, ""prob"": 0.98799}, {""clase_id"": 49, ""prob"": 0.00389}, {""clase_id"": 21, ""prob"": 0.00165}, {""clase_id"": 11, ""prob"": 0.00029}, {""clase_id"": 44, ""prob"": 0.00028}]"
101241,38,0.98815,"[{""clase_id"": 38, ""prob"": 0.98815}, {""clase_id"": 49, ""prob"": 0.00304}, {""clase_id"": 43, ""prob"": 0.00097}, {""clase_id"": 21, ""prob"": 0.0007}, {""clase_id"": 3, ""prob"": 0.00047}]"
101242,38,0.99034,"[{""clase_id"": 38, ""prob"": 0.99034}, {""clase_id"": 49, ""prob"": 0.00214}, {""clase_id"": 21, ""prob"": 0.00115}, {""clase_id"": 3, ""prob"": 0.00038}, {""clase_id"": 54, ""prob"": 0.0003}]"
101243,38,0.94326,"[{""clase_id"": 38, ""prob"": 0.94326}, {""clase_id"": 49, ""prob"": 0.03746}, {""clase_id"": 21, ""prob"": 0.00544}, {""clase_id"": 3, ""prob"": 0.00105}, {""clase_id"": 39, ""prob"": 0.00071}]"
101244,38,0.98998,"[{""clase_id"": 38, ""prob"": 0.98998}, {""clase_id"": 49, ""prob"": 0.00315}, {""clase_id"": 21, ""prob"": 0.00045}, {""clase_id"": 3, ""prob"": 0.00038}, {""clase_id"": 11, ""prob"": 0.00032}]"
101245,21,0.78452,"[{""clase_id"": 21, ""prob"": 0.78452}, {""clase_id"": 49, ""prob"": 0.13929}, {""clase_id"": 38, ""prob"": 0.04626}, {""clase_id"": 0, ""prob"": 0.00346}, {""clase_id"": 44, ""prob"": 0.00242}]"
101246,38,0.99149,"[{""clase_id"": 38, ""prob"": 0.99149}, {""clase_id"": 49, ""prob"": 0.00203}, {""clase_id"": 21, ""prob"": 0.00046}, {""clase_id"": 11, ""prob"": 0.00035}, {""clase_id"": 3, ""prob"": 0.00033}]"
101247,38,0.98357,"[{""clase_id"": 38, ""prob"": 0.98357}, {""clase_id"": 49, ""prob"": 0.00635}, {""clase_id"": 21, ""prob"": 0.00228}, {""clase_id"": 13, ""prob"": 0.00061}, {""clase_id"": 44, ""prob"": 0.0005}]"
101248,38,0.98807,"[{""clase_id"": 38, ""prob"": 0.98807}, {""clase_id"": 49, ""prob"": 0.00502}, {""clase_id"": 21, ""prob"": 0.00074}, {""clase_id"": 3, ""prob"": 0.00041}, {""clase_id"": 44, ""prob"": 0.00029}]"
101249,38,0.9726,"[{""clase_id"": 38, ""prob"": 0.9726}, {""clase_id"": 21, ""prob"": 0.01024}, {""clase_id"": 49, ""prob"": 0.00742}, {""clase_id"": 3, ""prob"": 0.00063}, {""clase_id"": 54, ""prob"": 0.00052}]"
101250,38,0.98884,"[{""clase_id"": 38, ""prob"": 0.98884}, {""clase_id"": 49, ""prob"": 0.00412}, {""clase_id"": 21, ""prob"": 0.00074}, {""clase_id"": 44, ""prob"": 0.00044}, {""clase_id"": 3, ""prob"": 0.00033}]"
101251,38,0.87831,"[{""clase_id"": 38, ""prob"": 0.87831}, {""clase_id"": 49, ""prob"": 0.06418}, {""clase_id"": 21, ""prob"": 0.0354}, {""clase_id"": 11, ""prob"": 0.00148}, {""clase_id"": 0, ""prob"": 0.00117}]"
101252,38,0.98429,"[{""clase_id"": 38, ""prob"": 0.98429}, {""clase_id"": 49, ""prob"": 0.00407}, {""clase_id"": 21, ""prob"": 0.00346}, {""clase_id"": 3, ""prob"": 0.00058}, {""clase_id"": 54, ""prob"": 0.00056}]"
101253,38,0.98733,"[{""clase_id"": 38, ""prob"": 0.98733}, {""clase_id"": 49, ""prob"": 0.00525}, {""clase_id"": 21, ""prob"": 0.00104}, {""clase_id"": 3, ""prob"": 0.00043}, {""clase_id"": 44, ""prob"": 0.00034}]"
101254,38,0.99158,"[{""clase_id"": 38, ""prob"": 0.99158}, {""clase_id"": 49, ""prob"": 0.00188}, {""clase_id"": 21, ""prob"": 0.00063}, {""clase_id"": 11, ""prob"": 0.00036}, {""clase_id"": 44, ""prob"": 0.0003}]"
101255,38,0.99064,"[{""clase_id"": 38, ""prob"": 0.99064}, {""clase_id"": 49, ""prob"": 0.00275}, {""clase_id"": 21, ""prob"": 0.00089}, {""clase_id"": 3, ""prob"": 0.00031}, {""clase_id"": 11, ""prob"": 0.0003}]"
101256,38,0.98856,"[{""clase_id"": 38, ""prob"": 0.98856}, {""clase_id"": 49, ""prob"": 0.00387}, {""clase_id"": 21, ""prob"": 0.00111}, {""clase_id"": 3, ""prob"": 0.00029}, {""clase_id"": 44, ""prob"": 0.00028}]"
101257,38,0.98641,"[{""clase_id"": 38, ""prob"": 0.98641}, {""clase_id"": 49, ""prob"": 0.00522}, {""clase_id"": 21, ""prob"": 0.00088}, {""clase_id"": 11, ""prob"": 0.00063}, {""clase_id"": 44, ""prob"": 0.00037}]"
101258,38,0.98807,"[{""clase_id"": 38, ""prob"": 0.98807}, {""clase_id"": 49, ""prob"": 0.00457}, {""clase_id"": 21, ""prob"": 0.00057}, {""clase_id"": 11, ""prob"": 0.00035}, {""clase_id"": 44, ""prob"": 0.00034}]"
101259,38,0.96774,"[{""clase_id"": 38, ""prob"": 0.96774}, {""clase_id"": 49, ""prob"": 0.01182}, {""clase_id"": 21, ""prob"": 0.01113}, {""clase_id"": 3, ""prob"": 0.00076}, {""clase_id"": 54, ""prob"": 0.00046}]"
101260,38,0.98438,"[{""clase_id"": 38, ""prob"": 0.98438}, {""clase_id"": 49, ""prob"": 0.0072}, {""clase_id"": 21, ""prob"": 0.00146}, {""clase_id"": 44, ""prob"": 0.00046}, {""clase_id"": 3, ""prob"": 0.00032}]"
101261,38,0.9918,"[{""clase_id"": 38, ""prob"": 0.9918}, {""clase_id"": 49, ""prob"": 0.00154}, {""clase_id"": 21, ""prob"": 0.00039}, {""clase_id"": 11, ""prob"": 0.00037}, {""clase_id"": 3, ""prob"": 0.00036}]"
101262,38,0.98603,"[{""clase_id"": 38, ""prob"": 0.98603}, {""clase_id"": 49, ""prob"": 0.0057}, {""clase_id"": 21, ""prob"": 0.00066}, {""clase_id"": 44, ""prob"": 0.00043}, {""clase_id"": 12, ""prob"": 0.00037}]"
101263,38,0.98006,"[{""clase_id"": 38, ""prob"": 0.98006}, {""clase_id"": 49, ""prob"": 0.01133}, {""clase_id"": 21, ""prob"": 0.0009}, {""clase_id"": 44, ""prob"": 0.00044}, {""clase_id"": 3, ""prob"": 0.0004}]"
101264,38,0.98962,"[{""clase_id"": 38, ""prob"": 0.98962}, {""clase_id"": 49, ""prob"": 0.00376}, {""clase_id"": 21, ""prob"": 0.00061}, {""clase_id"": 3, ""prob"": 0.00034}, {""clase_id"": 11, ""prob"": 0.00029}]"
101265,38,0.98022,"[{""clase_id"": 38, ""prob"": 0.98022}, {""clase_id"": 49, ""prob"": 0.01136}, {""clase_id"": 21, ""prob"": 0.00062}, {""clase_id"": 44, ""prob"": 0.00051}, {""clase_id"": 3, ""prob"": 0.00046}]"
101266,38,0.99033,"[{""clase_id"": 38, ""prob"": 0.99033}, {""clase_id"": 49, ""prob"": 0.00238}, {""clase_id"": 21, ""prob"": 0.00092}, {""clase_id"": 3, ""prob"": 0.00036}, {""clase_id"": 54, ""prob"": 0.0003}]"
101267,38,0.99165,"[{""clase_id"": 38, ""prob"": 0.99165}, {""clase_id"": 49, ""prob"": 0.00169}, {""clase_id"": 21, ""prob"": 0.00061}, {""clase_id"": 11, ""prob"": 0.00035}, {""clase_id"": 44, ""prob"": 0.00029}]"
101268,38,0.99108,"[{""clase_id"": 38, ""prob"": 0.99108}, {""clase_id"": 49, ""prob"": 0.00242}, {""clase_id"": 21, ""prob"": 0.00049}, {""clase_id"": 44, ""prob"": 0.00038}, {""clase_id"": 11, ""prob"": 0.00037}]"
101269,38,0.98032,"[{""clase_id"": 38, ""prob"": 0.98032}, {""clase_id"": 49, ""prob"": 0.0108}, {""clase_id"": 21, ""prob"": 0.00177}, {""clase_id"": 3, ""prob"": 0.00035}, {""clase_id"": 12, ""prob"": 0.00029}]"
101270,38,0.98968,"[{""clase_id"": 38, ""prob"": 0.98968}, {""clase_id"": 49, ""prob"": 0.00369}, {""clase_id"": 21, ""prob"": 0.00058}, {""clase_id"": 3, ""prob"": 0.00037}, {""clase_id"": 44, ""prob"": 0.0003}]"
101271,38,0.98757,"[{""clase_id"": 38, ""prob"": 0.98757}, {""clase_id"": 49, ""prob"": 0.00491}, {""clase_id"": 21, ""prob"": 0.00076}, {""clase_id"": 12, ""prob"": 0.0005}, {""clase_id"": 11, ""prob"": 0.00034}]"
101272,38,0.99063,"[{""clase_id"": 38, ""prob"": 0.99063}, {""clase_id"": 49, ""prob"": 0.0018}, {""clase_id"": 21, ""prob"": 0.00074}, {""clase_id"": 3, ""prob"": 0.00043}, {""clase_id"": 70, ""prob"": 0.00033}]"
101273,38,0.98201,"[{""clase_id"": 38, ""prob"": 0.98201}, {""clase_id"": 49, ""prob"": 0.00725}, {""clase_id"": 43, ""prob"": 0.00106}, {""clase_id"": 21, ""prob"": 0.00096}, {""clase_id"": 3, ""prob"": 0.00065}]"
101274,38,0.99008,"[{""clase_id"": 38, ""prob"": 0.99008}, {""clase_id"": 49, ""prob"": 0.00256}, {""clase_id"": 21, ""prob"": 0.00088}, {""clase_id"": 3, ""prob"": 0.00043}, {""clase_id"": 11, ""prob"": 0.00027}]"
101275,38,0.97974,"[{""clase_id"": 38, ""prob"": 0.97974}, {""clase_id"": 49, ""prob"": 0.01074}, {""clase_id"": 21, ""prob"": 0.0022}, {""clase_id"": 3, ""prob"": 0.00051}, {""clase_id"": 54, ""prob"": 0.00028}]"
101276,38,0.98533,"[{""clase_id"": 38, ""prob"": 0.98533}, {""clase_id"": 49, ""prob"": 0.007}, {""clase_id"": 21, ""prob"": 0.00061}, {""clase_id"": 44, ""prob"": 0.00045}, {""clase_id"": 3, ""prob"": 0.00036}]"
101277,38,0.99196,"[{""clase_id"": 38, ""prob"": 0.99196}, {""clase_id"": 49, ""prob"": 0.00138}, {""clase_id"": 11, ""prob"": 0.00049}, {""clase_id"": 21, ""prob"": 0.00037}, {""clase_id"": 3, ""prob"": 0.00031}]"
101278,38,0.99121,"[{""clase_id"": 38, ""prob"": 0.99121}, {""clase_id"": 49, ""prob"": 0.00224}, {""clase_id"": 21, ""prob"": 0.00073}, {""clase_id"": 44, ""prob"": 0.00035}, {""clase_id"": 11, ""prob"": 0.00035}]"
101279,38,0.97911,"[{""clase_id"": 38, ""prob"": 0.97911}, {""clase_id"": 49, ""prob"": 0.01047}, {""clase_id"": 21, ""prob"": 0.00217}, {""clase_id"": 3, ""prob"": 0.00105}, {""clase_id"": 44, ""prob"": 0.00035}]"
101280,73,0.99416,"[{""clase_id"": 73, ""prob"": 0.99416}, {""clase_id"": 54, ""prob"": 0.00045}, {""clase_id"": 10, ""prob"": 0.00041}, {""clase_id"": 21, ""prob"": 0.0003}, {""clase_id"": 39, ""prob"": 0.00028}]"
101281,73,0.97727,"[{""clase_id"": 73, ""prob"": 0.97727}, {""clase_id"": 39, ""prob"": 0.00256}, {""clase_id"": 10, ""prob"": 0.00205}, {""clase_id"": 54, ""prob"": 0.00192}, {""clase_id"": 57, ""prob"": 0.00156}]"
101282,73,0.95717,"[{""clase_id"": 73, ""prob"": 0.95717}, {""clase_id"": 39, ""prob"": 0.00617}, {""clase_id"": 9, ""prob"": 0.00256}, {""clase_id"": 24, ""prob"": 0.00233}, {""clase_id"": 10, ""prob"": 0.0023}]"
101283,73,0.94198,"[{""clase_id"": 73, ""prob"": 0.94198}, {""clase_id"": 54, ""prob"": 0.04632}, {""clase_id"": 10, ""prob"": 0.0014}, {""clase_id"": 57, ""prob"": 0.00103}, {""clase_id"": 39, ""prob"": 0.00058}]"
101284,73,0.99282,"[{""clase_id"": 73, ""prob"": 0.99282}, {""clase_id"": 10, ""prob"": 0.00162}, {""clase_id"": 54, ""prob"": 0.00062}, {""clase_id"": 39, ""prob"": 0.00043}, {""clase_id"": 57, ""prob"": 0.00026}]"
101285,73,0.96886,"[{""clase_id"": 73, ""prob"": 0.96886}, {""clase_id"": 54, ""prob"": 0.02155}, {""clase_id"": 57, ""prob"": 0.00122}, {""clase_id"": 10, ""prob"": 0.0007}, {""clase_id"": 39, ""prob"": 0.00052}]"
101286,73,0.99396,"[{""clase_id"": 73, ""prob"": 0.99396}, {""clase_id"": 10, ""prob"": 0.00079}, {""clase_id"": 39, ""prob"": 0.00044}, {""clase_id"": 54, ""prob"": 0.00036}, {""clase_id"": 57, ""prob"": 0.00025}]"
101287,24,0.29381,"[{""clase_id"": 24, ""prob"": 0.29381}, {""clase_id"": 50, ""prob"": 0.28899}, {""clase_id"": 73, ""prob"": 0.14453}, {""clase_id"": 56, ""prob"": 0.01977}, {""clase_id"": 9, ""prob"": 0.01472}]"
101288,73,0.99447,"[{""clase_id"": 73, ""prob"": 0.99447}, {""clase_id"": 10, ""prob"": 0.00051}, {""clase_id"": 39, ""prob"": 0.00038}, {""clase_id"": 54, ""prob"": 0.00037}, {""clase_id"": 9, ""prob"": 0.00027}]"
101289,73,0.9936,"[{""clase_id"": 73, ""prob"": 0.9936}, {""clase_id"": 54, ""prob"": 0.00092}, {""clase_id"": 10, ""prob"": 0.00051}, {""clase_id"": 57, ""prob"": 0.00036}, {""clase_id"": 39, ""prob"": 0.00036}]"
101290,73,0.99375,"[{""clase_id"": 73, ""prob"": 0.99375}, {""clase_id"": 54, ""prob"": 0.00077}, {""clase_id"": 10, ""prob"": 0.00055}, {""clase_id"": 39, ""prob"": 0.00044}, {""clase_id"": 57, ""prob"": 0.00038}]"
101291,73,0.99432,"[{""clase_id"": 73, ""prob"": 0.99432}, {""clase_id"": 10, ""prob"": 0.00053}, {""clase_id"": 54, ""prob"": 0.00041}, {""clase_id"": 39, ""prob"": 0.00032}, {""clase_id"": 21, ""prob"": 0.00023}]"
101292,73,0.99451,"[{""clase_id"": 73, ""prob"": 0.99451}, {""clase_id"": 10, ""prob"": 0.00048}, {""clase_id"": 54, ""prob"": 0.00039}, {""clase_id"": 39, ""prob"": 0.00029}, {""clase_id"": 21, ""prob"": 0.00025}]"
101293,73,0.99385,"[{""clase_id"": 73, ""prob"": 0.99385}, {""clase_id"": 54, ""prob"": 0.00101}, {""clase_id"": 10, ""prob"": 0.00048}, {""clase_id"": 39, ""prob"": 0.00041}, {""clase_id"": 57, ""prob"": 0.00037}]"
101294,73,0.97783,"[{""clase_id"": 73, ""prob"": 0.97783}, {""clase_id"": 39, ""prob"": 0.00451}, {""clase_id"": 57, ""prob"": 0.00155}, {""clase_id"": 64, ""prob"": 0.00099}, {""clase_id"": 54, ""prob"": 0.00098}]"
101295,73,0.99451,"[{""clase_id"": 73, ""prob"": 0.99451}, {""clase_id"": 10, ""prob"": 0.00052}, {""clase_id"": 54, ""prob"": 0.00046}, {""clase_id"": 39, ""prob"": 0.0003}, {""clase_id"": 21, ""prob"": 0.00025}]"
101296,54,0.75069,"[{""clase_id"": 54, ""prob"": 0.75069}, {""clase_id"": 10, ""prob"": 0.17408}, {""clase_id"": 73, ""prob"": 0.02854}, {""clase_id"": 57, ""prob"": 0.00383}, {""clase_id"": 62, ""prob"": 0.00305}]"
101297,43,0.42493,"[{""clase_id"": 43, ""prob"": 0.42493}, {""clase_id"": 39, ""prob"": 0.3517}, {""clase_id"": 73, ""prob"": 0.04131}, {""clase_id"": 10, ""prob"": 0.02504}, {""clase_id"": 11, ""prob"": 0.02271}]"
101298,73,0.99422,"[{""clase_id"": 73, ""prob"": 0.99422}, {""clase_id"": 10, ""prob"": 0.00055}, {""clase_id"": 54, ""prob"": 0.00042}, {""clase_id"": 39, ""prob"": 0.00038}, {""clase_id"": 57, ""prob"": 0.00023}]"
101299,73,0.94951,"[{""clase_id"": 73, ""prob"": 0.94951}, {""clase_id"": 54, ""prob"": 0.02453}, {""clase_id"": 57, ""prob"": 0.00213}, {""clase_id"": 21, ""prob"": 0.00209}, {""clase_id"": 10, ""prob"": 0.00193}]"
101300,73,0.99393,"[{""clase_id"": 73, ""prob"": 0.99393}, {""clase_id"": 54, ""prob"": 0.00074}, {""clase_id"": 39, ""prob"": 0.00047}, {""clase_id"": 10, ""prob"": 0.00047}, {""clase_id"": 57, ""prob"": 0.00037}]"
101301,73,0.99414,"[{""clase_id"": 73, ""prob"": 0.99414}, {""clase_id"": 54, ""prob"": 0.00085}, {""clase_id"": 10, ""prob"": 0.00073}, {""clase_id"": 39, ""prob"": 0.00037}, {""clase_id"": 57, ""prob"": 0.00023}]"
101302,73,0.9944,"[{""clase_id"": 73, ""prob"": 0.9944}, {""clase_id"": 54, ""prob"": 0.00048}, {""clase_id"": 10, ""prob"": 0.0004}, {""clase_id"": 21, ""prob"": 0.00031}, {""clase_id"": 39, ""prob"": 0.00027}]"
101303,73,0.96543,"[{""clase_id"": 73, ""prob"": 0.96543}, {""clase_id"": 39, ""prob"": 0.00273}, {""clase_id"": 9, ""prob"": 0.00245}, {""clase_id"": 54, ""prob"": 0.00232}, {""clase_id"": 10, ""prob"": 0.00194}]"
101304,73,0.99451,"[{""clase_id"": 73, ""prob"": 0.99451}, {""clase_id"": 10, ""prob"": 0.0005}, {""clase_id"": 54, ""prob"": 0.00045}, {""clase_id"": 39, ""prob"": 0.00028}, {""clase_id"": 57, ""prob"": 0.00024}]"
101305,73,0.99193,"[{""clase_id"": 73, ""prob"": 0.99193}, {""clase_id"": 39, ""prob"": 0.00072}, {""clase_id"": 10, ""prob"": 0.00053}, {""clase_id"": 9, ""prob"": 0.00042}, {""clase_id"": 57, ""prob"": 0.00032}]"
101306,73,0.99398,"[{""clase_id"": 73, ""prob"": 0.99398}, {""clase_id"": 10, ""prob"": 0.00101}, {""clase_id"": 54, ""prob"": 0.00078}, {""clase_id"": 39, ""prob"": 0.00031}, {""clase_id"": 57, ""prob"": 0.00022}]"
101307,73,0.99415,"[{""clase_id"": 73, ""prob"": 0.99415}, {""clase_id"": 10, ""prob"": 0.00044}, {""clase_id"": 54, ""prob"": 0.00043}, {""clase_id"": 39, ""prob"": 0.0004}, {""clase_id"": 21, ""prob"": 0.00028}]"
101308,73,0.99315,"[{""clase_id"": 73, ""prob"": 0.99315}, {""clase_id"": 54, ""prob"": 0.00092}, {""clase_id"": 10, ""prob"": 0.00058}, {""clase_id"": 39, ""prob"": 0.0004}, {""clase_id"": 57, ""prob"": 0.00038}]"
101309,73,0.99418,"[{""clase_id"": 73, ""prob"": 0.99418}, {""clase_id"": 54, ""prob"": 0.00058}, {""clase_id"": 39, ""prob"": 0.00051}, {""clase_id"": 10, ""prob"": 0.00045}, {""clase_id"": 57, ""prob"": 0.00026}]"
101310,73,0.99168,"[{""clase_id"": 73, ""prob"": 0.99168}, {""clase_id"": 10, ""prob"": 0.00178}, {""clase_id"": 54, ""prob"": 0.00057}, {""clase_id"": 39, ""prob"": 0.00034}, {""clase_id"": 9, ""prob"": 0.00033}]"
101311,73,0.99422,"[{""clase_id"": 73, ""prob"": 0.99422}, {""clase_id"": 54, ""prob"": 0.00076}, {""clase_id"": 10, ""prob"": 0.00064}, {""clase_id"": 39, ""prob"": 0.00038}, {""clase_id"": 57, ""prob"": 0.00026}]"
101312,73,0.99416,"[{""clase_id"": 73, ""prob"": 0.99416}, {""clase_id"": 54, ""prob"": 0.00068}, {""clase_id"": 10, ""prob"": 0.00059}, {""clase_id"": 39, ""prob"": 0.00028}, {""clase_id"": 21, ""prob"": 0.00027}]"
101313,73,0.87226,"[{""clase_id"": 73, ""prob"": 0.87226}, {""clase_id"": 39, ""prob"": 0.09591}, {""clase_id"": 57, ""prob"": 0.00568}, {""clase_id"": 54, ""prob"": 0.00198}, {""clase_id"": 9, ""prob"": 0.00186}]"
101314,73,0.99437,"[{""clase_id"": 73, ""prob"": 0.99437}, {""clase_id"": 10, ""prob"": 0.0005}, {""clase_id"": 54, ""prob"": 0.00048}, {""clase_id"": 39, ""prob"": 0.00043}, {""clase_id"": 57, ""prob"": 0.00029}]"
101315,54,0.97604,"[{""clase_id"": 54, ""prob"": 0.97604}, {""clase_id"": 10, ""prob"": 0.00642}, {""clase_id"": 73, ""prob"": 0.00257}, {""clase_id"": 57, ""prob"": 0.00128}, {""clase_id"": 25, ""prob"": 0.00082}]"
101316,73,0.99417,"[{""clase_id"": 73, ""prob"": 0.99417}, {""clase_id"": 10, ""prob"": 0.00086}, {""clase_id"": 54, ""prob"": 0.00052}, {""clase_id"": 39, ""prob"": 0.00045}, {""clase_id"": 57, ""prob"": 0.00023}]"
101317,73,0.98618,"[{""clase_id"": 73, ""prob"": 0.98618}, {""clase_id"": 54, ""prob"": 0.00461}, {""clase_id"": 10, ""prob"": 0.00166}, {""clase_id"": 57, ""prob"": 0.00085}, {""clase_id"": 39, ""prob"": 0.00048}]"
101318,73,0.99422,"[{""clase_id"": 73, ""prob"": 0.99422}, {""clase_id"": 54, ""prob"": 0.00081}, {""clase_id"": 10, ""prob"": 0.00066}, {""clase_id"": 39, ""prob"": 0.00031}, {""clase_id"": 21, ""prob"": 0.00024}]"
101319,73,0.99293,"[{""clase_id"": 73, ""prob"": 0.99293}, {""clase_id"": 54, ""prob"": 0.00049}, {""clase_id"": 10, ""prob"": 0.00046}, {""clase_id"": 39, ""prob"": 0.00045}, {""clase_id"": 57, ""prob"": 0.00037}]"
101320,62,0.9584,"[{""clase_id"": 62, ""prob"": 0.9584}, {""clase_id"": 54, ""prob"": 0.02242}, {""clase_id"": 57, ""prob"": 0.00484}, {""clase_id"": 65, ""prob"": 0.00165}, {""clase_id"": 58, ""prob"": 0.00105}]"
101321,14,0.13352,"[{""clase_id"": 14, ""prob"": 0.13352}, {""clase_id"": 18, ""prob"": 0.12721}, {""clase_id"": 66, ""prob"": 0.10551}, {""clase_id"": 53, ""prob"": 0.06334}, {""clase_id"": 11, ""prob"": 0.03778}]"
101322,62,0.98639,"[{""clase_id"": 62, ""prob"": 0.98639}, {""clase_id"": 54, ""prob"": 0.00377}, {""clase_id"": 65, ""prob"": 0.00145}, {""clase_id"": 57, ""prob"": 0.00069}, {""clase_id"": 32, ""prob"": 0.00051}]"
101323,62,0.99029,"[{""clase_id"": 62, ""prob"": 0.99029}, {""clase_id"": 65, ""prob"": 0.00113}, {""clase_id"": 47, ""prob"": 0.00081}, {""clase_id"": 54, ""prob"": 0.0006}, {""clase_id"": 59, ""prob"": 0.00058}]"
101324,62,0.95874,"[{""clase_id"": 62, ""prob"": 0.95874}, {""clase_id"": 2, ""prob"": 0.00815}, {""clase_id"": 13, ""prob"": 0.00493}, {""clase_id"": 65, ""prob"": 0.0038}, {""clase_id"": 54, ""prob"": 0.00265}]"
101325,62,0.96469,"[{""clase_id"": 62, ""prob"": 0.96469}, {""clase_id"": 65, ""prob"": 0.00722}, {""clase_id"": 13, ""prob"": 0.00386}, {""clase_id"": 50, ""prob"": 0.00311}, {""clase_id"": 54, ""prob"": 0.00184}]"
101326,62,0.92138,"[{""clase_id"": 62, ""prob"": 0.92138}, {""clase_id"": 58, ""prob"": 0.02104}, {""clase_id"": 65, ""prob"": 0.00845}, {""clase_id"": 57, ""prob"": 0.00693}, {""clase_id"": 4, ""prob"": 0.00446}]"
101327,62,0.99104,"[{""clase_id"": 62, ""prob"": 0.99104}, {""clase_id"": 54, ""prob"": 0.00109}, {""clase_id"": 65, ""prob"": 0.00092}, {""clase_id"": 58, ""prob"": 0.00061}, {""clase_id"": 57, ""prob"": 0.00052}]"
101328,62,0.99066,"[{""clase_id"": 62, ""prob"": 0.99066}, {""clase_id"": 65, ""prob"": 0.00116}, {""clase_id"": 54, ""prob"": 0.00093}, {""clase_id"": 57, ""prob"": 0.00069}, {""clase_id"": 47, ""prob"": 0.00069}]"
101329,62,0.99014,"[{""clase_id"": 62, ""prob"": 0.99014}, {""clase_id"": 65, ""prob"": 0.00184}, {""clase_id"": 47, ""prob"": 0.00067}, {""clase_id"": 54, ""prob"": 0.00053}, {""clase_id"": 32, ""prob"": 0.00053}]"
101330,62,0.93452,"[{""clase_id"": 62, ""prob"": 0.93452}, {""clase_id"": 13, ""prob"": 0.00478}, {""clase_id"": 18, ""prob"": 0.00377}, {""clase_id"": 61, ""prob"": 0.00293}, {""clase_id"": 57, ""prob"": 0.00292}]"
101331,64,0.25972,"[{""clase_id"": 64, ""prob"": 0.25972}, {""clase_id"": 5, ""prob"": 0.18923}, {""clase_id"": 15, ""prob"": 0.15658}, {""clase_id"": 47, ""prob"": 0.04558}, {""clase_id"": 57, ""prob"": 0.03967}]"
101332,62,0.45892,"[{""clase_id"": 62, ""prob"": 0.45892}, {""clase_id"": 60, ""prob"": 0.32742}, {""clase_id"": 65, ""prob"": 0.08076}, {""clase_id"": 58, ""prob"": 0.02455}, {""clase_id"": 4, ""prob"": 0.02169}]"
101333,62,0.97483,"[{""clase_id"": 62, ""prob"": 0.97483}, {""clase_id"": 47, ""prob"": 0.0027}, {""clase_id"": 59, ""prob"": 0.00194}, {""clase_id"": 65, ""prob"": 0.00148}, {""clase_id"": 13, ""prob"": 0.00145}]"
101334,62,0.97883,"[{""clase_id"": 62, ""prob"": 0.97883}, {""clase_id"": 65, ""prob"": 0.00876}, {""clase_id"": 58, ""prob"": 0.0018}, {""clase_id"": 54, ""prob"": 0.001}, {""clase_id"": 32, ""prob"": 0.00059}]"
101335,62,0.98982,"[{""clase_id"": 62, ""prob"": 0.98982}, {""clase_id"": 54, ""prob"": 0.00171}, {""clase_id"": 65, ""prob"": 0.00071}, {""clase_id"": 47, ""prob"": 0.00071}, {""clase_id"": 59, ""prob"": 0.00064}]"
101336,62,0.98848,"[{""clase_id"": 62, ""prob"": 0.98848}, {""clase_id"": 65, ""prob"": 0.00246}, {""clase_id"": 57, ""prob"": 0.00074}, {""clase_id"": 47, ""prob"": 0.00061}, {""clase_id"": 58, ""prob"": 0.00057}]"
101337,62,0.98438,"[{""clase_id"": 62, ""prob"": 0.98438}, {""clase_id"": 47, ""prob"": 0.00415}, {""clase_id"": 58, ""prob"": 0.00086}, {""clase_id"": 65, ""prob"": 0.00082}, {""clase_id"": 32, ""prob"": 0.00072}]"
101338,62,0.66472,"[{""clase_id"": 62, ""prob"": 0.66472}, {""clase_id"": 47, ""prob"": 0.29487}, {""clase_id"": 59, ""prob"": 0.00548}, {""clase_id"": 61, ""prob"": 0.00438}, {""clase_id"": 5, ""prob"": 0.00178}]"
101339,62,0.98627,"[{""clase_id"": 62, ""prob"": 0.98627}, {""clase_id"": 65, ""prob"": 0.00163}, {""clase_id"": 57, ""prob"": 0.00114}, {""clase_id"": 50, ""prob"": 0.00094}, {""clase_id"": 54, ""prob"": 0.00092}]"
101340,62,0.89366,"[{""clase_id"": 62, ""prob"": 0.89366}, {""clase_id"": 50, ""prob"": 0.03913}, {""clase_id"": 65, ""prob"": 0.00768}, {""clase_id"": 54, ""prob"": 0.00556}, {""clase_id"": 70, ""prob"": 0.00416}]"
101341,62,0.99031,"[{""clase_id"": 62, ""prob"": 0.99031}, {""clase_id"": 54, ""prob"": 0.00185}, {""clase_id"": 65, ""prob"": 0.00069}, {""clase_id"": 58, ""prob"": 0.00061}, {""clase_id"": 57, ""prob"": 0.00053}]"
101342,62,0.98927,"[{""clase_id"": 62, ""prob"": 0.98927}, {""clase_id"": 57, ""prob"": 0.00185}, {""clase_id"": 54, ""prob"": 0.00119}, {""clase_id"": 65, ""prob"": 0.00058}, {""clase_id"": 18, ""prob"": 0.00037}]"
101343,62,0.98893,"[{""clase_id"": 62, ""prob"": 0.98893}, {""clase_id"": 47, ""prob"": 0.0013}, {""clase_id"": 59, ""prob"": 0.00103}, {""clase_id"": 65, ""prob"": 0.00075}, {""clase_id"": 54, ""prob"": 0.00062}]"
101344,62,0.99105,"[{""clase_id"": 62, ""prob"": 0.99105}, {""clase_id"": 54, ""prob"": 0.00113}, {""clase_id"": 57, ""prob"": 0.00089}, {""clase_id"": 65, ""prob"": 0.00054}, {""clase_id"": 59, ""prob"": 0.00038}]"
101345,62,0.99085,"[{""clase_id"": 62, ""prob"": 0.99085}, {""clase_id"": 65, ""prob"": 0.00101}, {""clase_id"": 54, ""prob"": 0.00078}, {""clase_id"": 47, ""prob"": 0.00068}, {""clase_id"": 59, ""prob"": 0.0005}]"
101346,62,0.73296,"[{""clase_id"": 62, ""prob"": 0.73296}, {""clase_id"": 58, ""prob"": 0.12915}, {""clase_id"": 65, ""prob"": 0.0941}, {""clase_id"": 54, ""prob"": 0.00492}, {""clase_id"": 50, ""prob"": 0.00329}]"
101347,59,0.84965,"[{""clase_id"": 59, ""prob"": 0.84965}, {""clase_id"": 61, ""prob"": 0.09682}, {""clase_id"": 62, ""prob"": 0.01504}, {""clase_id"": 47, ""prob"": 0.00622}, {""clase_id"": 44, ""prob"": 0.005}]"
101348,62,0.97968,"[{""clase_id"": 62, ""prob"": 0.97968}, {""clase_id"": 65, ""prob"": 0.00499}, {""clase_id"": 54, ""prob"": 0.00233}, {""clase_id"": 58, ""prob"": 0.00225}, {""clase_id"": 50, ""prob"": 0.00104}]"
101349,62,0.99064,"[{""clase_id"": 62, ""prob"": 0.99064}, {""clase_id"": 65, ""prob"": 0.00087}, {""clase_id"": 54, ""prob"": 0.00086}, {""clase_id"": 47, ""prob"": 0.00077}, {""clase_id"": 57, ""prob"": 0.00052}]"
101350,62,0.99034,"[{""clase_id"": 62, ""prob"": 0.99034}, {""clase_id"": 65, ""prob"": 0.00126}, {""clase_id"": 54, ""prob"": 0.00112}, {""clase_id"": 58, ""prob"": 0.00075}, {""clase_id"": 47, ""prob"": 0.00047}]"
101351,59,0.42657,"[{""clase_id"": 59, ""prob"": 0.42657}, {""clase_id"": 62, ""prob"": 0.29757}, {""clase_id"": 61, ""prob"": 0.15085}, {""clase_id"": 47, ""prob"": 0.07301}, {""clase_id"": 60, ""prob"": 0.00319}]"
101352,62,0.98959,"[{""clase_id"": 62, ""prob"": 0.98959}, {""clase_id"": 65, ""prob"": 0.00094}, {""clase_id"": 47, ""prob"": 0.00084}, {""clase_id"": 58, ""prob"": 0.00074}, {""clase_id"": 54, ""prob"": 0.00074}]"
101353,62,0.98808,"[{""clase_id"": 62, ""prob"": 0.98808}, {""clase_id"": 65, ""prob"": 0.00224}, {""clase_id"": 54, ""prob"": 0.00073}, {""clase_id"": 47, ""prob"": 0.0007}, {""clase_id"": 32, ""prob"": 0.00063}]"
101354,62,0.98129,"[{""clase_id"": 62, ""prob"": 0.98129}, {""clase_id"": 58, ""prob"": 0.00416}, {""clase_id"": 65, ""prob"": 0.00346}, {""clase_id"": 54, ""prob"": 0.00118}, {""clase_id"": 57, ""prob"": 0.00066}]"
101355,62,0.98952,"[{""clase_id"": 62, ""prob"": 0.98952}, {""clase_id"": 54, ""prob"": 0.00193}, {""clase_id"": 65, ""prob"": 0.00068}, {""clase_id"": 57, ""prob"": 0.00062}, {""clase_id"": 47, ""prob"": 0.00062}]"
101356,62,0.98073,"[{""clase_id"": 62, ""prob"": 0.98073}, {""clase_id"": 57, ""prob"": 0.00312}, {""clase_id"": 61, ""prob"": 0.00179}, {""clase_id"": 47, ""prob"": 0.0014}, {""clase_id"": 54, ""prob"": 0.00129}]"
101357,62,0.98933,"[{""clase_id"": 62, ""prob"": 0.98933}, {""clase_id"": 54, ""prob"": 0.00149}, {""clase_id"": 65, ""prob"": 0.00106}, {""clase_id"": 58, ""prob"": 0.0009}, {""clase_id"": 57, ""prob"": 0.00056}]"
101358,47,0.69934,"[{""clase_id"": 47, ""prob"": 0.69934}, {""clase_id"": 60, ""prob"": 0.13267}, {""clase_id"": 62, ""prob"": 0.07912}, {""clase_id"": 59, ""prob"": 0.02083}, {""clase_id"": 75, ""prob"": 0.00563}]"
101359,62,0.99006,"[{""clase_id"": 62, ""prob"": 0.99006}, {""clase_id"": 65, ""prob"": 0.00127}, {""clase_id"": 47, ""prob"": 0.00062}, {""clase_id"": 54, ""prob"": 0.0006}, {""clase_id"": 32, ""prob"": 0.00052}]"
101360,29,0.91558,"[{""clase_id"": 29, ""prob"": 0.91558}, {""clase_id"": 39, ""prob"": 0.02837}, {""clase_id"": 37, ""prob"": 0.01193}, {""clase_id"": 43, ""prob"": 0.0093}, {""clase_id"": 23, ""prob"": 0.00242}]"
101361,29,0.9926,"[{""clase_id"": 29, ""prob"": 0.9926}, {""clase_id"": 23, ""prob"": 0.00084}, {""clase_id"": 37, ""prob"": 0.00079}, {""clase_id"": 72, ""prob"": 0.00031}, {""clase_id"": 43, ""prob"": 0.00029}]"
101362,29,0.99068,"[{""clase_id"": 29, ""prob"": 0.99068}, {""clase_id"": 23, ""prob"": 0.00104}, {""clase_id"": 37, ""prob"": 0.00059}, {""clase_id"": 4, ""prob"": 0.00048}, {""clase_id"": 72, ""prob"": 0.00039}]"
101363,29,0.99276,"[{""clase_id"": 29, ""prob"": 0.99276}, {""clase_id"": 37, ""prob"": 0.00101}, {""clase_id"": 23, ""prob"": 0.0008}, {""clase_id"": 72, ""prob"": 0.00036}, {""clase_id"": 43, ""prob"": 0.00024}]"
101364,29,0.9929,"[{""clase_id"": 29, ""prob"": 0.9929}, {""clase_id"": 37, ""prob"": 0.00162}, {""clase_id"": 23, ""prob"": 0.00042}, {""clase_id"": 43, ""prob"": 0.00038}, {""clase_id"": 72, ""prob"": 0.00025}]"
101365,29,0.99076,"[{""clase_id"": 29, ""prob"": 0.99076}, {""clase_id"": 43, ""prob"": 0.00082}, {""clase_id"": 23, ""prob"": 0.00071}, {""clase_id"": 37, ""prob"": 0.00053}, {""clase_id"": 31, ""prob"": 0.00038}]"
101366,29,0.99263,"[{""clase_id"": 29, ""prob"": 0.99263}, {""clase_id"": 37, ""prob"": 0.00131}, {""clase_id"": 23, ""prob"": 0.00057}, {""clase_id"": 43, ""prob"": 0.00043}, {""clase_id"": 72, ""prob"": 0.00021}]"
101367,29,0.98479,"[{""clase_id"": 29, ""prob"": 0.98479}, {""clase_id"": 37, ""prob"": 0.00202}, {""clase_id"": 72, ""prob"": 0.00178}, {""clase_id"": 40, ""prob"": 0.00125}, {""clase_id"": 23, ""prob"": 0.00068}]"
101368,29,0.99269,"[{""clase_id"": 29, ""prob"": 0.99269}, {""clase_id"": 23, ""prob"": 0.00066}, {""clase_id"": 43, ""prob"": 0.00062}, {""clase_id"": 37, ""prob"": 0.00062}, {""clase_id"": 31, ""prob"": 0.00025}]"
101369,29,0.99259,"[{""clase_id"": 29, ""prob"": 0.99259}, {""clase_id"": 23, ""prob"": 0.00074}, {""clase_id"": 37, ""prob"": 0.0006}, {""clase_id"": 43, ""prob"": 0.0004}, {""clase_id"": 31, ""prob"": 0.00027}]"
101370,29,0.99224,"[{""clase_id"": 29, ""prob"": 0.99224}, {""clase_id"": 23, ""prob"": 0.00086}, {""clase_id"": 37, ""prob"": 0.00059}, {""clase_id"": 43, ""prob"": 0.00038}, {""clase_id"": 31, ""prob"": 0.00027}]"
101371,29,0.99179,"[{""clase_id"": 29, ""prob"": 0.99179}, {""clase_id"": 23, ""prob"": 0.00076}, {""clase_id"": 37, ""prob"": 0.00062}, {""clase_id"": 43, ""prob"": 0.00039}, {""clase_id"": 72, ""prob"": 0.00032}]"
101372,29,0.98953,"[{""clase_id"": 29, ""prob"": 0.98953}, {""clase_id"": 37, ""prob"": 0.00498}, {""clase_id"": 23, ""prob"": 0.00045}, {""clase_id"": 72, ""prob"": 0.00041}, {""clase_id"": 43, ""prob"": 0.00031}]"
101373,29,0.99298,"[{""clase_id"": 29, ""prob"": 0.99298}, {""clase_id"": 37, ""prob"": 0.00108}, {""clase_id"": 23, ""prob"": 0.00062}, {""clase_id"": 72, ""prob"": 0.00041}, {""clase_id"": 43, ""prob"": 0.00032}]"
101374,29,0.9924,"[{""clase_id"": 29, ""prob"": 0.9924}, {""clase_id"": 23, ""prob"": 0.00068}, {""clase_id"": 37, ""prob"": 0.00041}, {""clase_id"": 43, ""prob"": 0.00033}, {""clase_id"": 31, ""prob"": 0.0003}]"
101375,39,0.59739,"[{""clase_id"": 39, ""prob"": 0.59739}, {""clase_id"": 29, ""prob"": 0.25919}, {""clase_id"": 60, ""prob"": 0.01466}, {""clase_id"": 43, ""prob"": 0.01463}, {""clase_id"": 23, ""prob"": 0.00916}]"
101376,29,0.99294,"[{""clase_id"": 29, ""prob"": 0.99294}, {""clase_id"": 37, ""prob"": 0.00061}, {""clase_id"": 23, ""prob"": 0.00061}, {""clase_id"": 43, ""prob"": 0.00035}, {""clase_id"": 72, ""prob"": 0.00023}]"
101377,29,0.99185,"[{""clase_id"": 29, ""prob"": 0.99185}, {""clase_id"": 43, ""prob"": 0.00075}, {""clase_id"": 23, ""prob"": 0.00073}, {""clase_id"": 37, ""prob"": 0.00049}, {""clase_id"": 31, ""prob"": 0.00028}]"
101378,29,0.99339,"[{""clase_id"": 29, ""prob"": 0.99339}, {""clase_id"": 37, ""prob"": 0.00074}, {""clase_id"": 23, ""prob"": 0.00068}, {""clase_id"": 72, ""prob"": 0.0003}, {""clase_id"": 43, ""prob"": 0.00028}]"
101379,29,0.9931,"[{""clase_id"": 29, ""prob"": 0.9931}, {""clase_id"": 37, ""prob"": 0.0009}, {""clase_id"": 23, ""prob"": 0.00073}, {""clase_id"": 72, ""prob"": 0.00036}, {""clase_id"": 43, ""prob"": 0.00025}]"
101380,29,0.99318,"[{""clase_id"": 29, ""prob"": 0.99318}, {""clase_id"": 23, ""prob"": 0.00058}, {""clase_id"": 37, ""prob"": 0.00048}, {""clase_id"": 43, ""prob"": 0.00044}, {""clase_id"": 31, ""prob"": 0.00028}]"
101381,29,0.98189,"[{""clase_id"": 29, ""prob"": 0.98189}, {""clase_id"": 23, ""prob"": 0.00208}, {""clase_id"": 39, ""prob"": 0.0017}, {""clase_id"": 43, ""prob"": 0.00114}, {""clase_id"": 4, ""prob"": 0.001}]"
101382,29,0.99309,"[{""clase_id"": 29, ""prob"": 0.99309}, {""clase_id"": 37, ""prob"": 0.001}, {""clase_id"": 23, ""prob"": 0.00068}, {""clase_id"": 72, ""prob"": 0.00033}, {""clase_id"": 43, ""prob"": 0.00027}]"
101383,29,0.99306,"[{""clase_id"": 29, ""prob"": 0.99306}, {""clase_id"": 23, ""prob"": 0.00071}, {""clase_id"": 37, ""prob"": 0.00066}, {""clase_id"": 43, ""prob"": 0.00042}, {""clase_id"": 72, ""prob"": 0.00023}]"
101384,29,0.99236,"[{""clase_id"": 29, ""prob"": 0.99236}, {""clase_id"": 23, ""prob"": 0.0007}, {""clase_id"": 37, ""prob"": 0.00049}, {""clase_id"": 43, ""prob"": 0.00037}, {""clase_id"": 31, ""prob"": 0.00029}]"
101385,29,0.99231,"[{""clase_id"": 29, ""prob"": 0.99231}, {""clase_id"": 23, ""prob"": 0.00068}, {""clase_id"": 37, ""prob"": 0.0005}, {""clase_id"": 43, ""prob"": 0.0005}, {""clase_id"": 31, ""prob"": 0.00026}]"
101386,29,0.98602,"[{""clase_id"": 29, ""prob"": 0.98602}, {""clase_id"": 37, ""prob"": 0.00109}, {""clase_id"": 40, ""prob"": 0.00104}, {""clase_id"": 23, ""prob"": 0.00085}, {""clase_id"": 72, ""prob"": 0.0008}]"
101387,29,0.99247,"[{""clase_id"": 29, ""prob"": 0.99247}, {""clase_id"": 37, ""prob"": 0.00168}, {""clase_id"": 23, ""prob"": 0.00051}, {""clase_id"": 43, ""prob"": 0.00045}, {""clase_id"": 72, ""prob"": 0.00027}]"
101388,29,0.99284,"[{""clase_id"": 29, ""prob"": 0.99284}, {""clase_id"": 37, ""prob"": 0.00108}, {""clase_id"": 23, ""prob"": 0.00072}, {""clase_id"": 72, ""prob"": 0.00038}, {""clase_id"": 4, ""prob"": 0.00025}]"
101389,29,0.95121,"[{""clase_id"": 29, ""prob"": 0.95121}, {""clase_id"": 37, ""prob"": 0.03334}, {""clase_id"": 72, ""prob"": 0.00335}, {""clase_id"": 40, ""prob"": 0.00115}, {""clase_id"": 23, ""prob"": 0.001}]"
101390,29,0.99265,"[{""clase_id"": 29, ""prob"": 0.99265}, {""clase_id"": 37, ""prob"": 0.00079}, {""clase_id"": 43, ""prob"": 0.00076}, {""clase_id"": 23, ""prob"": 0.0006}, {""clase_id"": 31, ""prob"": 0.00024}]"
101391,29,0.90948,"[{""clase_id"": 29, ""prob"": 0.90948}, {""clase_id"": 40, ""prob"": 0.04945}, {""clase_id"": 37, ""prob"": 0.00557}, {""clase_id"": 43, ""prob"": 0.00392}, {""clase_id"": 72, ""prob"": 0.00272}]"
101392,29,0.9921,"[{""clase_id"": 29, ""prob"": 0.9921}, {""clase_id"": 43, ""prob"": 0.00072}, {""clase_id"": 23, ""prob"": 0.00059}, {""clase_id"": 37, ""prob"": 0.00058}, {""clase_id"": 31, ""prob"": 0.00029}]"
101393,29,0.9926,"[{""clase_id"": 29, ""prob"": 0.9926}, {""clase_id"": 23, ""prob"": 0.00082}, {""clase_id"": 37, ""prob"": 0.00057}, {""clase_id"": 31, ""prob"": 0.00029}, {""clase_id"": 72, ""prob"": 0.00027}]"
101394,37,0.98669,"[{""clase_id"": 37, ""prob"": 0.98669}, {""clase_id"": 40, ""prob"": 0.00161}, {""clase_id"": 72, ""prob"": 0.00132}, {""clase_id"": 29, ""prob"": 0.00122}, {""clase_id"": 36, ""prob"": 0.00057}]"
101395,29,0.99259,"[{""clase_id"": 29, ""prob"": 0.99259}, {""clase_id"": 23, ""prob"": 0.00084}, {""clase_id"": 37, ""prob"": 0.00047}, {""clase_id"": 43, ""prob"": 0.00035}, {""clase_id"": 72, ""prob"": 0.00031}]"
101396,29,0.99268,"[{""clase_id"": 29, ""prob"": 0.99268}, {""clase_id"": 37, ""prob"": 0.00068}, {""clase_id"": 23, ""prob"": 0.00063}, {""clase_id"": 43, ""prob"": 0.00048}, {""clase_id"": 31, ""prob"": 0.00029}]"
101397,29,0.99223,"[{""clase_id"": 29, ""prob"": 0.99223}, {""clase_id"": 37, ""prob"": 0.00073}, {""clase_id"": 23, ""prob"": 0.00067}, {""clase_id"": 43, ""prob"": 0.00051}, {""clase_id"": 31, ""prob"": 0.00029}]"
101398,29,0.99317,"[{""clase_id"": 29, ""prob"": 0.99317}, {""clase_id"": 23, ""prob"": 0.0008}, {""clase_id"": 37, ""prob"": 0.00056}, {""clase_id"": 43, ""prob"": 0.00034}, {""clase_id"": 72, ""prob"": 0.00027}]"
101399,29,0.99294,"[{""clase_id"": 29, ""prob"": 0.99294}, {""clase_id"": 23, ""prob"": 0.00084}, {""clase_id"": 37, ""prob"": 0.00068}, {""clase_id"": 72, ""prob"": 0.00037}, {""clase_id"": 31, ""prob"": 0.00026}]"
101400,22,0.9872,"[{""clase_id"": 22, ""prob"": 0.9872}, {""clase_id"": 16, ""prob"": 0.00279}, {""clase_id"": 20, ""prob"": 0.00135}, {""clase_id"": 41, ""prob"": 0.0013}, {""clase_id"": 42, ""prob"": 0.00056}]"
101401,22,0.94703,"[{""clase_id"": 22, ""prob"": 0.94703}, {""clase_id"": 20, ""prob"": 0.02037}, {""clase_id"": 16, ""prob"": 0.00858}, {""clase_id"": 70, ""prob"": 0.00166}, {""clase_id"": 41, ""prob"": 0.00137}]"
101402,22,0.98829,"[{""clase_id"": 22, ""prob"": 0.98829}, {""clase_id"": 41, ""prob"": 0.00172}, {""clase_id"": 16, ""prob"": 0.00143}, {""clase_id"": 42, ""prob"": 0.00102}, {""clase_id"": 20, ""prob"": 0.00096}]"
101403,22,0.97867,"[{""clase_id"": 22, ""prob"": 0.97867}, {""clase_id"": 41, ""prob"": 0.0083}, {""clase_id"": 42, ""prob"": 0.00291}, {""clase_id"": 14, ""prob"": 0.00088}, {""clase_id"": 10, ""prob"": 0.0007}]"
101404,41,0.66248,"[{""clase_id"": 41, ""prob"": 0.66248}, {""clase_id"": 22, ""prob"": 0.28692}, {""clase_id"": 42, ""prob"": 0.00889}, {""clase_id"": 10, ""prob"": 0.00376}, {""clase_id"": 14, ""prob"": 0.00367}]"
101405,22,0.73053,"[{""clase_id"": 22, ""prob"": 0.73053}, {""clase_id"": 42, ""prob"": 0.14363}, {""clase_id"": 44, ""prob"": 0.02082}, {""clase_id"": 41, ""prob"": 0.01122}, {""clase_id"": 20, ""prob"": 0.00601}]"
101406,22,0.98157,"[{""clase_id"": 22, ""prob"": 0.98157}, {""clase_id"": 16, ""prob"": 0.00552}, {""clase_id"": 20, ""prob"": 0.00286}, {""clase_id"": 41, ""prob"": 0.00109}, {""clase_id"": 42, ""prob"": 0.00058}]"
101407,22,0.90324,"[{""clase_id"": 22, ""prob"": 0.90324}, {""clase_id"": 16, ""prob"": 0.0694}, {""clase_id"": 20, ""prob"": 0.00249}, {""clase_id"": 41, ""prob"": 0.00199}, {""clase_id"": 10, ""prob"": 0.00173}]"
101408,22,0.95084,"[{""clase_id"": 22, ""prob"": 0.95084}, {""clase_id"": 16, ""prob"": 0.01312}, {""clase_id"": 20, ""prob"": 0.00881}, {""clase_id"": 42, ""prob"": 0.00222}, {""clase_id"": 41, ""prob"": 0.0021}]"
101409,22,0.98652,"[{""clase_id"": 22, ""prob"": 0.98652}, {""clase_id"": 16, ""prob"": 0.00315}, {""clase_id"": 20, ""prob"": 0.00126}, {""clase_id"": 41, ""prob"": 0.00111}, {""clase_id"": 42, ""prob"": 0.00059}]"
101410,22,0.9845,"[{""clase_id"": 22, ""prob"": 0.9845}, {""clase_id"": 41, ""prob"": 0.00259}, {""clase_id"": 42, ""prob"": 0.00186}, {""clase_id"": 16, ""prob"": 0.0009}, {""clase_id"": 20, ""prob"": 0.00071}]"
101411,22,0.77391,"[{""clase_id"": 22, ""prob"": 0.77391}, {""clase_id"": 14, ""prob"": 0.04988}, {""clase_id"": 41, ""prob"": 0.029}, {""clase_id"": 49, ""prob"": 0.02224}, {""clase_id"": 0, ""prob"": 0.013}]"
101412,22,0.97257,"[{""clase_id"": 22, ""prob"": 0.97257}, {""clase_id"": 41, ""prob"": 0.00385}, {""clase_id"": 42, ""prob"": 0.00282}, {""clase_id"": 68, ""prob"": 0.00126}, {""clase_id"": 20, ""prob"": 0.00124}]"
101413,22,0.93067,"[{""clase_id"": 22, ""prob"": 0.93067}, {""clase_id"": 41, ""prob"": 0.01806}, {""clase_id"": 20, ""prob"": 0.00763}, {""clase_id"": 42, ""prob"": 0.00496}, {""clase_id"": 68, ""prob"": 0.0027}]"
101414,22,0.98241,"[{""clase_id"": 22, ""prob"": 0.98241}, {""clase_id"": 16, ""prob"": 0.00576}, {""clase_id"": 20, ""prob"": 0.00184}, {""clase_id"": 41, ""prob"": 0.00109}, {""clase_id"": 42, ""prob"": 0.00065}]"
101415,22,0.98117,"[{""clase_id"": 22, ""prob"": 0.98117}, {""clase_id"": 16, ""prob"": 0.0063}, {""clase_id"": 41, ""prob"": 0.00096}, {""clase_id"": 10, ""prob"": 0.00088}, {""clase_id"": 13, ""prob"": 0.00056}]"
101416,28,0.76388,"[{""clase_id"": 28, ""prob"": 0.76388}, {""clase_id"": 16, ""prob"": 0.05182}, {""clase_id"": 7, ""prob"": 0.02613}, {""clase_id"": 50, ""prob"": 0.01817}, {""clase_id"": 74, ""prob"": 0.01472}]"
101417,22,0.96756,"[{""clase_id"": 22, ""prob"": 0.96756}, {""clase_id"": 16, ""prob"": 0.01581}, {""clase_id"": 20, ""prob"": 0.00341}, {""clase_id"": 41, ""prob"": 0.00129}, {""clase_id"": 10, ""prob"": 0.0007}]"
101418,22,0.9647,"[{""clase_id"": 22, ""prob"": 0.9647}, {""clase_id"": 41, ""prob"": 0.01731}, {""clase_id"": 20, ""prob"": 0.00245}, {""clase_id"": 42, ""prob"": 0.00185}, {""clase_id"": 16, ""prob"": 0.00161}]"
101419,16,0.62019,"[{""clase_id"": 16, ""prob"": 0.62019}, {""clase_id"": 22, ""prob"": 0.3258}, {""clase_id"": 70, ""prob"": 0.00369}, {""clase_id"": 28, ""prob"": 0.00353}, {""clase_id"": 10, ""prob"": 0.00301}]"
101420,22,0.97681,"[{""clase_id"": 22, ""prob"": 0.97681}, {""clase_id"": 20, ""prob"": 0.00687}, {""clase_id"": 16, ""prob"": 0.00307}, {""clase_id"": 41, ""prob"": 0.00238}, {""clase_id"": 42, ""prob"": 0.00088}]"
101421,22,0.94673,"[{""clase_id"": 22, ""prob"": 0.94673}, {""clase_id"": 41, ""prob"": 0.02759}, {""clase_id"": 42, ""prob"": 0.00631}, {""clase_id"": 14, ""prob"": 0.00331}, {""clase_id"": 10, ""prob"": 0.00154}]"
101422,22,0.97727,"[{""clase_id"": 22, ""prob"": 0.97727}, {""clase_id"": 41, ""prob"": 0.0096}, {""clase_id"": 42, ""prob"": 0.00175}, {""clase_id"": 20, ""prob"": 0.00093}, {""clase_id"": 44, ""prob"": 0.00056}]"
101423,22,0.98957,"[{""clase_id"": 22, ""prob"": 0.98957}, {""clase_id"": 41, ""prob"": 0.00137}, {""clase_id"": 16, ""prob"": 0.00082}, {""clase_id"": 42, ""prob"": 0.00065}, {""clase_id"": 20, ""prob"": 0.00056}]"
101424,22,0.98267,"[{""clase_id"": 22, ""prob"": 0.98267}, {""clase_id"": 16, ""prob"": 0.00488}, {""clase_id"": 41, ""prob"": 0.00157}, {""clase_id"": 42, ""prob"": 0.00142}, {""clase_id"": 10, ""prob"": 0.00085}]"
101425,22,0.52475,"[{""clase_id"": 22, ""prob"": 0.52475}, {""clase_id"": 16, ""prob"": 0.24007}, {""clase_id"": 55, ""prob"": 0.04417}, {""clase_id"": 20, ""prob"": 0.01687}, {""clase_id"": 74, ""prob"": 0.01544}]"
101426,22,0.98918,"[{""clase_id"": 22, ""prob"": 0.98918}, {""clase_id"": 41, ""prob"": 0.00146}, {""clase_id"": 20, ""prob"": 0.00093}, {""clase_id"": 16, ""prob"": 0.00088}, {""clase_id"": 42, ""prob"": 0.00055}]"
101427,22,0.98708,"[{""clase_id"": 22, ""prob"": 0.98708}, {""clase_id"": 41, ""prob"": 0.00228}, {""clase_id"": 16, ""prob"": 0.00179}, {""clase_id"": 42, ""prob"": 0.00105}, {""clase_id"": 10, ""prob"": 0.00071}]"
101428,22,0.98657,"[{""clase_id"": 22, ""prob"": 0.98657}, {""clase_id"": 16, ""prob"": 0.00293}, {""clase_id"": 41, ""prob"": 0.00128}, {""clase_id"": 42, ""prob"": 0.00059}, {""clase_id"": 10, ""prob"": 0.00057}]"
101429,22,0.97658,"[{""clase_id"": 22, ""prob"": 0.97658}, {""clase_id"": 20, ""prob"": 0.00539}, {""clase_id"": 16, ""prob"": 0.00252}, {""clase_id"": 41, ""prob"": 0.00201}, {""clase_id"": 42, ""prob"": 0.00072}]"
101430,22,0.98487,"[{""clase_id"": 22, ""prob"": 0.98487}, {""clase_id"": 16, ""prob"": 0.00256}, {""clase_id"": 41, ""prob"": 0.00202}, {""clase_id"": 20, ""prob"": 0.00158}, {""clase_id"": 42, ""prob"": 0.00058}]"
101431,9,0.65411,"[{""clase_id"": 9, ""prob"": 0.65411}, {""clase_id"": 39, ""prob"": 0.12446}, {""clase_id"": 13, ""prob"": 0.04846}, {""clase_id"": 41, ""prob"": 0.04056}, {""clase_id"": 11, ""prob"": 0.01611}]"
101432,22,0.98755,"[{""clase_id"": 22, ""prob"": 0.98755}, {""clase_id"": 16, ""prob"": 0.00196}, {""clase_id"": 41, ""prob"": 0.0013}, {""clase_id"": 42, ""prob"": 0.00068}, {""clase_id"": 20, ""prob"": 0.00052}]"
101433,22,0.91575,"[{""clase_id"": 22, ""prob"": 0.91575}, {""clase_id"": 42, ""prob"": 0.01876}, {""clase_id"": 49, ""prob"": 0.0103}, {""clase_id"": 44, ""prob"": 0.00944}, {""clase_id"": 41, ""prob"": 0.00717}]"
101434,22,0.57481,"[{""clase_id"": 22, ""prob"": 0.57481}, {""clase_id"": 41, ""prob"": 0.09073}, {""clase_id"": 1, ""prob"": 0.08084}, {""clase_id"": 42, ""prob"": 0.03665}, {""clase_id"": 39, ""prob"": 0.02632}]"
101435,22,0.98194,"[{""clase_id"": 22, ""prob"": 0.98194}, {""clase_id"": 41, ""prob"": 0.00578}, {""clase_id"": 42, ""prob"": 0.00129}, {""clase_id"": 20, ""prob"": 0.00054}, {""clase_id"": 70, ""prob"": 0.00052}]"
101436,22,0.65242,"[{""clase_id"": 22, ""prob"": 0.65242}, {""clase_id"": 49, ""prob"": 0.09074}, {""clase_id"": 44, ""prob"": 0.03152}, {""clase_id"": 20, ""prob"": 0.03025}, {""clase_id"": 8, ""prob"": 0.02719}]"
101437,22,0.98895,"[{""clase_id"": 22, ""prob"": 0.98895}, {""clase_id"": 41, ""prob"": 0.00165}, {""clase_id"": 42, ""prob"": 0.00085}, {""clase_id"": 16, ""prob"": 0.00064}, {""clase_id"": 10, ""prob"": 0.00063}]"
101438,16,0.23389,"[{""clase_id"": 16, ""prob"": 0.23389}, {""clase_id"": 22, ""prob"": 0.23191}, {""clase_id"": 28, ""prob"": 0.18208}, {""clase_id"": 10, ""prob"": 0.05989}, {""clase_id"": 70, ""prob"": 0.02062}]"
101439,22,0.98568,"[{""clase_id"": 22, ""prob"": 0.98568}, {""clase_id"": 41, ""prob"": 0.00418}, {""clase_id"": 20, ""prob"": 0.00131}, {""clase_id"": 16, ""prob"": 0.00112}, {""clase_id"": 42, ""prob"": 0.00089}]"
101440,3,0.99041,"[{""clase_id"": 3, ""prob"": 0.99041}, {""clase_id"": 18, ""prob"": 0.00065}, {""clase_id"": 49, ""prob"": 0.00056}, {""clase_id"": 19, ""prob"": 0.00048}, {""clase_id"": 38, ""prob"": 0.0004}]"
101441,3,0.99104,"[{""clase_id"": 3, ""prob"": 0.99104}, {""clase_id"": 18, ""prob"": 0.00054}, {""clase_id"": 38, ""prob"": 0.00047}, {""clase_id"": 49, ""prob"": 0.00045}, {""clase_id"": 19, ""prob"": 0.00044}]"
101442,3,0.98942,"[{""clase_id"": 3, ""prob"": 0.98942}, {""clase_id"": 18, ""prob"": 0.00124}, {""clase_id"": 38, ""prob"": 0.00074}, {""clase_id"": 43, ""prob"": 0.00051}, {""clase_id"": 19, ""prob"": 0.0004}]"
101443,3,0.98669,"[{""clase_id"": 3, ""prob"": 0.98669}, {""clase_id"": 18, ""prob"": 0.00125}, {""clase_id"": 38, ""prob"": 0.00094}, {""clase_id"": 29, ""prob"": 0.00063}, {""clase_id"": 43, ""prob"": 0.0006}]"
101444,3,0.99082,"[{""clase_id"": 3, ""prob"": 0.99082}, {""clase_id"": 18, ""prob"": 0.00056}, {""clase_id"": 26, ""prob"": 0.0005}, {""clase_id"": 19, ""prob"": 0.00043}, {""clase_id"": 49, ""prob"": 0.00042}]"
101445,3,0.991,"[{""clase_id"": 3, ""prob"": 0.991}, {""clase_id"": 18, ""prob"": 0.00056}, {""clase_id"": 38, ""prob"": 0.00039}, {""clase_id"": 56, ""prob"": 0.00039}, {""clase_id"": 19, ""prob"": 0.00037}]"
101446,3,0.99036,"[{""clase_id"": 3, ""prob"": 0.99036}, {""clase_id"": 18, ""prob"": 0.0009}, {""clase_id"": 19, ""prob"": 0.0004}, {""clase_id"": 43, ""prob"": 0.0004}, {""clase_id"": 56, ""prob"": 0.00039}]"
101447,3,0.98982,"[{""clase_id"": 3, ""prob"": 0.98982}, {""clase_id"": 18, ""prob"": 0.00109}, {""clase_id"": 38, ""prob"": 0.00059}, {""clase_id"": 19, ""prob"": 0.00041}, {""clase_id"": 56, ""prob"": 0.00038}]"
101448,3,0.99056,"[{""clase_id"": 3, ""prob"": 0.99056}, {""clase_id"": 18, ""prob"": 0.00072}, {""clase_id"": 38, ""prob"": 0.0005}, {""clase_id"": 26, ""prob"": 0.00043}, {""clase_id"": 49, ""prob"": 0.00041}]"
101449,3,0.98504,"[{""clase_id"": 3, ""prob"": 0.98504}, {""clase_id"": 38, ""prob"": 0.00122}, {""clase_id"": 18, ""prob"": 0.00085}, {""clase_id"": 58, ""prob"": 0.00078}, {""clase_id"": 19, ""prob"": 0.00072}]"
101450,3,0.98189,"[{""clase_id"": 3, ""prob"": 0.98189}, {""clase_id"": 18, ""prob"": 0.00385}, {""clase_id"": 38, ""prob"": 0.00159}, {""clase_id"": 26, ""prob"": 0.00079}, {""clase_id"": 46, ""prob"": 0.00071}]"
101451,3,0.99033,"[{""clase_id"": 3, ""prob"": 0.99033}, {""clase_id"": 18, ""prob"": 0.00068}, {""clase_id"": 19, ""prob"": 0.00061}, {""clase_id"": 26, ""prob"": 0.00046}, {""clase_id"": 56, ""prob"": 0.00045}]"
101452,3,0.98556,"[{""clase_id"": 3, ""prob"": 0.98556}, {""clase_id"": 18, ""prob"": 0.00164}, {""clase_id"": 38, ""prob"": 0.00156}, {""clase_id"": 43, ""prob"": 0.00048}, {""clase_id"": 19, ""prob"": 0.00046}]"
101453,3,0.98859,"[{""clase_id"": 3, ""prob"": 0.98859}, {""clase_id"": 38, ""prob"": 0.00071}, {""clase_id"": 18, ""prob"": 0.00064}, {""clase_id"": 19, ""prob"": 0.00062}, {""clase_id"": 49, ""prob"": 0.00046}]"
101454,3,0.9865,"[{""clase_id"": 3, ""prob"": 0.9865}, {""clase_id"": 19, ""prob"": 0.00119}, {""clase_id"": 26, ""prob"": 0.00108}, {""clase_id"": 18, ""prob"": 0.00077}, {""clase_id"": 56, ""prob"": 0.00058}]"
101455,3,0.97912,"[{""clase_id"": 3, ""prob"": 0.97912}, {""clase_id"": 18, ""prob"": 0.00438}, {""clase_id"": 38, ""prob"": 0.00257}, {""clase_id"": 26, ""prob"": 0.00129}, {""clase_id"": 19, ""prob"": 0.00061}]"
101456,3,0.98812,"[{""clase_id"": 3, ""prob"": 0.98812}, {""clase_id"": 18, ""prob"": 0.00071}, {""clase_id"": 26, ""prob"": 0.00071}, {""clase_id"": 19, ""prob"": 0.00069}, {""clase_id"": 56, ""prob"": 0.00065}]"
101457,3,0.98968,"[{""clase_id"": 3, ""prob"": 0.98968}, {""clase_id"": 18, ""prob"": 0.00092}, {""clase_id"": 43, ""prob"": 0.00051}, {""clase_id"": 19, ""prob"": 0.00048}, {""clase_id"": 56, ""prob"": 0.00044}]"
101458,3,0.98859,"[{""clase_id"": 3, ""prob"": 0.98859}, {""clase_id"": 56, ""prob"": 0.00073}, {""clase_id"": 19, ""prob"": 0.00069}, {""clase_id"": 49, ""prob"": 0.00058}, {""clase_id"": 26, ""prob"": 0.00055}]"
101459,3,0.99076,"[{""clase_id"": 3, ""prob"": 0.99076}, {""clase_id"": 18, ""prob"": 0.00064}, {""clase_id"": 49, ""prob"": 0.00053}, {""clase_id"": 26, ""prob"": 0.0005}, {""clase_id"": 19, ""prob"": 0.00039}]"
101460,3,0.95964,"[{""clase_id"": 3, ""prob"": 0.95964}, {""clase_id"": 43, ""prob"": 0.00429}, {""clase_id"": 58, ""prob"": 0.00335}, {""clase_id"": 18, ""prob"": 0.00316}, {""clase_id"": 10, ""prob"": 0.00273}]"
101461,3,0.99103,"[{""clase_id"": 3, ""prob"": 0.99103}, {""clase_id"": 18, ""prob"": 0.00049}, {""clase_id"": 38, ""prob"": 0.00046}, {""clase_id"": 49, ""prob"": 0.00044}, {""clase_id"": 19, ""prob"": 0.00041}]"
101462,3,0.97559,"[{""clase_id"": 3, ""prob"": 0.97559}, {""clase_id"": 18, ""prob"": 0.00673}, {""clase_id"": 38, ""prob"": 0.00146}, {""clase_id"": 41, ""prob"": 0.00095}, {""clase_id"": 46, ""prob"": 0.00085}]"
101463,3,0.98999,"[{""clase_id"": 3, ""prob"": 0.98999}, {""clase_id"": 18, ""prob"": 0.00108}, {""clase_id"": 26, ""prob"": 0.00046}, {""clase_id"": 38, ""prob"": 0.00042}, {""clase_id"": 19, ""prob"": 0.0004}]"
101464,3,0.981,"[{""clase_id"": 3, ""prob"": 0.981}, {""clase_id"": 18, ""prob"": 0.00181}, {""clase_id"": 56, ""prob"": 0.00103}, {""clase_id"": 42, ""prob"": 0.00092}, {""clase_id"": 26, ""prob"": 0.00072}]"
101465,3,0.99057,"[{""clase_id"": 3, ""prob"": 0.99057}, {""clase_id"": 18, ""prob"": 0.00051}, {""clase_id"": 19, ""prob"": 0.00049}, {""clase_id"": 49, ""prob"": 0.00048}, {""clase_id"": 38, ""prob"": 0.00048}]"
101466,3,0.98929,"[{""clase_id"": 3, ""prob"": 0.98929}, {""clase_id"": 18, ""prob"": 0.00136}, {""clase_id"": 43, ""prob"": 0.00057}, {""clase_id"": 19, ""prob"": 0.00045}, {""clase_id"": 56, ""prob"": 0.00041}]"
101467,3,0.99116,"[{""clase_id"": 3, ""prob"": 0.99116}, {""clase_id"": 18, ""prob"": 0.00069}, {""clase_id"": 38, ""prob"": 0.00047}, {""clase_id"": 19, ""prob"": 0.00043}, {""clase_id"": 26, ""prob"": 0.00042}]"
101468,3,0.99,"[{""clase_id"": 3, ""prob"": 0.99}, {""clase_id"": 26, ""prob"": 0.0009}, {""clase_id"": 18, ""prob"": 0.00072}, {""clase_id"": 19, ""prob"": 0.00054}, {""clase_id"": 49, ""prob"": 0.00041}]"
101469,3,0.98679,"[{""clase_id"": 3, ""prob"": 0.98679}, {""clase_id"": 18, ""prob"": 0.00072}, {""clase_id"": 56, ""prob"": 0.00072}, {""clase_id"": 19, ""prob"": 0.00059}, {""clase_id"": 26, ""prob"": 0.00052}]"
101470,3,0.98812,"[{""clase_id"": 3, ""prob"": 0.98812}, {""clase_id"": 56, ""prob"": 0.00074}, {""clase_id"": 18, ""prob"": 0.00069}, {""clase_id"": 19, ""prob"": 0.00065}, {""clase_id"": 26, ""prob"": 0.00047}]"
101471,3,0.99096,"[{""clase_id"": 3, ""prob"": 0.99096}, {""clase_id"": 18, ""prob"": 0.0006}, {""clase_id"": 19, ""prob"": 0.00045}, {""clase_id"": 49, ""prob"": 0.0004}, {""clase_id"": 38, ""prob"": 0.00039}]"
101472,3,0.99106,"[{""clase_id"": 3, ""prob"": 0.99106}, {""clase_id"": 18, ""prob"": 0.00061}, {""clase_id"": 19, ""prob"": 0.00057}, {""clase_id"": 26, ""prob"": 0.00045}, {""clase_id"": 38, ""prob"": 0.00041}]"
101473,3,0.98996,"[{""clase_id"": 3, ""prob"": 0.98996}, {""clase_id"": 18, ""prob"": 0.00119}, {""clase_id"": 38, ""prob"": 0.00044}, {""clase_id"": 56, ""prob"": 0.00041}, {""clase_id"": 19, ""prob"": 0.00041}]"
101474,3,0.99085,"[{""clase_id"": 3, ""prob"": 0.99085}, {""clase_id"": 18, ""prob"": 0.0006}, {""clase_id"": 19, ""prob"": 0.00051}, {""clase_id"": 26, ""prob"": 0.00043}, {""clase_id"": 49, ""prob"": 0.00038}]"
101475,3,0.99056,"[{""clase_id"": 3, ""prob"": 0.99056}, {""clase_id"": 18, ""prob"": 0.0006}, {""clase_id"": 26, ""prob"": 0.00052}, {""clase_id"": 19, ""prob"": 0.00051}, {""clase_id"": 56, ""prob"": 0.00042}]"
101476,3,0.98765,"[{""clase_id"": 3, ""prob"": 0.98765}, {""clase_id"": 18, ""prob"": 0.00132}, {""clase_id"": 38, ""prob"": 0.0012}, {""clase_id"": 43, ""prob"": 0.00049}, {""clase_id"": 49, ""prob"": 0.00045}]"
101477,3,0.98917,"[{""clase_id"": 3, ""prob"": 0.98917}, {""clase_id"": 18, ""prob"": 0.00118}, {""clase_id"": 19, ""prob"": 0.00064}, {""clase_id"": 26, ""prob"": 0.0005}, {""clase_id"": 56, ""prob"": 0.00043}]"
101478,3,0.77711,"[{""clase_id"": 3, ""prob"": 0.77711}, {""clase_id"": 26, ""prob"": 0.17664}, {""clase_id"": 19, ""prob"": 0.00543}, {""clase_id"": 18, ""prob"": 0.00376}, {""clase_id"": 49, ""prob"": 0.00319}]"
101479,3,0.95273,"[{""clase_id"": 3, ""prob"": 0.95273}, {""clase_id"": 26, ""prob"": 0.00764}, {""clase_id"": 19, ""prob"": 0.00459}, {""clase_id"": 33, ""prob"": 0.00267}, {""clase_id"": 43, ""prob"": 0.00192}]"
101480,28,0.99365,"[{""clase_id"": 28, ""prob"": 0.99365}, {""clase_id"": 16, ""prob"": 0.00056}, {""clase_id"": 8, ""prob"": 0.0005}, {""clase_id"": 19, ""prob"": 0.00048}, {""clase_id"": 20, ""prob"": 0.00024}]"
101481,28,0.99515,"[{""clase_id"": 28, ""prob"": 0.99515}, {""clase_id"": 16, ""prob"": 0.00046}, {""clase_id"": 19, ""prob"": 0.00024}, {""clase_id"": 8, ""prob"": 0.00023}, {""clase_id"": 75, ""prob"": 0.00019}]"
101482,28,0.99525,"[{""clase_id"": 28, ""prob"": 0.99525}, {""clase_id"": 16, ""prob"": 0.00056}, {""clase_id"": 53, ""prob"": 0.00018}, {""clase_id"": 8, ""prob"": 0.00018}, {""clase_id"": 75, ""prob"": 0.00017}]"
101483,28,0.99357,"[{""clase_id"": 28, ""prob"": 0.99357}, {""clase_id"": 53, ""prob"": 0.0007}, {""clase_id"": 16, ""prob"": 0.00066}, {""clase_id"": 8, ""prob"": 0.00045}, {""clase_id"": 19, ""prob"": 0.00036}]"
101484,28,0.38661,"[{""clase_id"": 28, ""prob"": 0.38661}, {""clase_id"": 34, ""prob"": 0.33739}, {""clase_id"": 16, ""prob"": 0.19986}, {""clase_id"": 15, ""prob"": 0.01203}, {""clase_id"": 63, ""prob"": 0.0085}]"
101485,28,0.29549,"[{""clase_id"": 28, ""prob"": 0.29549}, {""clase_id"": 7, ""prob"": 0.15281}, {""clase_id"": 27, ""prob"": 0.07621}, {""clase_id"": 51, ""prob"": 0.06517}, {""clase_id"": 35, ""prob"": 0.05333}]"
101486,20,0.97095,"[{""clase_id"": 20, ""prob"": 0.97095}, {""clase_id"": 35, ""prob"": 0.00275}, {""clase_id"": 19, ""prob"": 0.00234}, {""clase_id"": 28, ""prob"": 0.00154}, {""clase_id"": 76, ""prob"": 0.00153}]"
101487,28,0.99485,"[{""clase_id"": 28, ""prob"": 0.99485}, {""clase_id"": 16, ""prob"": 0.0009}, {""clase_id"": 8, ""prob"": 0.00027}, {""clase_id"": 19, ""prob"": 0.00025}, {""clase_id"": 34, ""prob"": 0.00018}]"
101488,28,0.99377,"[{""clase_id"": 28, ""prob"": 0.99377}, {""clase_id"": 16, ""prob"": 0.00166}, {""clase_id"": 34, ""prob"": 0.00026}, {""clase_id"": 19, ""prob"": 0.00026}, {""clase_id"": 20, ""prob"": 0.00026}]"
101489,28,0.99428,"[{""clase_id"": 28, ""prob"": 0.99428}, {""clase_id"": 16, ""prob"": 0.00076}, {""clase_id"": 19, ""prob"": 0.00033}, {""clase_id"": 53, ""prob"": 0.00029}, {""clase_id"": 8, ""prob"": 0.00021}]"
101490,28,0.99517,"[{""clase_id"": 28, ""prob"": 0.99517}, {""clase_id"": 16, ""prob"": 0.0005}, {""clase_id"": 19, ""prob"": 0.00023}, {""clase_id"": 8, ""prob"": 0.0002}, {""clase_id"": 53, ""prob"": 0.00018}]"
101491,28,0.99231,"[{""clase_id"": 28, ""prob"": 0.99231}, {""clase_id"": 19, ""prob"": 0.00076}, {""clase_id"": 53, ""prob"": 0.00056}, {""clase_id"": 16, ""prob"": 0.00039}, {""clase_id"": 64, ""prob"": 0.00037}]"
101492,28,0.94276,"[{""clase_id"": 28, ""prob"": 0.94276}, {""clase_id"": 64, ""prob"": 0.02595}, {""clase_id"": 8, ""prob"": 0.0061}, {""clase_id"": 52, ""prob"": 0.00326}, {""clase_id"": 7, ""prob"": 0.00152}]"
101493,28,0.9204,"[{""clase_id"": 28, ""prob"": 0.9204}, {""clase_id"": 66, ""prob"": 0.02862}, {""clase_id"": 8, ""prob"": 0.00754}, {""clase_id"": 48, ""prob"": 0.00411}, {""clase_id"": 63, ""prob"": 0.00251}]"
101494,28,0.99441,"[{""clase_id"": 28, ""prob"": 0.99441}, {""clase_id"": 19, ""prob"": 0.00032}, {""clase_id"": 16, ""prob"": 0.0003}, {""clase_id"": 53, ""prob"": 0.00024}, {""clase_id"": 75, ""prob"": 0.00022}]"
101495,28,0.99339,"[{""clase_id"": 28, ""prob"": 0.99339}, {""clase_id"": 16, ""prob"": 0.0005}, {""clase_id"": 19, ""prob"": 0.00044}, {""clase_id"": 8, ""prob"": 0.00043}, {""clase_id"": 75, ""prob"": 0.00021}]"
101496,28,0.99117,"[{""clase_id"": 28, ""prob"": 0.99117}, {""clase_id"": 16, ""prob"": 0.0008}, {""clase_id"": 70, ""prob"": 0.00043}, {""clase_id"": 7, ""prob"": 0.00041}, {""clase_id"": 20, ""prob"": 0.00039}]"
101497,28,0.99543,"[{""clase_id"": 28, ""prob"": 0.99543}, {""clase_id"": 16, ""prob"": 0.00052}, {""clase_id"": 53, ""prob"": 0.0003}, {""clase_id"": 8, ""prob"": 0.00023}, {""clase_id"": 19, ""prob"": 0.00018}]"
101498,28,0.86521,"[{""clase_id"": 28, ""prob"": 0.86521}, {""clase_id"": 16, ""prob"": 0.10441}, {""clase_id"": 20, ""prob"": 0.00336}, {""clase_id"": 63, ""prob"": 0.00215}, {""clase_id"": 8, ""prob"": 0.00203}]"
101499,28,0.97844,"[{""clase_id"": 28, ""prob"": 0.97844}, {""clase_id"": 16, ""prob"": 0.00554}, {""clase_id"": 53, ""prob"": 0.00507}, {""clase_id"": 52, ""prob"": 0.00101}, {""clase_id"": 19, ""prob"": 0.00073}]"
101500,28,0.99505,"[{""clase_id"": 28, ""prob"": 0.99505}, {""clase_id"": 16, ""prob"": 0.00041}, {""clase_id"": 19, ""prob"": 0.00032}, {""clase_id"": 8, ""prob"": 0.00028}, {""clase_id"": 53, ""prob"": 0.00021}]"
101501,28,0.69623,"[{""clase_id"": 28, ""prob"": 0.69623}, {""clase_id"": 8, ""prob"": 0.23164}, {""clase_id"": 53, ""prob"": 0.01511}, {""clase_id"": 52, ""prob"": 0.01442}, {""clase_id"": 16, ""prob"": 0.01286}]"
101502,28,0.99343,"[{""clase_id"": 28, ""prob"": 0.99343}, {""clase_id"": 8, ""prob"": 0.00046}, {""clase_id"": 16, ""prob"": 0.0004}, {""clase_id"": 19, ""prob"": 0.00038}, {""clase_id"": 53, ""prob"": 0.00034}]"
101503,28,0.99557,"[{""clase_id"": 28, ""prob"": 0.99557}, {""clase_id"": 16, ""prob"": 0.00052}, {""clase_id"": 53, ""prob"": 0.00022}, {""clase_id"": 8, ""prob"": 0.0002}, {""clase_id"": 19, ""prob"": 0.00018}]"
101504,28,0.9839,"[{""clase_id"": 28, ""prob"": 0.9839}, {""clase_id"": 16, ""prob"": 0.00663}, {""clase_id"": 52, ""prob"": 0.00064}, {""clase_id"": 8, ""prob"": 0.00063}, {""clase_id"": 50, ""prob"": 0.00062}]"
101505,28,0.99495,"[{""clase_id"": 28, ""prob"": 0.99495}, {""clase_id"": 8, ""prob"": 0.00048}, {""clase_id"": 16, ""prob"": 0.00044}, {""clase_id"": 19, ""prob"": 0.00024}, {""clase_id"": 20, ""prob"": 0.00018}]"
101506,28,0.9945,"[{""clase_id"": 28, ""prob"": 0.9945}, {""clase_id"": 16, ""prob"": 0.00054}, {""clase_id"": 19, ""prob"": 0.00037}, {""clase_id"": 53, ""prob"": 0.00029}, {""clase_id"": 8, ""prob"": 0.00024}]"
101507,28,0.99518,"[{""clase_id"": 28, ""prob"": 0.99518}, {""clase_id"": 16, ""prob"": 0.00037}, {""clase_id"": 8, ""prob"": 0.00029}, {""clase_id"": 19, ""prob"": 0.00024}, {""clase_id"": 75, ""prob"": 0.00017}]"
101508,28,0.99519,"[{""clase_id"": 28, ""prob"": 0.99519}, {""clase_id"": 16, ""prob"": 0.00036}, {""clase_id"": 8, ""prob"": 0.00034}, {""clase_id"": 53, ""prob"": 0.00022}, {""clase_id"": 19, ""prob"": 0.0002}]"
101509,28,0.99506,"[{""clase_id"": 28, ""prob"": 0.99506}, {""clase_id"": 16, ""prob"": 0.00087}, {""clase_id"": 34, ""prob"": 0.00019}, {""clase_id"": 75, ""prob"": 0.00018}, {""clase_id"": 71, ""prob"": 0.00017}]"
101510,28,0.991,"[{""clase_id"": 28, ""prob"": 0.991}, {""clase_id"": 8, ""prob"": 0.00131}, {""clase_id"": 16, ""prob"": 0.00052}, {""clase_id"": 19, ""prob"": 0.0005}, {""clase_id"": 34, ""prob"": 0.0003}]"
101511,28,0.99374,"[{""clase_id"": 28, ""prob"": 0.99374}, {""clase_id"": 16, ""prob"": 0.00127}, {""clase_id"": 53, ""prob"": 0.00046}, {""clase_id"": 8, ""prob"": 0.00032}, {""clase_id"": 19, ""prob"": 0.00024}]"
101512,28,0.96697,"[{""clase_id"": 28, ""prob"": 0.96697}, {""clase_id"": 16, ""prob"": 0.00791}, {""clase_id"": 8, ""prob"": 0.0024}, {""clase_id"": 50, ""prob"": 0.00206}, {""clase_id"": 52, ""prob"": 0.00158}]"
101513,28,0.99536,"[{""clase_id"": 28, ""prob"": 0.99536}, {""clase_id"": 16, ""prob"": 0.00046}, {""clase_id"": 8, ""prob"": 0.00024}, {""clase_id"": 19, ""prob"": 0.0002}, {""clase_id"": 53, ""prob"": 0.00019}]"
101514,28,0.9953,"[{""clase_id"": 28, ""prob"": 0.9953}, {""clase_id"": 16, ""prob"": 0.00047}, {""clase_id"": 8, ""prob"": 0.00024}, {""clase_id"": 19, ""prob"": 0.00021}, {""clase_id"": 75, ""prob"": 0.00016}]"
101515,28,0.99421,"[{""clase_id"": 28, ""prob"": 0.99421}, {""clase_id"": 8, ""prob"": 0.0005}, {""clase_id"": 16, ""prob"": 0.00028}, {""clase_id"": 19, ""prob"": 0.00024}, {""clase_id"": 53, ""prob"": 0.00022}]"
101516,20,0.98816,"[{""clase_id"": 20, ""prob"": 0.98816}, {""clase_id"": 22, ""prob"": 0.00155}, {""clase_id"": 35, ""prob"": 0.00089}, {""clase_id"": 19, ""prob"": 0.00085}, {""clase_id"": 28, ""prob"": 0.00081}]"
101517,15,0.72262,"[{""clase_id"": 15, ""prob"": 0.72262}, {""clase_id"": 34, ""prob"": 0.14272}, {""clase_id"": 64, ""prob"": 0.02851}, {""clase_id"": 63, ""prob"": 0.01708}, {""clase_id"": 16, ""prob"": 0.01376}]"
101518,28,0.99466,"[{""clase_id"": 28, ""prob"": 0.99466}, {""clase_id"": 8, ""prob"": 0.00042}, {""clase_id"": 16, ""prob"": 0.00041}, {""clase_id"": 19, ""prob"": 0.00027}, {""clase_id"": 75, ""prob"": 0.00019}]"
101519,28,0.64291,"[{""clase_id"": 28, ""prob"": 0.64291}, {""clase_id"": 53, ""prob"": 0.25598}, {""clase_id"": 52, ""prob"": 0.01465}, {""clase_id"": 25, ""prob"": 0.00668}, {""clase_id"": 55, ""prob"": 0.0065}]"
101520,44,0.993,"[{""clase_id"": 44, ""prob"": 0.99299}, {""clase_id"": 38, ""prob"": 0.00043}, {""clase_id"": 49, ""prob"": 0.00037}, {""clase_id"": 59, ""prob"": 0.00031}, {""clase_id"": 71, ""prob"": 0.00027}]"
101521,44,0.99156,"[{""clase_id"": 44, ""prob"": 0.99156}, {""clase_id"": 38, ""prob"": 0.00109}, {""clase_id"": 71, ""prob"": 0.00044}, {""clase_id"": 59, ""prob"": 0.00036}, {""clase_id"": 49, ""prob"": 0.00035}]"
101522,44,0.9926,"[{""clase_id"": 44, ""prob"": 0.9926}, {""clase_id"": 38, ""prob"": 0.00077}, {""clase_id"": 71, ""prob"": 0.00046}, {""clase_id"": 59, ""prob"": 0.00027}, {""clase_id"": 74, ""prob"": 0.00025}]"
101523,44,0.99253,"[{""clase_id"": 44, ""prob"": 0.99253}, {""clase_id"": 38, ""prob"": 0.00041}, {""clase_id"": 59, ""prob"": 0.00041}, {""clase_id"": 7, ""prob"": 0.00032}, {""clase_id"": 49, ""prob"": 0.00032}]"
101524,44,0.99186,"[{""clase_id"": 44, ""prob"": 0.99186}, {""clase_id"": 38, ""prob"": 0.00078}, {""clase_id"": 49, ""prob"": 0.00043}, {""clase_id"": 59, ""prob"": 0.00037}, {""clase_id"": 71, ""prob"": 0.00036}]"
101525,44,0.9872,"[{""clase_id"": 44, ""prob"": 0.9872}, {""clase_id"": 21, ""prob"": 0.00136}, {""clase_id"": 49, ""prob"": 0.00119}, {""clase_id"": 7, ""prob"": 0.00063}, {""clase_id"": 38, ""prob"": 0.00058}]"
101526,44,0.99216,"[{""clase_id"": 44, ""prob"": 0.99216}, {""clase_id"": 49, ""prob"": 0.00061}, {""clase_id"": 38, ""prob"": 0.00057}, {""clase_id"": 59, ""prob"": 0.0004}, {""clase_id"": 71, ""prob"": 0.00037}]"
101527,44,0.99307,"[{""clase_id"": 44, ""prob"": 0.99307}, {""clase_id"": 38, ""prob"": 0.00052}, {""clase_id"": 71, ""prob"": 0.00033}, {""clase_id"": 59, ""prob"": 0.00032}, {""clase_id"": 49, ""prob"": 0.00027}]"
101528,44,0.99268,"[{""clase_id"": 44, ""prob"": 0.99268}, {""clase_id"": 38, ""prob"": 0.00048}, {""clase_id"": 71, ""prob"": 0.00031}, {""clase_id"": 49, ""prob"": 0.0003}, {""clase_id"": 59, ""prob"": 0.00028}]"
101529,44,0.99321,"[{""clase_id"": 44, ""prob"": 0.99321}, {""clase_id"": 38, ""prob"": 0.00053}, {""clase_id"": 49, ""prob"": 0.0004}, {""clase_id"": 71, ""prob"": 0.00031}, {""clase_id"": 59, ""prob"": 0.00029}]"
101530,44,0.99244,"[{""clase_id"": 44, ""prob"": 0.99244}, {""clase_id"": 71, ""prob"": 0.00051}, {""clase_id"": 38, ""prob"": 0.00049}, {""clase_id"": 58, ""prob"": 0.00031}, {""clase_id"": 59, ""prob"": 0.00029}]"
101531,44,0.99284,"[{""clase_id"": 44, ""prob"": 0.99284}, {""clase_id"": 38, ""prob"": 0.00065}, {""clase_id"": 71, ""prob"": 0.00052}, {""clase_id"": 59, ""prob"": 0.00031}, {""clase_id"": 74, ""prob"": 0.00026}]"
101532,44,0.99075,"[{""clase_id"": 44, ""prob"": 0.99075}, {""clase_id"": 71, ""prob"": 0.00102}, {""clase_id"": 38, ""prob"": 0.00082}, {""clase_id"": 74, ""prob"": 0.00043}, {""clase_id"": 49, ""prob"": 0.00038}]"
101533,44,0.9929,"[{""clase_id"": 44, ""prob"": 0.9929}, {""clase_id"": 38, ""prob"": 0.0006}, {""clase_id"": 71, ""prob"": 0.00056}, {""clase_id"": 59, ""prob"": 0.0003}, {""clase_id"": 74, ""prob"": 0.00025}]"
101534,44,0.99296,"[{""clase_id"": 44, ""prob"": 0.99296}, {""clase_id"": 38, ""prob"": 0.00045}, {""clase_id"": 71, ""prob"": 0.00039}, {""clase_id"": 59, ""prob"": 0.00034}, {""clase_id"": 49, ""prob"": 0.00032}]"
101535,44,0.99243,"[{""clase_id"": 44, ""prob"": 0.99243}, {""clase_id"": 38, ""prob"": 0.0006}, {""clase_id"": 71, ""prob"": 0.00046}, {""clase_id"": 7, ""prob"": 0.00029}, {""clase_id"": 49, ""prob"": 0.00029}]"
101536,44,0.99317,"[{""clase_id"": 44, ""prob"": 0.99317}, {""clase_id"": 38, ""prob"": 0.00049}, {""clase_id"": 71, ""prob"": 0.0004}, {""clase_id"": 49, ""prob"": 0.00027}, {""clase_id"": 74, ""prob"": 0.00025}]"
101537,44,0.99304,"[{""clase_id"": 44, ""prob"": 0.99304}, {""clase_id"": 38, ""prob"": 0.00049}, {""clase_id"": 71, ""prob"": 0.00038}, {""clase_id"": 49, ""prob"": 0.00031}, {""clase_id"": 55, ""prob"": 0.00026}]"
101538,44,0.99308,"[{""clase_id"": 44, ""prob"": 0.99308}, {""clase_id"": 38, ""prob"": 0.00049}, {""clase_id"": 71, ""prob"": 0.00044}, {""clase_id"": 49, ""prob"": 0.00029}, {""clase_id"": 59, ""prob"": 0.00028}]"
101539,44,0.99308,"[{""clase_id"": 44, ""prob"": 0.99308}, {""clase_id"": 38, ""prob"": 0.00049}, {""clase_id"": 71, ""prob"": 0.00035}, {""clase_id"": 59, ""prob"": 0.00028}, {""clase_id"": 49, ""prob"": 0.00026}]"
101540,44,0.99282,"[{""clase_id"": 44, ""prob"": 0.99282}, {""clase_id"": 71, ""prob"": 0.00045}, {""clase_id"": 59, ""prob"": 0.00042}, {""clase_id"": 38, ""prob"": 0.00038}, {""clase_id"": 7, ""prob"": 0.00026}]"
101541,44,0.98077,"[{""clase_id"": 44, ""prob"": 0.98077}, {""clase_id"": 71, ""prob"": 0.0046}, {""clase_id"": 38, ""prob"": 0.00154}, {""clase_id"": 13, ""prob"": 0.00069}, {""clase_id"": 74, ""prob"": 0.00066}]"
101542,44,0.99286,"[{""clase_id"": 44, ""prob"": 0.99286}, {""clase_id"": 38, ""prob"": 0.00058}, {""clase_id"": 71, ""prob"": 0.00052}, {""clase_id"": 49, ""prob"": 0.00028}, {""clase_id"": 59, ""prob"": 0.00026}]"
101543,44,0.99286,"[{""clase_id"": 44, ""prob"": 0.99286}, {""clase_id"": 38, ""prob"": 0.0004}, {""clase_id"": 71, ""prob"": 0.00036}, {""clase_id"": 49, ""prob"": 0.0003}, {""clase_id"": 7, ""prob"": 0.00027}]"
101544,44,0.98869,"[{""clase_id"": 44, ""prob"": 0.98869}, {""clase_id"": 71, ""prob"": 0.00124}, {""clase_id"": 38, ""prob"": 0.00088}, {""clase_id"": 58, ""prob"": 0.00056}, {""clase_id"": 59, ""prob"": 0.00051}]"
101545,44,0.9917,"[{""clase_id"": 44, ""prob"": 0.9917}, {""clase_id"": 49, ""prob"": 0.00057}, {""clase_id"": 38, ""prob"": 0.00043}, {""clase_id"": 59, ""prob"": 0.00041}, {""clase_id"": 7, ""prob"": 0.00037}]"
101546,44,0.99054,"[{""clase_id"": 44, ""prob"": 0.99054}, {""clase_id"": 49, ""prob"": 0.00067}, {""clase_id"": 38, ""prob"": 0.00054}, {""clase_id"": 55, ""prob"": 0.00044}, {""clase_id"": 7, ""prob"": 0.00044}]"
101547,44,0.99248,"[{""clase_id"": 44, ""prob"": 0.99248}, {""clase_id"": 38, ""prob"": 0.00044}, {""clase_id"": 71, ""prob"": 0.00039}, {""clase_id"": 49, ""prob"": 0.00037}, {""clase_id"": 55, ""prob"": 0.00035}]"
101548,44,0.98902,"[{""clase_id"": 44, ""prob"": 0.98902}, {""clase_id"": 49, ""prob"": 0.00082}, {""clase_id"": 7, ""prob"": 0.00059}, {""clase_id"": 42, ""prob"": 0.00057}, {""clase_id"": 55, ""prob"": 0.00052}]"
101549,44,0.99321,"[{""clase_id"": 44, ""prob"": 0.99321}, {""clase_id"": 38, ""prob"": 0.00051}, {""clase_id"": 71, ""prob"": 0.00035}, {""clase_id"": 49, ""prob"": 0.00029}, {""clase_id"": 59, ""prob"": 0.00027}]"
101550,44,0.98998,"[{""clase_id"": 44, ""prob"": 0.98998}, {""clase_id"": 21, ""prob"": 0.00083}, {""clase_id"": 38, ""prob"": 0.0006}, {""clase_id"": 49, ""prob"": 0.00059}, {""clase_id"": 71, ""prob"": 0.00057}]"
101551,44,0.98711,"[{""clase_id"": 44, ""prob"": 0.98711}, {""clase_id"": 21, ""prob"": 0.00178}, {""clase_id"": 49, ""prob"": 0.00114}, {""clase_id"": 38, ""prob"": 0.00075}, {""clase_id"": 71, ""prob"": 0.00068}]"
101552,44,0.99302,"[{""clase_id"": 44, ""prob"": 0.99302}, {""clase_id"": 38, ""prob"": 0.00053}, {""clase_id"": 71, ""prob"": 0.00043}, {""clase_id"": 49, ""prob"": 0.00029}, {""clase_id"": 59, ""prob"": 0.00026}]"
101553,44,0.99315,"[{""clase_id"": 44, ""prob"": 0.99315}, {""clase_id"": 38, ""prob"": 0.00048}, {""clase_id"": 49, ""prob"": 0.00035}, {""clase_id"": 59, ""prob"": 0.00029}, {""clase_id"": 71, ""prob"": 0.00025}]"
101554,44,0.99282,"[{""clase_id"": 44, ""prob"": 0.99282}, {""clase_id"": 38, ""prob"": 0.0004}, {""clase_id"": 59, ""prob"": 0.00035}, {""clase_id"": 71, ""prob"": 0.00033}, {""clase_id"": 7, ""prob"": 0.00032}]"
101555,44,0.99298,"[{""clase_id"": 44, ""prob"": 0.99298}, {""clase_id"": 38, ""prob"": 0.00045}, {""clase_id"": 71, ""prob"": 0.00043}, {""clase_id"": 49, ""prob"": 0.0003}, {""clase_id"": 59, ""prob"": 0.00028}]"
101556,44,0.99291,"[{""clase_id"": 44, ""prob"": 0.99291}, {""clase_id"": 71, ""prob"": 0.00051}, {""clase_id"": 38, ""prob"": 0.00046}, {""clase_id"": 59, ""prob"": 0.00029}, {""clase_id"": 74, ""prob"": 0.00025}]"
101557,44,0.99021,"[{""clase_id"": 44, ""prob"": 0.99021}, {""clase_id"": 71, ""prob"": 0.0012}, {""clase_id"": 38, ""prob"": 0.00076}, {""clase_id"": 74, ""prob"": 0.00054}, {""clase_id"": 7, ""prob"": 0.00033}]"
101558,44,0.99313,"[{""clase_id"": 44, ""prob"": 0.99313}, {""clase_id"": 38, ""prob"": 0.00055}, {""clase_id"": 49, ""prob"": 0.00036}, {""clase_id"": 71, ""prob"": 0.00033}, {""clase_id"": 59, ""prob"": 0.00024}]"
101559,44,0.97338,"[{""clase_id"": 44, ""prob"": 0.97338}, {""clase_id"": 71, ""prob"": 0.00516}, {""clase_id"": 38, ""prob"": 0.00284}, {""clase_id"": 13, ""prob"": 0.00221}, {""clase_id"": 74, ""prob"": 0.00179}]"
101560,26,0.97365,"[{""clase_id"": 26, ""prob"": 0.97365}, {""clase_id"": 75, ""prob"": 0.00456}, {""clase_id"": 3, ""prob"": 0.00229}, {""clase_id"": 76, ""prob"": 0.00198}, {""clase_id"": 19, ""prob"": 0.00177}]"
101561,26,0.96821,"[{""clase_id"": 26, ""prob"": 0.96821}, {""clase_id"": 19, ""prob"": 0.00758}, {""clase_id"": 76, ""prob"": 0.00649}, {""clase_id"": 75, ""prob"": 0.00243}, {""clase_id"": 3, ""prob"": 0.00185}]"
101562,26,0.97906,"[{""clase_id"": 26, ""prob"": 0.97906}, {""clase_id"": 18, ""prob"": 0.00343}, {""clase_id"": 3, ""prob"": 0.00298}, {""clase_id"": 14, ""prob"": 0.00146}, {""clase_id"": 49, ""prob"": 0.0009}]"
101563,26,0.99455,"[{""clase_id"": 26, ""prob"": 0.99455}, {""clase_id"": 18, ""prob"": 0.00055}, {""clase_id"": 75, ""prob"": 0.0004}, {""clase_id"": 76, ""prob"": 0.00038}, {""clase_id"": 27, ""prob"": 0.00035}]"
101564,26,0.98389,"[{""clase_id"": 26, ""prob"": 0.98389}, {""clase_id"": 76, ""prob"": 0.00309}, {""clase_id"": 46, ""prob"": 0.0019}, {""clase_id"": 19, ""prob"": 0.00149}, {""clase_id"": 3, ""prob"": 0.0009}]"
101565,26,0.9953,"[{""clase_id"": 26, ""prob"": 0.9953}, {""clase_id"": 27, ""prob"": 0.00033}, {""clase_id"": 3, ""prob"": 0.00033}, {""clase_id"": 18, ""prob"": 0.00026}, {""clase_id"": 25, ""prob"": 0.00026}]"
101566,26,0.99455,"[{""clase_id"": 26, ""prob"": 0.99455}, {""clase_id"": 76, ""prob"": 0.0005}, {""clase_id"": 3, ""prob"": 0.00048}, {""clase_id"": 27, ""prob"": 0.00036}, {""clase_id"": 18, ""prob"": 0.00029}]"
101567,26,0.97706,"[{""clase_id"": 26, ""prob"": 0.97706}, {""clase_id"": 75, ""prob"": 0.01025}, {""clase_id"": 18, ""prob"": 0.00281}, {""clase_id"": 27, ""prob"": 0.00082}, {""clase_id"": 76, ""prob"": 0.00077}]"
101568,26,0.99514,"[{""clase_id"": 26, ""prob"": 0.99514}, {""clase_id"": 3, ""prob"": 0.00048}, {""clase_id"": 18, ""prob"": 0.00028}, {""clase_id"": 20, ""prob"": 0.00025}, {""clase_id"": 27, ""prob"": 0.00023}]"
101569,26,0.99193,"[{""clase_id"": 26, ""prob"": 0.99193}, {""clase_id"": 25, ""prob"": 0.00156}, {""clase_id"": 27, ""prob"": 0.00061}, {""clase_id"": 75, ""prob"": 0.00055}, {""clase_id"": 46, ""prob"": 0.00039}]"
101570,26,0.99078,"[{""clase_id"": 26, ""prob"": 0.99078}, {""clase_id"": 76, ""prob"": 0.0012}, {""clase_id"": 46, ""prob"": 0.0011}, {""clase_id"": 20, ""prob"": 0.00076}, {""clase_id"": 75, ""prob"": 0.00058}]"
101571,26,0.99482,"[{""clase_id"": 26, ""prob"": 0.99482}, {""clase_id"": 76, ""prob"": 0.00045}, {""clase_id"": 27, ""prob"": 0.00039}, {""clase_id"": 3, ""prob"": 0.00035}, {""clase_id"": 46, ""prob"": 0.00027}]"
101572,26,0.99525,"[{""clase_id"": 26, ""prob"": 0.99525}, {""clase_id"": 76, ""prob"": 0.00035}, {""clase_id"": 3, ""prob"": 0.00031}, {""clase_id"": 20, ""prob"": 0.00029}, {""clase_id"": 27, ""prob"": 0.00029}]"
101573,26,0.9941,"[{""clase_id"": 26, ""prob"": 0.9941}, {""clase_id"": 18, ""prob"": 0.00069}, {""clase_id"": 75, ""prob"": 0.0005}, {""clase_id"": 76, ""prob"": 0.00036}, {""clase_id"": 27, ""prob"": 0.00032}]"
101574,26,0.99486,"[{""clase_id"": 26, ""prob"": 0.99486}, {""clase_id"": 18, ""prob"": 0.00044}, {""clase_id"": 75, ""prob"": 0.0004}, {""clase_id"": 27, ""prob"": 0.00037}, {""clase_id"": 3, ""prob"": 0.00033}]"
101575,26,0.99183,"[{""clase_id"": 26, ""prob"": 0.99183}, {""clase_id"": 20, ""prob"": 0.0012}, {""clase_id"": 76, ""prob"": 0.001}, {""clase_id"": 19, ""prob"": 0.00073}, {""clase_id"": 75, ""prob"": 0.00055}]"
101576,26,0.99499,"[{""clase_id"": 26, ""prob"": 0.99499}, {""clase_id"": 27, ""prob"": 0.00039}, {""clase_id"": 76, ""prob"": 0.00032}, {""clase_id"": 3, ""prob"": 0.00031}, {""clase_id"": 73, ""prob"": 0.00018}]"
101577,26,0.99298,"[{""clase_id"": 26, ""prob"": 0.99298}, {""clase_id"": 76, ""prob"": 0.00121}, {""clase_id"": 27, ""prob"": 0.00047}, {""clase_id"": 3, ""prob"": 0.0004}, {""clase_id"": 46, ""prob"": 0.00033}]"
101578,26,0.9841,"[{""clase_id"": 26, ""prob"": 0.9841}, {""clase_id"": 3, ""prob"": 0.00356}, {""clase_id"": 19, ""prob"": 0.00108}, {""clase_id"": 18, ""prob"": 0.00084}, {""clase_id"": 49, ""prob"": 0.00075}]"
101579,26,0.99558,"[{""clase_id"": 26, ""prob"": 0.99558}, {""clase_id"": 18, ""prob"": 0.00041}, {""clase_id"": 3, ""prob"": 0.00027}, {""clase_id"": 27, ""prob"": 0.00022}, {""clase_id"": 76, ""prob"": 0.00021}]"
101580,26,0.9921,"[{""clase_id"": 26, ""prob"": 0.9921}, {""clase_id"": 76, ""prob"": 0.00089}, {""clase_id"": 75, ""prob"": 0.00068}, {""clase_id"": 18, ""prob"": 0.00066}, {""clase_id"": 46, ""prob"": 0.00057}]"
101581,26,0.99464,"[{""clase_id"": 26, ""prob"": 0.99463}, {""clase_id"": 27, ""prob"": 0.00042}, {""clase_id"": 76, ""prob"": 0.00041}, {""clase_id"": 3, ""prob"": 0.00037}, {""clase_id"": 75, ""prob"": 0.00021}]"
101582,26,0.99418,"[{""clase_id"": 26, ""prob"": 0.99418}, {""clase_id"": 27, ""prob"": 0.00051}, {""clase_id"": 3, ""prob"": 0.0005}, {""clase_id"": 76, ""prob"": 0.00045}, {""clase_id"": 25, ""prob"": 0.0002}]"
101583,26,0.99506,"[{""clase_id"": 26, ""prob"": 0.99506}, {""clase_id"": 76, ""prob"": 0.00039}, {""clase_id"": 3, ""prob"": 0.00032}, {""clase_id"": 18, ""prob"": 0.00032}, {""clase_id"": 27, ""prob"": 0.00028}]"
101584,26,0.99531,"[{""clase_id"": 26, ""prob"": 0.99531}, {""clase_id"": 27, ""prob"": 0.00032}, {""clase_id"": 3, ""prob"": 0.00031}, {""clase_id"": 25, ""prob"": 0.00029}, {""clase_id"": 75, ""prob"": 0.00028}]"
101585,26,0.99513,"[{""clase_id"": 26, ""prob"": 0.99513}, {""clase_id"": 76, ""prob"": 0.00043}, {""clase_id"": 19, ""prob"": 0.00028}, {""clase_id"": 27, ""prob"": 0.00024}, {""clase_id"": 3, ""prob"": 0.00024}]"
101586,26,0.99453,"[{""clase_id"": 26, ""prob"": 0.99453}, {""clase_id"": 75, ""prob"": 0.00054}, {""clase_id"": 76, ""prob"": 0.00037}, {""clase_id"": 19, ""prob"": 0.00026}, {""clase_id"": 27, ""prob"": 0.00025}]"
101587,26,0.99557,"[{""clase_id"": 26, ""prob"": 0.99557}, {""clase_id"": 18, ""prob"": 0.00037}, {""clase_id"": 27, ""prob"": 0.00025}, {""clase_id"": 76, ""prob"": 0.00023}, {""clase_id"": 3, ""prob"": 0.00022}]"
101588,26,0.99496,"[{""clase_id"": 26, ""prob"": 0.99496}, {""clase_id"": 75, ""prob"": 0.00032}, {""clase_id"": 19, ""prob"": 0.00025}, {""clase_id"": 27, ""prob"": 0.00025}, {""clase_id"": 76, ""prob"": 0.00025}]"
101589,26,0.96327,"[{""clase_id"": 26, ""prob"": 0.96327}, {""clase_id"": 75, ""prob"": 0.02185}, {""clase_id"": 18, ""prob"": 0.00273}, {""clase_id"": 76, ""prob"": 0.00145}, {""clase_id"": 46, ""prob"": 0.00101}]"
101590,26,0.99323,"[{""clase_id"": 26, ""prob"": 0.99323}, {""clase_id"": 20, ""prob"": 0.00074}, {""clase_id"": 76, ""prob"": 0.00059}, {""clase_id"": 3, ""prob"": 0.00053}, {""clase_id"": 27, ""prob"": 0.0004}]"
101591,26,0.96676,"[{""clase_id"": 26, ""prob"": 0.96676}, {""clase_id"": 75, ""prob"": 0.01491}, {""clase_id"": 18, ""prob"": 0.00287}, {""clase_id"": 76, ""prob"": 0.00257}, {""clase_id"": 46, ""prob"": 0.00149}]"
101592,26,0.9948,"[{""clase_id"": 26, ""prob"": 0.9948}, {""clase_id"": 76, ""prob"": 0.00045}, {""clase_id"": 19, ""prob"": 0.00027}, {""clase_id"": 27, ""prob"": 0.00027}, {""clase_id"": 25, ""prob"": 0.00023}]"
101593,26,0.99304,"[{""clase_id"": 26, ""prob"": 0.99304}, {""clase_id"": 75, ""prob"": 0.00108}, {""clase_id"": 18, ""prob"": 0.00048}, {""clase_id"": 3, ""prob"": 0.00048}, {""clase_id"": 27, ""prob"": 0.00033}]"
101594,63,0.73249,"[{""clase_id"": 63, ""prob"": 0.73249}, {""clase_id"": 26, ""prob"": 0.14892}, {""clase_id"": 3, ""prob"": 0.01315}, {""clase_id"": 18, ""prob"": 0.00831}, {""clase_id"": 75, ""prob"": 0.0076}]"
101595,26,0.99153,"[{""clase_id"": 26, ""prob"": 0.99153}, {""clase_id"": 76, ""prob"": 0.00084}, {""clase_id"": 19, ""prob"": 0.00075}, {""clase_id"": 3, ""prob"": 0.00058}, {""clase_id"": 27, ""prob"": 0.00049}]"
101596,26,0.99515,"[{""clase_id"": 26, ""prob"": 0.99515}, {""clase_id"": 3, ""prob"": 0.00036}, {""clase_id"": 76, ""prob"": 0.00032}, {""clase_id"": 75, ""prob"": 0.0003}, {""clase_id"": 27, ""prob"": 0.00028}]"
101597,26,0.99509,"[{""clase_id"": 26, ""prob"": 0.99509}, {""clase_id"": 27, ""prob"": 0.00038}, {""clase_id"": 76, ""prob"": 0.00038}, {""clase_id"": 3, ""prob"": 0.00027}, {""clase_id"": 46, ""prob"": 0.00026}]"
101598,26,0.99243,"[{""clase_id"": 26, ""prob"": 0.99243}, {""clase_id"": 75, ""prob"": 0.00134}, {""clase_id"": 76, ""prob"": 0.00074}, {""clase_id"": 27, ""prob"": 0.00048}, {""clase_id"": 46, ""prob"": 0.00038}]"
101599,26,0.99407,"[{""clase_id"": 26, ""prob"": 0.99407}, {""clase_id"": 75, ""prob"": 0.00074}, {""clase_id"": 27, ""prob"": 0.00045}, {""clase_id"": 76, ""prob"": 0.00031}, {""clase_id"": 3, ""prob"": 0.00027}]"
101600,45,0.97186,"[{""clase_id"": 45, ""prob"": 0.97186}, {""clase_id"": 53, ""prob"": 0.01352}, {""clase_id"": 25, ""prob"": 0.00472}, {""clase_id"": 9, ""prob"": 0.00068}, {""clase_id"": 16, ""prob"": 0.00053}]"
101601,45,0.99505,"[{""clase_id"": 45, ""prob"": 0.99505}, {""clase_id"": 48, ""prob"": 0.00063}, {""clase_id"": 53, ""prob"": 0.00048}, {""clase_id"": 25, ""prob"": 0.00025}, {""clase_id"": 67, ""prob"": 0.00022}]"
101602,45,0.99511,"[{""clase_id"": 45, ""prob"": 0.99511}, {""clase_id"": 53, ""prob"": 0.00051}, {""clase_id"": 48, ""prob"": 0.00042}, {""clase_id"": 25, ""prob"": 0.00036}, {""clase_id"": 67, ""prob"": 0.00018}]"
101603,45,0.74101,"[{""clase_id"": 45, ""prob"": 0.74101}, {""clase_id"": 54, ""prob"": 0.09675}, {""clase_id"": 25, ""prob"": 0.02073}, {""clase_id"": 16, ""prob"": 0.01911}, {""clase_id"": 9, ""prob"": 0.01322}]"
101604,45,0.99517,"[{""clase_id"": 45, ""prob"": 0.99517}, {""clase_id"": 48, ""prob"": 0.00044}, {""clase_id"": 53, ""prob"": 0.00037}, {""clase_id"": 25, ""prob"": 0.00032}, {""clase_id"": 67, ""prob"": 0.00021}]"
101605,45,0.98939,"[{""clase_id"": 45, ""prob"": 0.98939}, {""clase_id"": 53, ""prob"": 0.00245}, {""clase_id"": 25, ""prob"": 0.00194}, {""clase_id"": 48, ""prob"": 0.00051}, {""clase_id"": 66, ""prob"": 0.00038}]"
101606,45,0.99446,"[{""clase_id"": 45, ""prob"": 0.99446}, {""clase_id"": 48, ""prob"": 0.00051}, {""clase_id"": 25, ""prob"": 0.0005}, {""clase_id"": 53, ""prob"": 0.00049}, {""clase_id"": 9, ""prob"": 0.00022}]"
101607,45,0.99255,"[{""clase_id"": 45, ""prob"": 0.99255}, {""clase_id"": 48, ""prob"": 0.00192}, {""clase_id"": 34, ""prob"": 0.00034}, {""clase_id"": 53, ""prob"": 0.00033}, {""clase_id"": 46, ""prob"": 0.00031}]"
101608,45,0.9945,"[{""clase_id"": 45, ""prob"": 0.9945}, {""clase_id"": 48, ""prob"": 0.0005}, {""clase_id"": 12, ""prob"": 0.00035}, {""clase_id"": 67, ""prob"": 0.00031}, {""clase_id"": 25, ""prob"": 0.00031}]"
101609,45,0.99474,"[{""clase_id"": 45, ""prob"": 0.99474}, {""clase_id"": 53, ""prob"": 0.00043}, {""clase_id"": 25, ""prob"": 0.00043}, {""clase_id"": 48, ""prob"": 0.00038}, {""clase_id"": 12, ""prob"": 0.00028}]"
101610,45,0.99408,"[{""clase_id"": 45, ""prob"": 0.99408}, {""clase_id"": 53, ""prob"": 0.00048}, {""clase_id"": 48, ""prob"": 0.00046}, {""clase_id"": 6, ""prob"": 0.00027}, {""clase_id"": 66, ""prob"": 0.00026}]"
101611,45,0.99465,"[{""clase_id"": 45, ""prob"": 0.99465}, {""clase_id"": 53, ""prob"": 0.00054}, {""clase_id"": 25, ""prob"": 0.00054}, {""clase_id"": 48, ""prob"": 0.00045}, {""clase_id"": 9, ""prob"": 0.00022}]"
101612,45,0.9948,"[{""clase_id"": 45, ""prob"": 0.9948}, {""clase_id"": 48, ""prob"": 0.0005}, {""clase_id"": 53, ""prob"": 0.00046}, {""clase_id"": 25, ""prob"": 0.00043}, {""clase_id"": 9, ""prob"": 0.00019}]"
101613,45,0.99466,"[{""clase_id"": 45, ""prob"": 0.99466}, {""clase_id"": 48, ""prob"": 0.00084}, {""clase_id"": 53, ""prob"": 0.00043}, {""clase_id"": 25, ""prob"": 0.00033}, {""clase_id"": 9, ""prob"": 0.00021}]"
101614,45,0.99408,"[{""clase_id"": 45, ""prob"": 0.99408}, {""clase_id"": 53, ""prob"": 0.00066}, {""clase_id"": 48, ""prob"": 0.00055}, {""clase_id"": 25, ""prob"": 0.00055}, {""clase_id"": 16, ""prob"": 0.00022}]"
101615,45,0.97376,"[{""clase_id"": 45, ""prob"": 0.97376}, {""clase_id"": 12, ""prob"": 0.00703}, {""clase_id"": 9, ""prob"": 0.00219}, {""clase_id"": 48, ""prob"": 0.00206}, {""clase_id"": 67, ""prob"": 0.00126}]"
101616,45,0.99485,"[{""clase_id"": 45, ""prob"": 0.99485}, {""clase_id"": 48, ""prob"": 0.00051}, {""clase_id"": 53, ""prob"": 0.0003}, {""clase_id"": 25, ""prob"": 0.00028}, {""clase_id"": 12, ""prob"": 0.00026}]"
101617,45,0.99296,"[{""clase_id"": 45, ""prob"": 0.99296}, {""clase_id"": 48, ""prob"": 0.0009}, {""clase_id"": 53, ""prob"": 0.00072}, {""clase_id"": 67, ""prob"": 0.00043}, {""clase_id"": 9, ""prob"": 0.00039}]"
101618,45,0.98394,"[{""clase_id"": 45, ""prob"": 0.98394}, {""clase_id"": 48, ""prob"": 0.00247}, {""clase_id"": 12, ""prob"": 0.00231}, {""clase_id"": 46, ""prob"": 0.00116}, {""clase_id"": 11, ""prob"": 0.00079}]"
101619,45,0.99416,"[{""clase_id"": 45, ""prob"": 0.99416}, {""clase_id"": 25, ""prob"": 0.00059}, {""clase_id"": 53, ""prob"": 0.00056}, {""clase_id"": 48, ""prob"": 0.00037}, {""clase_id"": 12, ""prob"": 0.00031}]"
101620,45,0.99541,"[{""clase_id"": 45, ""prob"": 0.99541}, {""clase_id"": 48, ""prob"": 0.0004}, {""clase_id"": 25, ""prob"": 0.00036}, {""clase_id"": 53, ""prob"": 0.00035}, {""clase_id"": 67, ""prob"": 0.00018}]"
101621,45,0.99093,"[{""clase_id"": 45, ""prob"": 0.99093}, {""clase_id"": 48, ""prob"": 0.00162}, {""clase_id"": 12, ""prob"": 0.00067}, {""clase_id"": 53, ""prob"": 0.00044}, {""clase_id"": 67, ""prob"": 0.00042}]"
101622,12,0.71484,"[{""clase_id"": 12, ""prob"": 0.71484}, {""clase_id"": 45, ""prob"": 0.16303}, {""clase_id"": 11, ""prob"": 0.0339}, {""clase_id"": 67, ""prob"": 0.01117}, {""clase_id"": 0, ""prob"": 0.00558}]"
101623,45,0.8503,"[{""clase_id"": 45, ""prob"": 0.8503}, {""clase_id"": 48, ""prob"": 0.07249}, {""clase_id"": 46, ""prob"": 0.0316}, {""clase_id"": 47, ""prob"": 0.0063}, {""clase_id"": 34, ""prob"": 0.00413}]"
101624,45,0.99465,"[{""clase_id"": 45, ""prob"": 0.99465}, {""clase_id"": 53, ""prob"": 0.00046}, {""clase_id"": 25, ""prob"": 0.00045}, {""clase_id"": 48, ""prob"": 0.00032}, {""clase_id"": 12, ""prob"": 0.00027}]"
101625,45,0.9857,"[{""clase_id"": 45, ""prob"": 0.9857}, {""clase_id"": 53, ""prob"": 0.00381}, {""clase_id"": 25, ""prob"": 0.00133}, {""clase_id"": 66, ""prob"": 0.00125}, {""clase_id"": 48, ""prob"": 0.00069}]"
101626,63,0.99359,"[{""clase_id"": 63, ""prob"": 0.99359}, {""clase_id"": 34, ""prob"": 0.0016}, {""clase_id"": 39, ""prob"": 0.00033}, {""clase_id"": 75, ""prob"": 0.00023}, {""clase_id"": 52, ""prob"": 0.00019}]"
101627,45,0.9907,"[{""clase_id"": 45, ""prob"": 0.9907}, {""clase_id"": 53, ""prob"": 0.00218}, {""clase_id"": 25, ""prob"": 0.00068}, {""clase_id"": 48, ""prob"": 0.00052}, {""clase_id"": 66, ""prob"": 0.0005}]"
101628,45,0.99457,"[{""clase_id"": 45, ""prob"": 0.99457}, {""clase_id"": 48, ""prob"": 0.0007}, {""clase_id"": 53, ""prob"": 0.00037}, {""clase_id"": 25, ""prob"": 0.00033}, {""clase_id"": 9, ""prob"": 0.00027}]"
101629,45,0.9949,"[{""clase_id"": 45, ""prob"": 0.9949}, {""clase_id"": 48, ""prob"": 0.00045}, {""clase_id"": 25, ""prob"": 0.00034}, {""clase_id"": 53, ""prob"": 0.00033}, {""clase_id"": 12, ""prob"": 0.00023}]"
101630,45,0.99442,"[{""clase_id"": 45, ""prob"": 0.99442}, {""clase_id"": 48, ""prob"": 0.00069}, {""clase_id"": 53, ""prob"": 0.00044}, {""clase_id"": 46, ""prob"": 0.00035}, {""clase_id"": 6, ""prob"": 0.00023}]"
101631,45,0.90514,"[{""clase_id"": 45, ""prob"": 0.90514}, {""clase_id"": 11, ""prob"": 0.04203}, {""clase_id"": 12, ""prob"": 0.00757}, {""clase_id"": 46, ""prob"": 0.00748}, {""clase_id"": 6, ""prob"": 0.0033}]"
101632,45,0.98749,"[{""clase_id"": 45, ""prob"": 0.98749}, {""clase_id"": 53, ""prob"": 0.00313}, {""clase_id"": 47, ""prob"": 0.00074}, {""clase_id"": 66, ""prob"": 0.00066}, {""clase_id"": 25, ""prob"": 0.00057}]"
101633,45,0.99415,"[{""clase_id"": 45, ""prob"": 0.99415}, {""clase_id"": 48, ""prob"": 0.0013}, {""clase_id"": 53, ""prob"": 0.00042}, {""clase_id"": 25, ""prob"": 0.00028}, {""clase_id"": 67, ""prob"": 0.00025}]"
101634,45,0.59967,"[{""clase_id"": 45, ""prob"": 0.59967}, {""clase_id"": 28, ""prob"": 0.06838}, {""clase_id"": 12, ""prob"": 0.0664}, {""clase_id"": 16, ""prob"": 0.06255}, {""clase_id"": 54, ""prob"": 0.0153}]"
101635,45,0.99078,"[{""clase_id"": 45, ""prob"": 0.99078}, {""clase_id"": 53, ""prob"": 0.00206}, {""clase_id"": 48, ""prob"": 0.00108}, {""clase_id"": 15, ""prob"": 0.00041}, {""clase_id"": 25, ""prob"": 0.00035}]"
101636,48,0.48839,"[{""clase_id"": 48, ""prob"": 0.48839}, {""clase_id"": 45, ""prob"": 0.45316}, {""clase_id"": 46, ""prob"": 0.01408}, {""clase_id"": 66, ""prob"": 0.00831}, {""clase_id"": 67, ""prob"": 0.0053}]"
101637,45,0.9951,"[{""clase_id"": 45, ""prob"": 0.9951}, {""clase_id"": 48, ""prob"": 0.00053}, {""clase_id"": 53, ""prob"": 0.00046}, {""clase_id"": 25, ""prob"": 0.00032}, {""clase_id"": 9, ""prob"": 0.0002}]"
101638,45,0.99299,"[{""clase_id"": 45, ""prob"": 0.99299}, {""clase_id"": 48, ""prob"": 0.00093}, {""clase_id"": 46, ""prob"": 0.00053}, {""clase_id"": 6, ""prob"": 0.00047}, {""clase_id"": 53, ""prob"": 0.00045}]"
101639,45,0.99206,"[{""clase_id"": 45, ""prob"": 0.99206}, {""clase_id"": 48, ""prob"": 0.00087}, {""clase_id"": 9, ""prob"": 0.00069}, {""clase_id"": 12, ""prob"": 0.00059}, {""clase_id"": 53, ""prob"": 0.0005}]"
101640,42,0.99302,"[{""clase_id"": 42, ""prob"": 0.99302}, {""clase_id"": 23, ""prob"": 0.00067}, {""clase_id"": 41, ""prob"": 0.0004}, {""clase_id"": 2, ""prob"": 0.00039}, {""clase_id"": 22, ""prob"": 0.0003}]"
101641,42,0.99242,"[{""clase_id"": 42, ""prob"": 0.99242}, {""clase_id"": 23, ""prob"": 0.00089}, {""clase_id"": 41, ""prob"": 0.00043}, {""clase_id"": 2, ""prob"": 0.00034}, {""clase_id"": 22, ""prob"": 0.00024}]"
101642,42,0.99264,"[{""clase_id"": 42, ""prob"": 0.99264}, {""clase_id"": 23, ""prob"": 0.00084}, {""clase_id"": 41, ""prob"": 0.00046}, {""clase_id"": 2, ""prob"": 0.00039}, {""clase_id"": 22, ""prob"": 0.00034}]"
101643,42,0.99321,"[{""clase_id"": 42, ""prob"": 0.99321}, {""clase_id"": 23, ""prob"": 0.00054}, {""clase_id"": 41, ""prob"": 0.00048}, {""clase_id"": 2, ""prob"": 0.00034}, {""clase_id"": 22, ""prob"": 0.0003}]"
101644,42,0.98776,"[{""clase_id"": 42, ""prob"": 0.98776}, {""clase_id"": 41, ""prob"": 0.0016}, {""clase_id"": 22, ""prob"": 0.0009}, {""clase_id"": 23, ""prob"": 0.00081}, {""clase_id"": 2, ""prob"": 0.00063}]"
101645,42,0.99219,"[{""clase_id"": 42, ""prob"": 0.99219}, {""clase_id"": 23, ""prob"": 0.00079}, {""clase_id"": 41, ""prob"": 0.00068}, {""clase_id"": 22, ""prob"": 0.00029}, {""clase_id"": 2, ""prob"": 0.00029}]"
101646,42,0.99261,"[{""clase_id"": 42, ""prob"": 0.99261}, {""clase_id"": 41, ""prob"": 0.00101}, {""clase_id"": 23, ""prob"": 0.0005}, {""clase_id"": 22, ""prob"": 0.00035}, {""clase_id"": 18, ""prob"": 0.00028}]"
101647,42,0.99279,"[{""clase_id"": 42, ""prob"": 0.99279}, {""clase_id"": 41, ""prob"": 0.00101}, {""clase_id"": 23, ""prob"": 0.00046}, {""clase_id"": 22, ""prob"": 0.00034}, {""clase_id"": 18, ""prob"": 0.0003}]"
101648,42,0.99223,"[{""clase_id"": 42, ""prob"": 0.99223}, {""clase_id"": 22, ""prob"": 0.00083}, {""clase_id"": 41, ""prob"": 0.00072}, {""clase_id"": 23, ""prob"": 0.00051}, {""clase_id"": 2, ""prob"": 0.00042}]"
101649,42,0.9929,"[{""clase_id"": 42, ""prob"": 0.9929}, {""clase_id"": 23, ""prob"": 0.00067}, {""clase_id"": 2, ""prob"": 0.00042}, {""clase_id"": 41, ""prob"": 0.00037}, {""clase_id"": 22, ""prob"": 0.00029}]"
101650,42,0.99284,"[{""clase_id"": 42, ""prob"": 0.99284}, {""clase_id"": 23, ""prob"": 0.00061}, {""clase_id"": 2, ""prob"": 0.00043}, {""clase_id"": 41, ""prob"": 0.00039}, {""clase_id"": 22, ""prob"": 0.0003}]"
101651,42,0.99307,"[{""clase_id"": 42, ""prob"": 0.99307}, {""clase_id"": 41, ""prob"": 0.00062}, {""clase_id"": 23, ""prob"": 0.00059}, {""clase_id"": 2, ""prob"": 0.00029}, {""clase_id"": 22, ""prob"": 0.00029}]"
101652,42,0.993,"[{""clase_id"": 42, ""prob"": 0.993}, {""clase_id"": 23, ""prob"": 0.00072}, {""clase_id"": 2, ""prob"": 0.00039}, {""clase_id"": 41, ""prob"": 0.00038}, {""clase_id"": 22, ""prob"": 0.00029}]"
101653,42,0.99068,"[{""clase_id"": 42, ""prob"": 0.99068}, {""clase_id"": 23, ""prob"": 0.001}, {""clase_id"": 18, ""prob"": 0.00053}, {""clase_id"": 41, ""prob"": 0.00052}, {""clase_id"": 2, ""prob"": 0.00043}]"
101654,42,0.99197,"[{""clase_id"": 42, ""prob"": 0.99197}, {""clase_id"": 23, ""prob"": 0.00099}, {""clase_id"": 2, ""prob"": 0.00048}, {""clase_id"": 41, ""prob"": 0.00036}, {""clase_id"": 22, ""prob"": 0.00028}]"
101655,42,0.99085,"[{""clase_id"": 42, ""prob"": 0.99085}, {""clase_id"": 23, ""prob"": 0.00116}, {""clase_id"": 2, ""prob"": 0.0005}, {""clase_id"": 41, ""prob"": 0.00036}, {""clase_id"": 18, ""prob"": 0.00029}]"
101656,42,0.99217,"[{""clase_id"": 42, ""prob"": 0.99217}, {""clase_id"": 23, ""prob"": 0.00103}, {""clase_id"": 41, ""prob"": 0.0005}, {""clase_id"": 2, ""prob"": 0.00034}, {""clase_id"": 22, ""prob"": 0.00026}]"
101657,42,0.99046,"[{""clase_id"": 42, ""prob"": 0.99046}, {""clase_id"": 23, ""prob"": 0.00113}, {""clase_id"": 2, ""prob"": 0.00055}, {""clase_id"": 22, ""prob"": 0.00041}, {""clase_id"": 41, ""prob"": 0.0004}]"
101658,42,0.99308,"[{""clase_id"": 42, ""prob"": 0.99308}, {""clase_id"": 23, ""prob"": 0.00053}, {""clase_id"": 41, ""prob"": 0.00049}, {""clase_id"": 2, ""prob"": 0.00038}, {""clase_id"": 22, ""prob"": 0.00034}]"
101659,42,0.99216,"[{""clase_id"": 42, ""prob"": 0.99216}, {""clase_id"": 23, ""prob"": 0.0009}, {""clase_id"": 2, ""prob"": 0.00039}, {""clase_id"": 41, ""prob"": 0.00038}, {""clase_id"": 18, ""prob"": 0.00026}]"
101660,42,0.99087,"[{""clase_id"": 42, ""prob"": 0.99087}, {""clase_id"": 41, ""prob"": 0.00133}, {""clase_id"": 23, ""prob"": 0.00059}, {""clase_id"": 22, ""prob"": 0.00047}, {""clase_id"": 18, ""prob"": 0.00034}]"
101661,42,0.99248,"[{""clase_id"": 42, ""prob"": 0.99248}, {""clase_id"": 23, ""prob"": 0.00077}, {""clase_id"": 41, ""prob"": 0.0005}, {""clase_id"": 22, ""prob"": 0.00033}, {""clase_id"": 2, ""prob"": 0.00033}]"
101662,42,0.99199,"[{""clase_id"": 42, ""prob"": 0.99199}, {""clase_id"": 23, ""prob"": 0.00081}, {""clase_id"": 2, ""prob"": 0.00042}, {""clase_id"": 41, ""prob"": 0.0004}, {""clase_id"": 1, ""prob"": 0.00028}]"
101663,42,0.97406,"[{""clase_id"": 42, ""prob"": 0.97406}, {""clase_id"": 41, ""prob"": 0.00502}, {""clase_id"": 22, ""prob"": 0.00199}, {""clase_id"": 23, ""prob"": 0.00172}, {""clase_id"": 3, ""prob"": 0.00085}]"
101664,42,0.98631,"[{""clase_id"": 42, ""prob"": 0.98631}, {""clase_id"": 41, ""prob"": 0.0028}, {""clase_id"": 22, ""prob"": 0.00116}, {""clase_id"": 23, ""prob"": 0.00082}, {""clase_id"": 18, ""prob"": 0.00042}]"
101665,42,0.96923,"[{""clase_id"": 42, ""prob"": 0.96923}, {""clase_id"": 41, ""prob"": 0.00619}, {""clase_id"": 14, ""prob"": 0.00369}, {""clase_id"": 23, ""prob"": 0.00305}, {""clase_id"": 18, ""prob"": 0.00104}]"
101666,42,0.92331,"[{""clase_id"": 42, ""prob"": 0.92331}, {""clase_id"": 23, ""prob"": 0.02426}, {""clase_id"": 2, ""prob"": 0.01708}, {""clase_id"": 1, ""prob"": 0.00221}, {""clase_id"": 72, ""prob"": 0.00199}]"
101667,42,0.99034,"[{""clase_id"": 42, ""prob"": 0.99034}, {""clase_id"": 23, ""prob"": 0.0013}, {""clase_id"": 2, ""prob"": 0.0007}, {""clase_id"": 41, ""prob"": 0.00051}, {""clase_id"": 22, ""prob"": 0.00037}]"
101668,42,0.98754,"[{""clase_id"": 42, ""prob"": 0.98754}, {""clase_id"": 23, ""prob"": 0.00193}, {""clase_id"": 2, ""prob"": 0.00081}, {""clase_id"": 13, ""prob"": 0.00078}, {""clase_id"": 41, ""prob"": 0.00068}]"
101669,42,0.99272,"[{""clase_id"": 42, ""prob"": 0.99272}, {""clase_id"": 23, ""prob"": 0.00062}, {""clase_id"": 2, ""prob"": 0.00044}, {""clase_id"": 22, ""prob"": 0.00035}, {""clase_id"": 41, ""prob"": 0.00035}]"
101670,42,0.99175,"[{""clase_id"": 42, ""prob"": 0.99175}, {""clase_id"": 23, ""prob"": 0.00098}, {""clase_id"": 41, ""prob"": 0.00074}, {""clase_id"": 22, ""prob"": 0.00046}, {""clase_id"": 2, ""prob"": 0.00029}]"
101671,42,0.99273,"[{""clase_id"": 42, ""prob"": 0.99273}, {""clase_id"": 23, ""prob"": 0.00062}, {""clase_id"": 41, ""prob"": 0.00054}, {""clase_id"": 22, ""prob"": 0.00051}, {""clase_id"": 2, ""prob"": 0.00031}]"
101672,41,0.94709,"[{""clase_id"": 41, ""prob"": 0.94709}, {""clase_id"": 22, ""prob"": 0.02733}, {""clase_id"": 42, ""prob"": 0.00814}, {""clase_id"": 20, ""prob"": 0.00138}, {""clase_id"": 14, ""prob"": 0.00121}]"
101673,42,0.99316,"[{""clase_id"": 42, ""prob"": 0.99316}, {""clase_id"": 23, ""prob"": 0.0006}, {""clase_id"": 41, ""prob"": 0.00042}, {""clase_id"": 2, ""prob"": 0.00035}, {""clase_id"": 22, ""prob"": 0.00032}]"
101674,42,0.99321,"[{""clase_id"": 42, ""prob"": 0.99321}, {""clase_id"": 23, ""prob"": 0.0006}, {""clase_id"": 2, ""prob"": 0.00041}, {""clase_id"": 41, ""prob"": 0.00041}, {""clase_id"": 22, ""prob"": 0.00028}]"
101675,42,0.9929,"[{""clase_id"": 42, ""prob"": 0.9929}, {""clase_id"": 23, ""prob"": 0.00065}, {""clase_id"": 41, ""prob"": 0.00048}, {""clase_id"": 2, ""prob"": 0.00034}, {""clase_id"": 22, ""prob"": 0.00027}]"
101676,42,0.98947,"[{""clase_id"": 42, ""prob"": 0.98947}, {""clase_id"": 23, ""prob"": 0.00116}, {""clase_id"": 22, ""prob"": 0.00066}, {""clase_id"": 2, ""prob"": 0.0006}, {""clase_id"": 41, ""prob"": 0.00054}]"
101677,42,0.99125,"[{""clase_id"": 42, ""prob"": 0.99125}, {""clase_id"": 23, ""prob"": 0.00104}, {""clase_id"": 2, ""prob"": 0.00063}, {""clase_id"": 40, ""prob"": 0.00031}, {""clase_id"": 13, ""prob"": 0.00028}]"
101678,42,0.97991,"[{""clase_id"": 42, ""prob"": 0.97991}, {""clase_id"": 23, ""prob"": 0.00549}, {""clase_id"": 41, ""prob"": 0.00103}, {""clase_id"": 1, ""prob"": 0.0006}, {""clase_id"": 2, ""prob"": 0.00058}]"
101679,42,0.987,"[{""clase_id"": 42, ""prob"": 0.987}, {""clase_id"": 23, ""prob"": 0.0017}, {""clase_id"": 41, ""prob"": 0.00121}, {""clase_id"": 22, ""prob"": 0.00119}, {""clase_id"": 2, ""prob"": 0.00052}]"
101680,52,0.96366,"[{""clase_id"": 52, ""prob"": 0.96366}, {""clase_id"": 51, ""prob"": 0.02851}, {""clase_id"": 53, ""prob"": 0.00079}, {""clase_id"": 28, ""prob"": 0.00051}, {""clase_id"": 7, ""prob"": 0.00042}]"
101681,52,0.99541,"[{""clase_id"": 52, ""prob"": 0.99541}, {""clase_id"": 51, ""prob"": 0.00042}, {""clase_id"": 8, ""prob"": 0.00028}, {""clase_id"": 64, ""prob"": 0.00025}, {""clase_id"": 55, ""prob"": 0.00017}]"
101682,52,0.99552,"[{""clase_id"": 52, ""prob"": 0.99552}, {""clase_id"": 51, ""prob"": 0.00065}, {""clase_id"": 8, ""prob"": 0.00027}, {""clase_id"": 43, ""prob"": 0.00018}, {""clase_id"": 64, ""prob"": 0.00018}]"
101683,52,0.99458,"[{""clase_id"": 52, ""prob"": 0.99458}, {""clase_id"": 8, ""prob"": 0.00053}, {""clase_id"": 64, ""prob"": 0.0003}, {""clase_id"": 51, ""prob"": 0.00027}, {""clase_id"": 55, ""prob"": 0.00022}]"
101684,52,0.99456,"[{""clase_id"": 52, ""prob"": 0.99456}, {""clase_id"": 8, ""prob"": 0.00083}, {""clase_id"": 51, ""prob"": 0.00048}, {""clase_id"": 64, ""prob"": 0.00031}, {""clase_id"": 30, ""prob"": 0.00021}]"
101685,52,0.98949,"[{""clase_id"": 52, ""prob"": 0.98949}, {""clase_id"": 8, ""prob"": 0.00438}, {""clase_id"": 28, ""prob"": 0.00044}, {""clase_id"": 64, ""prob"": 0.00038}, {""clase_id"": 30, ""prob"": 0.00034}]"
101686,52,0.99411,"[{""clase_id"": 52, ""prob"": 0.99411}, {""clase_id"": 8, ""prob"": 0.00048}, {""clase_id"": 64, ""prob"": 0.00032}, {""clase_id"": 53, ""prob"": 0.0003}, {""clase_id"": 51, ""prob"": 0.00026}]"
101687,52,0.99429,"[{""clase_id"": 52, ""prob"": 0.99429}, {""clase_id"": 8, ""prob"": 0.00064}, {""clase_id"": 51, ""prob"": 0.00055}, {""clase_id"": 41, ""prob"": 0.0003}, {""clase_id"": 30, ""prob"": 0.00025}]"
101688,52,0.99495,"[{""clase_id"": 52, ""prob"": 0.99495}, {""clase_id"": 8, ""prob"": 0.00051}, {""clase_id"": 51, ""prob"": 0.00047}, {""clase_id"": 64, ""prob"": 0.00029}, {""clase_id"": 55, ""prob"": 0.0002}]"
101689,17,0.57274,"[{""clase_id"": 17, ""prob"": 0.57274}, {""clase_id"": 52, ""prob"": 0.30189}, {""clase_id"": 64, ""prob"": 0.02781}, {""clase_id"": 31, ""prob"": 0.00843}, {""clase_id"": 53, ""prob"": 0.00662}]"
101690,52,0.99401,"[{""clase_id"": 52, ""prob"": 0.99401}, {""clase_id"": 8, ""prob"": 0.00119}, {""clase_id"": 51, ""prob"": 0.00057}, {""clase_id"": 64, ""prob"": 0.00028}, {""clase_id"": 28, ""prob"": 0.00028}]"
101691,52,0.99157,"[{""clase_id"": 52, ""prob"": 0.99157}, {""clase_id"": 8, ""prob"": 0.00097}, {""clase_id"": 53, ""prob"": 0.00075}, {""clase_id"": 55, ""prob"": 0.00063}, {""clase_id"": 7, ""prob"": 0.00052}]"
101692,52,0.92398,"[{""clase_id"": 52, ""prob"": 0.92398}, {""clase_id"": 51, ""prob"": 0.06193}, {""clase_id"": 66, ""prob"": 0.00105}, {""clase_id"": 53, ""prob"": 0.00055}, {""clase_id"": 41, ""prob"": 0.00049}]"
101693,52,0.99281,"[{""clase_id"": 52, ""prob"": 0.99281}, {""clase_id"": 8, ""prob"": 0.00133}, {""clase_id"": 30, ""prob"": 0.00033}, {""clase_id"": 64, ""prob"": 0.00032}, {""clase_id"": 55, ""prob"": 0.0003}]"
101694,52,0.99526,"[{""clase_id"": 52, ""prob"": 0.99526}, {""clase_id"": 8, ""prob"": 0.00043}, {""clase_id"": 51, ""prob"": 0.00031}, {""clase_id"": 64, ""prob"": 0.00021}, {""clase_id"": 55, ""prob"": 0.0002}]"
101695,52,0.99271,"[{""clase_id"": 52, ""prob"": 0.99271}, {""clase_id"": 53, ""prob"": 0.00072}, {""clase_id"": 8, ""prob"": 0.00069}, {""clase_id"": 55, ""prob"": 0.00064}, {""clase_id"": 51, ""prob"": 0.00064}]"
101696,52,0.99275,"[{""clase_id"": 52, ""prob"": 0.99275}, {""clase_id"": 8, ""prob"": 0.00134}, {""clase_id"": 64, ""prob"": 0.00033}, {""clase_id"": 55, ""prob"": 0.00029}, {""clase_id"": 30, ""prob"": 0.00028}]"
101697,52,0.99508,"[{""clase_id"": 52, ""prob"": 0.99508}, {""clase_id"": 8, ""prob"": 0.00058}, {""clase_id"": 51, ""prob"": 0.00053}, {""clase_id"": 64, ""prob"": 0.0003}, {""clase_id"": 55, ""prob"": 0.00018}]"
101698,52,0.99472,"[{""clase_id"": 52, ""prob"": 0.99472}, {""clase_id"": 8, ""prob"": 0.00077}, {""clase_id"": 64, ""prob"": 0.00035}, {""clase_id"": 51, ""prob"": 0.00028}, {""clase_id"": 30, ""prob"": 0.00022}]"
101699,52,0.99426,"[{""clase_id"": 52, ""prob"": 0.99426}, {""clase_id"": 8, ""prob"": 0.00068}, {""clase_id"": 64, ""prob"": 0.00036}, {""clase_id"": 51, ""prob"": 0.00033}, {""clase_id"": 30, ""prob"": 0.00027}]"
101700,52,0.99219,"[{""clase_id"": 52, ""prob"": 0.99219}, {""clase_id"": 8, ""prob"": 0.00113}, {""clase_id"": 53, ""prob"": 0.00087}, {""clase_id"": 55, ""prob"": 0.00038}, {""clase_id"": 64, ""prob"": 0.00027}]"
101701,52,0.99467,"[{""clase_id"": 52, ""prob"": 0.99467}, {""clase_id"": 8, ""prob"": 0.00074}, {""clase_id"": 51, ""prob"": 0.00028}, {""clase_id"": 30, ""prob"": 0.00026}, {""clase_id"": 64, ""prob"": 0.0002}]"
101702,52,0.99222,"[{""clase_id"": 52, ""prob"": 0.99222}, {""clase_id"": 8, ""prob"": 0.00175}, {""clase_id"": 30, ""prob"": 0.0004}, {""clase_id"": 55, ""prob"": 0.00032}, {""clase_id"": 53, ""prob"": 0.00029}]"
101703,52,0.99548,"[{""clase_id"": 52, ""prob"": 0.99548}, {""clase_id"": 51, ""prob"": 0.00042}, {""clase_id"": 8, ""prob"": 0.0003}, {""clase_id"": 53, ""prob"": 0.00025}, {""clase_id"": 64, ""prob"": 0.00021}]"
101704,52,0.99357,"[{""clase_id"": 52, ""prob"": 0.99357}, {""clase_id"": 8, ""prob"": 0.00108}, {""clase_id"": 51, ""prob"": 0.00033}, {""clase_id"": 55, ""prob"": 0.00033}, {""clase_id"": 30, ""prob"": 0.00028}]"
101705,52,0.99407,"[{""clase_id"": 52, ""prob"": 0.99407}, {""clase_id"": 8, ""prob"": 0.00089}, {""clase_id"": 64, ""prob"": 0.00035}, {""clase_id"": 51, ""prob"": 0.00027}, {""clase_id"": 30, ""prob"": 0.00026}]"
101706,52,0.99203,"[{""clase_id"": 52, ""prob"": 0.99203}, {""clase_id"": 8, ""prob"": 0.00199}, {""clase_id"": 28, ""prob"": 0.00054}, {""clase_id"": 53, ""prob"": 0.0005}, {""clase_id"": 55, ""prob"": 0.0004}]"
101707,52,0.99527,"[{""clase_id"": 52, ""prob"": 0.99527}, {""clase_id"": 51, ""prob"": 0.00043}, {""clase_id"": 8, ""prob"": 0.0003}, {""clase_id"": 55, ""prob"": 0.00029}, {""clase_id"": 43, ""prob"": 0.00021}]"
101708,52,0.99518,"[{""clase_id"": 52, ""prob"": 0.99518}, {""clase_id"": 51, ""prob"": 0.00045}, {""clase_id"": 8, ""prob"": 0.00038}, {""clase_id"": 55, ""prob"": 0.00033}, {""clase_id"": 64, ""prob"": 0.00018}]"
101709,52,0.94652,"[{""clase_id"": 52, ""prob"": 0.94652}, {""clase_id"": 63, ""prob"": 0.00766}, {""clase_id"": 8, ""prob"": 0.00694}, {""clase_id"": 28, ""prob"": 0.0062}, {""clase_id"": 55, ""prob"": 0.00556}]"
101710,52,0.99481,"[{""clase_id"": 52, ""prob"": 0.99481}, {""clase_id"": 8, ""prob"": 0.00083}, {""clase_id"": 51, ""prob"": 0.0004}, {""clase_id"": 30, ""prob"": 0.00024}, {""clase_id"": 55, ""prob"": 0.00024}]"
101711,52,0.99108,"[{""clase_id"": 52, ""prob"": 0.99108}, {""clase_id"": 8, ""prob"": 0.00281}, {""clase_id"": 30, ""prob"": 0.00048}, {""clase_id"": 64, ""prob"": 0.00035}, {""clase_id"": 55, ""prob"": 0.00023}]"
101712,52,0.99219,"[{""clase_id"": 52, ""prob"": 0.99219}, {""clase_id"": 8, ""prob"": 0.00121}, {""clase_id"": 53, ""prob"": 0.00072}, {""clase_id"": 28, ""prob"": 0.00066}, {""clase_id"": 51, ""prob"": 0.00043}]"
101713,52,0.97931,"[{""clase_id"": 52, ""prob"": 0.97931}, {""clase_id"": 64, ""prob"": 0.00451}, {""clase_id"": 8, ""prob"": 0.00344}, {""clase_id"": 17, ""prob"": 0.0014}, {""clase_id"": 51, ""prob"": 0.00134}]"
101714,52,0.97532,"[{""clase_id"": 52, ""prob"": 0.97532}, {""clase_id"": 53, ""prob"": 0.00842}, {""clase_id"": 8, ""prob"": 0.00571}, {""clase_id"": 51, ""prob"": 0.0013}, {""clase_id"": 28, ""prob"": 0.00117}]"
101715,52,0.99338,"[{""clase_id"": 52, ""prob"": 0.99338}, {""clase_id"": 8, ""prob"": 0.00075}, {""clase_id"": 51, ""prob"": 0.00052}, {""clase_id"": 55, ""prob"": 0.00037}, {""clase_id"": 7, ""prob"": 0.00033}]"
101716,52,0.99507,"[{""clase_id"": 52, ""prob"": 0.99507}, {""clase_id"": 51, ""prob"": 0.00043}, {""clase_id"": 64, ""prob"": 0.00038}, {""clase_id"": 8, ""prob"": 0.00027}, {""clase_id"": 53, ""prob"": 0.00023}]"
101717,52,0.99476,"[{""clase_id"": 52, ""prob"": 0.99476}, {""clase_id"": 8, ""prob"": 0.00044}, {""clase_id"": 55, ""prob"": 0.00029}, {""clase_id"": 51, ""prob"": 0.00029}, {""clase_id"": 53, ""prob"": 0.00022}]"
101718,52,0.99502,"[{""clase_id"": 52, ""prob"": 0.99502}, {""clase_id"": 8, ""prob"": 0.00056}, {""clase_id"": 51, ""prob"": 0.00029}, {""clase_id"": 64, ""prob"": 0.00024}, {""clase_id"": 30, ""prob"": 0.0002}]"
101719,52,0.99344,"[{""clase_id"": 52, ""prob"": 0.99344}, {""clase_id"": 8, ""prob"": 0.00132}, {""clase_id"": 64, ""prob"": 0.00033}, {""clase_id"": 30, ""prob"": 0.00031}, {""clase_id"": 51, ""prob"": 0.00026}]"
101720,27,0.9916,"[{""clase_id"": 27, ""prob"": 0.9916}, {""clase_id"": 35, ""prob"": 0.00232}, {""clase_id"": 26, ""prob"": 0.00061}, {""clase_id"": 25, ""prob"": 0.00053}, {""clase_id"": 59, ""prob"": 0.00038}]"
101721,25,0.72878,"[{""clase_id"": 25, ""prob"": 0.72878}, {""clase_id"": 27, ""prob"": 0.12412}, {""clase_id"": 59, ""prob"": 0.09533}, {""clase_id"": 14, ""prob"": 0.00406}, {""clase_id"": 62, ""prob"": 0.00345}]"
101722,66,0.62029,"[{""clase_id"": 66, ""prob"": 0.62029}, {""clase_id"": 7, ""prob"": 0.18043}, {""clase_id"": 35, ""prob"": 0.05702}, {""clase_id"": 27, ""prob"": 0.04049}, {""clase_id"": 51, ""prob"": 0.01314}]"
101723,27,0.99272,"[{""clase_id"": 27, ""prob"": 0.99272}, {""clase_id"": 35, ""prob"": 0.0019}, {""clase_id"": 26, ""prob"": 0.00033}, {""clase_id"": 25, ""prob"": 0.00029}, {""clase_id"": 56, ""prob"": 0.00026}]"
101724,27,0.99178,"[{""clase_id"": 27, ""prob"": 0.99178}, {""clase_id"": 35, ""prob"": 0.00097}, {""clase_id"": 56, ""prob"": 0.00039}, {""clase_id"": 26, ""prob"": 0.0003}, {""clase_id"": 25, ""prob"": 0.00029}]"
101725,27,0.9935,"[{""clase_id"": 27, ""prob"": 0.9935}, {""clase_id"": 35, ""prob"": 0.00077}, {""clase_id"": 25, ""prob"": 0.00043}, {""clase_id"": 59, ""prob"": 0.00031}, {""clase_id"": 56, ""prob"": 0.00027}]"
101726,63,0.97853,"[{""clase_id"": 63, ""prob"": 0.97853}, {""clase_id"": 39, ""prob"": 0.0014}, {""clase_id"": 23, ""prob"": 0.00138}, {""clase_id"": 27, ""prob"": 0.00137}, {""clase_id"": 14, ""prob"": 0.00097}]"
101727,27,0.9929,"[{""clase_id"": 27, ""prob"": 0.9929}, {""clase_id"": 35, ""prob"": 0.00174}, {""clase_id"": 26, ""prob"": 0.00036}, {""clase_id"": 25, ""prob"": 0.00028}, {""clase_id"": 56, ""prob"": 0.00026}]"
101728,27,0.99136,"[{""clase_id"": 27, ""prob"": 0.99136}, {""clase_id"": 25, ""prob"": 0.00103}, {""clase_id"": 59, ""prob"": 0.00059}, {""clase_id"": 26, ""prob"": 0.0004}, {""clase_id"": 35, ""prob"": 0.00039}]"
101729,27,0.98597,"[{""clase_id"": 27, ""prob"": 0.98597}, {""clase_id"": 35, ""prob"": 0.00811}, {""clase_id"": 25, ""prob"": 0.00044}, {""clase_id"": 59, ""prob"": 0.00032}, {""clase_id"": 26, ""prob"": 0.00028}]"
101730,27,0.68667,"[{""clase_id"": 27, ""prob"": 0.68667}, {""clase_id"": 63, ""prob"": 0.18274}, {""clase_id"": 25, ""prob"": 0.01207}, {""clase_id"": 35, ""prob"": 0.0097}, {""clase_id"": 23, ""prob"": 0.00666}]"
101731,27,0.99303,"[{""clase_id"": 27, ""prob"": 0.99303}, {""clase_id"": 35, ""prob"": 0.00192}, {""clase_id"": 25, ""prob"": 0.00033}, {""clase_id"": 59, ""prob"": 0.00026}, {""clase_id"": 26, ""prob"": 0.00026}]"
101732,27,0.9916,"[{""clase_id"": 27, ""prob"": 0.9916}, {""clase_id"": 35, ""prob"": 0.00316}, {""clase_id"": 26, ""prob"": 0.00034}, {""clase_id"": 25, ""prob"": 0.0003}, {""clase_id"": 56, ""prob"": 0.00024}]"
101733,27,0.99172,"[{""clase_id"": 27, ""prob"": 0.99172}, {""clase_id"": 35, ""prob"": 0.00217}, {""clase_id"": 26, ""prob"": 0.00044}, {""clase_id"": 5, ""prob"": 0.00032}, {""clase_id"": 56, ""prob"": 0.00032}]"
101734,50,0.45462,"[{""clase_id"": 50, ""prob"": 0.45462}, {""clase_id"": 7, ""prob"": 0.12227}, {""clase_id"": 24, ""prob"": 0.07792}, {""clase_id"": 67, ""prob"": 0.06554}, {""clase_id"": 65, ""prob"": 0.0514}]"
101735,27,0.99333,"[{""clase_id"": 27, ""prob"": 0.99333}, {""clase_id"": 35, ""prob"": 0.00064}, {""clase_id"": 25, ""prob"": 0.00051}, {""clase_id"": 56, ""prob"": 0.0003}, {""clase_id"": 59, ""prob"": 0.00029}]"
101736,35,0.96991,"[{""clase_id"": 35, ""prob"": 0.96991}, {""clase_id"": 7, ""prob"": 0.01968}, {""clase_id"": 27, ""prob"": 0.00356}, {""clase_id"": 8, ""prob"": 0.00052}, {""clase_id"": 14, ""prob"": 0.00036}]"
101737,35,0.79853,"[{""clase_id"": 35, ""prob"": 0.79853}, {""clase_id"": 7, ""prob"": 0.13067}, {""clase_id"": 27, ""prob"": 0.01132}, {""clase_id"": 5, ""prob"": 0.00647}, {""clase_id"": 8, ""prob"": 0.00521}]"
101738,27,0.99192,"[{""clase_id"": 27, ""prob"": 0.99192}, {""clase_id"": 35, ""prob"": 0.0023}, {""clase_id"": 26, ""prob"": 0.00054}, {""clase_id"": 25, ""prob"": 0.00043}, {""clase_id"": 56, ""prob"": 0.00024}]"
101739,25,0.68679,"[{""clase_id"": 25, ""prob"": 0.68679}, {""clase_id"": 27, ""prob"": 0.27809}, {""clase_id"": 59, ""prob"": 0.00497}, {""clase_id"": 45, ""prob"": 0.00192}, {""clase_id"": 26, ""prob"": 0.0019}]"
101740,27,0.99295,"[{""clase_id"": 27, ""prob"": 0.99295}, {""clase_id"": 35, ""prob"": 0.00094}, {""clase_id"": 26, ""prob"": 0.00054}, {""clase_id"": 25, ""prob"": 0.00033}, {""clase_id"": 56, ""prob"": 0.00031}]"
101741,27,0.99209,"[{""clase_id"": 27, ""prob"": 0.99209}, {""clase_id"": 25, ""prob"": 0.0009}, {""clase_id"": 35, ""prob"": 0.00043}, {""clase_id"": 26, ""prob"": 0.00042}, {""clase_id"": 59, ""prob"": 0.00041}]"
101742,27,0.99213,"[{""clase_id"": 27, ""prob"": 0.99213}, {""clase_id"": 35, ""prob"": 0.0025}, {""clase_id"": 26, ""prob"": 0.0004}, {""clase_id"": 25, ""prob"": 0.00038}, {""clase_id"": 59, ""prob"": 0.00028}]"
101743,27,0.99226,"[{""clase_id"": 27, ""prob"": 0.99226}, {""clase_id"": 35, ""prob"": 0.00173}, {""clase_id"": 26, ""prob"": 0.00049}, {""clase_id"": 25, ""prob"": 0.00037}, {""clase_id"": 59, ""prob"": 0.0003}]"
101744,27,0.99137,"[{""clase_id"": 27, ""prob"": 0.99137}, {""clase_id"": 26, ""prob"": 0.00058}, {""clase_id"": 35, ""prob"": 0.00053}, {""clase_id"": 56, ""prob"": 0.00051}, {""clase_id"": 5, ""prob"": 0.00037}]"
101745,27,0.9926,"[{""clase_id"": 27, ""prob"": 0.9926}, {""clase_id"": 35, ""prob"": 0.00065}, {""clase_id"": 26, ""prob"": 0.00045}, {""clase_id"": 56, ""prob"": 0.00038}, {""clase_id"": 25, ""prob"": 0.00032}]"
101746,27,0.99149,"[{""clase_id"": 27, ""prob"": 0.99149}, {""clase_id"": 35, ""prob"": 0.00121}, {""clase_id"": 26, ""prob"": 0.00063}, {""clase_id"": 59, ""prob"": 0.00048}, {""clase_id"": 25, ""prob"": 0.00039}]"
101747,27,0.99321,"[{""clase_id"": 27, ""prob"": 0.99321}, {""clase_id"": 35, ""prob"": 0.00139}, {""clase_id"": 26, ""prob"": 0.00036}, {""clase_id"": 25, ""prob"": 0.00034}, {""clase_id"": 59, ""prob"": 0.00026}]"
101748,27,0.9929,"[{""clase_id"": 27, ""prob"": 0.9929}, {""clase_id"": 35, ""prob"": 0.0015}, {""clase_id"": 26, ""prob"": 0.0004}, {""clase_id"": 25, ""prob"": 0.00038}, {""clase_id"": 59, ""prob"": 0.00035}]"
101749,27,0.99289,"[{""clase_id"": 27, ""prob"": 0.99289}, {""clase_id"": 35, ""prob"": 0.00154}, {""clase_id"": 25, ""prob"": 0.00046}, {""clase_id"": 26, ""prob"": 0.00042}, {""clase_id"": 59, ""prob"": 0.00036}]"
101750,27,0.99299,"[{""clase_id"": 27, ""prob"": 0.99299}, {""clase_id"": 35, ""prob"": 0.0006}, {""clase_id"": 59, ""prob"": 0.00042}, {""clase_id"": 25, ""prob"": 0.00039}, {""clase_id"": 26, ""prob"": 0.00033}]"
101751,58,0.39934,"[{""clase_id"": 58, ""prob"": 0.39934}, {""clase_id"": 27, ""prob"": 0.27084}, {""clase_id"": 26, ""prob"": 0.0954}, {""clase_id"": 6, ""prob"": 0.01328}, {""clase_id"": 71, ""prob"": 0.0113}]"
101752,35,0.97695,"[{""clase_id"": 35, ""prob"": 0.97695}, {""clase_id"": 7, ""prob"": 0.00854}, {""clase_id"": 27, ""prob"": 0.00418}, {""clase_id"": 14, ""prob"": 0.00079}, {""clase_id"": 65, ""prob"": 0.00076}]"
101753,27,0.99298,"[{""clase_id"": 27, ""prob"": 0.99298}, {""clase_id"": 35, ""prob"": 0.00066}, {""clase_id"": 59, ""prob"": 0.00056}, {""clase_id"": 25, ""prob"": 0.00055}, {""clase_id"": 26, ""prob"": 0.00034}]"
101754,27,0.99103,"[{""clase_id"": 27, ""prob"": 0.99103}, {""clase_id"": 35, ""prob"": 0.00252}, {""clase_id"": 59, ""prob"": 0.00066}, {""clase_id"": 25, ""prob"": 0.00056}, {""clase_id"": 26, ""prob"": 0.00026}]"
101755,27,0.99216,"[{""clase_id"": 27, ""prob"": 0.99216}, {""clase_id"": 35, ""prob"": 0.00152}, {""clase_id"": 25, ""prob"": 0.00088}, {""clase_id"": 26, ""prob"": 0.00043}, {""clase_id"": 59, ""prob"": 0.00041}]"
101756,25,0.89025,"[{""clase_id"": 25, ""prob"": 0.89025}, {""clase_id"": 14, ""prob"": 0.07552}, {""clase_id"": 27, ""prob"": 0.00691}, {""clase_id"": 59, ""prob"": 0.00504}, {""clase_id"": 26, ""prob"": 0.00162}]"
101757,27,0.99079,"[{""clase_id"": 27, ""prob"": 0.99079}, {""clase_id"": 56, ""prob"": 0.00065}, {""clase_id"": 35, ""prob"": 0.00059}, {""clase_id"": 25, ""prob"": 0.00051}, {""clase_id"": 26, ""prob"": 0.00046}]"
101758,27,0.96572,"[{""clase_id"": 27, ""prob"": 0.96572}, {""clase_id"": 35, ""prob"": 0.01107}, {""clase_id"": 59, ""prob"": 0.00609}, {""clase_id"": 25, ""prob"": 0.00403}, {""clase_id"": 26, ""prob"": 0.00108}]"
101759,27,0.993,"[{""clase_id"": 27, ""prob"": 0.993}, {""clase_id"": 35, ""prob"": 0.00078}, {""clase_id"": 26, ""prob"": 0.00048}, {""clase_id"": 25, ""prob"": 0.00043}, {""clase_id"": 59, ""prob"": 0.0003}]"
101760,51,0.99529,"[{""clase_id"": 51, ""prob"": 0.99529}, {""clase_id"": 52, ""prob"": 0.00036}, {""clase_id"": 16, ""prob"": 0.00018}, {""clase_id"": 66, ""prob"": 0.00018}, {""clase_id"": 75, ""prob"": 0.00017}]"
101761,51,0.99526,"[{""clase_id"": 51, ""prob"": 0.99526}, {""clase_id"": 52, ""prob"": 0.00049}, {""clase_id"": 16, ""prob"": 0.00018}, {""clase_id"": 75, ""prob"": 0.00017}, {""clase_id"": 7, ""prob"": 0.00014}]"
101762,51,0.97746,"[{""clase_id"": 51, ""prob"": 0.97746}, {""clase_id"": 52, ""prob"": 0.01665}, {""clase_id"": 75, ""prob"": 0.00031}, {""clase_id"": 7, ""prob"": 0.00028}, {""clase_id"": 66, ""prob"": 0.00022}]"
101763,51,0.95226,"[{""clase_id"": 51, ""prob"": 0.95226}, {""clase_id"": 52, ""prob"": 0.02534}, {""clase_id"": 53, ""prob"": 0.01014}, {""clase_id"": 66, ""prob"": 0.00084}, {""clase_id"": 75, ""prob"": 0.00058}]"
101764,51,0.99467,"[{""clase_id"": 51, ""prob"": 0.99467}, {""clase_id"": 52, ""prob"": 0.00059}, {""clase_id"": 16, ""prob"": 0.00024}, {""clase_id"": 75, ""prob"": 0.00021}, {""clase_id"": 28, ""prob"": 0.00018}]"
101765,51,0.99533,"[{""clase_id"": 51, ""prob"": 0.99533}, {""clase_id"": 52, ""prob"": 0.00067}, {""clase_id"": 53, ""prob"": 0.00023}, {""clase_id"": 75, ""prob"": 0.0002}, {""clase_id"": 66, ""prob"": 0.00016}]"
101766,51,0.99552,"[{""clase_id"": 51, ""prob"": 0.99552}, {""clase_id"": 52, ""prob"": 0.00098}, {""clase_id"": 75, ""prob"": 0.00017}, {""clase_id"": 47, ""prob"": 0.00013}, {""clase_id"": 16, ""prob"": 0.00012}]"
101767,51,0.88235,"[{""clase_id"": 51, ""prob"": 0.88235}, {""clase_id"": 52, ""prob"": 0.10671}, {""clase_id"": 53, ""prob"": 0.00059}, {""clase_id"": 28, ""prob"": 0.00045}, {""clase_id"": 66, ""prob"": 0.00041}]"
101768,51,0.99362,"[{""clase_id"": 51, ""prob"": 0.99362}, {""clase_id"": 66, ""prob"": 0.0003}, {""clase_id"": 75, ""prob"": 0.00029}, {""clase_id"": 52, ""prob"": 0.00026}, {""clase_id"": 53, ""prob"": 0.00023}]"
101769,51,0.9949,"[{""clase_id"": 51, ""prob"": 0.9949}, {""clase_id"": 52, ""prob"": 0.00031}, {""clase_id"": 16, ""prob"": 0.00021}, {""clase_id"": 75, ""prob"": 0.00017}, {""clase_id"": 66, ""prob"": 0.00016}]"
101770,51,0.99564,"[{""clase_id"": 51, ""prob"": 0.99564}, {""clase_id"": 52, ""prob"": 0.00074}, {""clase_id"": 75, ""prob"": 0.00019}, {""clase_id"": 66, ""prob"": 0.00014}, {""clase_id"": 53, ""prob"": 0.00012}]"
101771,51,0.99489,"[{""clase_id"": 51, ""prob"": 0.99489}, {""clase_id"": 52, ""prob"": 0.00042}, {""clase_id"": 75, ""prob"": 0.00021}, {""clase_id"": 16, ""prob"": 0.00021}, {""clase_id"": 66, ""prob"": 0.00017}]"
101772,51,0.99544,"[{""clase_id"": 51, ""prob"": 0.99544}, {""clase_id"": 52, ""prob"": 0.00049}, {""clase_id"": 66, ""prob"": 0.00022}, {""clase_id"": 75, ""prob"": 0.0002}, {""clase_id"": 46, ""prob"": 0.00018}]"
101773,51,0.98966,"[{""clase_id"": 51, ""prob"": 0.98966}, {""clase_id"": 52, ""prob"": 0.00497}, {""clase_id"": 75, ""prob"": 0.00047}, {""clase_id"": 7, ""prob"": 0.00022}, {""clase_id"": 66, ""prob"": 0.00018}]"
101774,51,0.99434,"[{""clase_id"": 51, ""prob"": 0.99434}, {""clase_id"": 52, ""prob"": 0.00165}, {""clase_id"": 7, ""prob"": 0.00023}, {""clase_id"": 53, ""prob"": 0.0002}, {""clase_id"": 28, ""prob"": 0.00016}]"
101775,51,0.56616,"[{""clase_id"": 51, ""prob"": 0.56616}, {""clase_id"": 53, ""prob"": 0.25359}, {""clase_id"": 52, ""prob"": 0.13307}, {""clase_id"": 28, ""prob"": 0.00519}, {""clase_id"": 66, ""prob"": 0.00291}]"
101776,51,0.99564,"[{""clase_id"": 51, ""prob"": 0.99564}, {""clase_id"": 52, ""prob"": 0.00046}, {""clase_id"": 75, ""prob"": 0.00016}, {""clase_id"": 66, ""prob"": 0.00016}, {""clase_id"": 7, ""prob"": 0.00014}]"
101777,51,0.99558,"[{""clase_id"": 51, ""prob"": 0.99558}, {""clase_id"": 52, ""prob"": 0.00063}, {""clase_id"": 16, ""prob"": 0.00019}, {""clase_id"": 75, ""prob"": 0.00014}, {""clase_id"": 7, ""prob"": 0.00013}]"
101778,51,0.99511,"[{""clase_id"": 51, ""prob"": 0.99511}, {""clase_id"": 52, ""prob"": 0.00056}, {""clase_id"": 75, ""prob"": 0.00019}, {""clase_id"": 16, ""prob"": 0.00016}, {""clase_id"": 69, ""prob"": 0.00014}]"
101779,51,0.99413,"[{""clase_id"": 51, ""prob"": 0.99413}, {""clase_id"": 52, ""prob"": 0.00156}, {""clase_id"": 66, ""prob"": 0.00024}, {""clase_id"": 75, ""prob"": 0.00019}, {""clase_id"": 53, ""prob"": 0.00019}]"
101780,51,0.99493,"[{""clase_id"": 51, ""prob"": 0.99493}, {""clase_id"": 52, ""prob"": 0.00028}, {""clase_id"": 66, ""prob"": 0.00025}, {""clase_id"": 75, ""prob"": 0.0002}, {""clase_id"": 53, ""prob"": 0.00018}]"
101781,51,0.99509,"[{""clase_id"": 51, ""prob"": 0.99509}, {""clase_id"": 52, ""prob"": 0.00033}, {""clase_id"": 75, ""prob"": 0.0002}, {""clase_id"": 66, ""prob"": 0.00019}, {""clase_id"": 16, ""prob"": 0.00017}]"
101782,51,0.99584,"[{""clase_id"": 51, ""prob"": 0.99584}, {""clase_id"": 52, ""prob"": 0.00049}, {""clase_id"": 7, ""prob"": 0.00017}, {""clase_id"": 66, ""prob"": 0.00015}, {""clase_id"": 16, ""prob"": 0.00013}]"
101783,51,0.99562,"[{""clase_id"": 51, ""prob"": 0.99562}, {""clase_id"": 52, ""prob"": 0.00043}, {""clase_id"": 66, ""prob"": 0.00018}, {""clase_id"": 7, ""prob"": 0.00017}, {""clase_id"": 16, ""prob"": 0.00016}]"
101784,51,0.99402,"[{""clase_id"": 51, ""prob"": 0.99402}, {""clase_id"": 52, ""prob"": 0.00106}, {""clase_id"": 66, ""prob"": 0.00064}, {""clase_id"": 7, ""prob"": 0.0002}, {""clase_id"": 75, ""prob"": 0.00017}]"
101785,51,0.99545,"[{""clase_id"": 51, ""prob"": 0.99545}, {""clase_id"": 52, ""prob"": 0.00038}, {""clase_id"": 16, ""prob"": 0.00021}, {""clase_id"": 75, ""prob"": 0.0002}, {""clase_id"": 53, ""prob"": 0.00013}]"
101786,51,0.99227,"[{""clase_id"": 51, ""prob"": 0.99227}, {""clase_id"": 52, ""prob"": 0.00386}, {""clase_id"": 7, ""prob"": 0.00019}, {""clase_id"": 47, ""prob"": 0.00013}, {""clase_id"": 75, ""prob"": 0.00013}]"
101787,51,0.9949,"[{""clase_id"": 51, ""prob"": 0.9949}, {""clase_id"": 52, ""prob"": 0.00031}, {""clase_id"": 16, ""prob"": 0.00024}, {""clase_id"": 75, ""prob"": 0.0002}, {""clase_id"": 66, ""prob"": 0.0002}]"
101788,51,0.99564,"[{""clase_id"": 51, ""prob"": 0.99564}, {""clase_id"": 52, ""prob"": 0.00045}, {""clase_id"": 75, ""prob"": 0.00021}, {""clase_id"": 16, ""prob"": 0.00018}, {""clase_id"": 66, ""prob"": 0.00014}]"
101789,51,0.99493,"[{""clase_id"": 51, ""prob"": 0.99493}, {""clase_id"": 52, ""prob"": 0.00037}, {""clase_id"": 16, ""prob"": 0.00021}, {""clase_id"": 75, ""prob"": 0.00018}, {""clase_id"": 66, ""prob"": 0.00017}]"
101790,51,0.99443,"[{""clase_id"": 51, ""prob"": 0.99443}, {""clase_id"": 52, ""prob"": 0.00112}, {""clase_id"": 28, ""prob"": 0.00032}, {""clase_id"": 53, ""prob"": 0.00028}, {""clase_id"": 66, ""prob"": 0.00025}]"
101791,51,0.9952,"[{""clase_id"": 51, ""prob"": 0.9952}, {""clase_id"": 52, ""prob"": 0.00056}, {""clase_id"": 66, ""prob"": 0.00024}, {""clase_id"": 69, ""prob"": 0.00016}, {""clase_id"": 58, ""prob"": 0.00016}]"
101792,53,0.72726,"[{""clase_id"": 53, ""prob"": 0.72726}, {""clase_id"": 51, ""prob"": 0.19683}, {""clase_id"": 52, ""prob"": 0.02817}, {""clase_id"": 28, ""prob"": 0.00589}, {""clase_id"": 25, ""prob"": 0.00382}]"
101793,51,0.99519,"[{""clase_id"": 51, ""prob"": 0.99519}, {""clase_id"": 52, ""prob"": 0.00057}, {""clase_id"": 7, ""prob"": 0.00018}, {""clase_id"": 66, ""prob"": 0.00016}, {""clase_id"": 75, ""prob"": 0.00015}]"
101794,51,0.88131,"[{""clase_id"": 51, ""prob"": 0.88131}, {""clase_id"": 52, ""prob"": 0.09217}, {""clase_id"": 53, ""prob"": 0.00534}, {""clase_id"": 28, ""prob"": 0.00232}, {""clase_id"": 3, ""prob"": 0.00082}]"
101795,51,0.99331,"[{""clase_id"": 51, ""prob"": 0.99331}, {""clase_id"": 52, ""prob"": 0.00137}, {""clase_id"": 28, ""prob"": 0.00031}, {""clase_id"": 7, ""prob"": 0.00025}, {""clase_id"": 16, ""prob"": 0.00022}]"
101796,51,0.93415,"[{""clase_id"": 51, ""prob"": 0.93415}, {""clase_id"": 53, ""prob"": 0.02419}, {""clase_id"": 52, ""prob"": 0.00961}, {""clase_id"": 28, ""prob"": 0.0046}, {""clase_id"": 75, ""prob"": 0.00357}]"
101797,51,0.99537,"[{""clase_id"": 51, ""prob"": 0.99537}, {""clase_id"": 52, ""prob"": 0.00085}, {""clase_id"": 75, ""prob"": 0.00018}, {""clase_id"": 53, ""prob"": 0.00015}, {""clase_id"": 7, ""prob"": 0.00013}]"
101798,51,0.99295,"[{""clase_id"": 51, ""prob"": 0.99295}, {""clase_id"": 52, ""prob"": 0.00328}, {""clase_id"": 66, ""prob"": 0.00017}, {""clase_id"": 75, ""prob"": 0.00015}, {""clase_id"": 7, ""prob"": 0.00014}]"
101799,51,0.99505,"[{""clase_id"": 51, ""prob"": 0.99505}, {""clase_id"": 52, ""prob"": 0.00034}, {""clase_id"": 75, ""prob"": 0.00025}, {""clase_id"": 16, ""prob"": 0.00024}, {""clase_id"": 28, ""prob"": 0.00019}]"
101800,25,0.91778,"[{""clase_id"": 25, ""prob"": 0.91778}, {""clase_id"": 59, ""prob"": 0.04229}, {""clase_id"": 27, ""prob"": 0.00698}, {""clase_id"": 14, ""prob"": 0.00407}, {""clase_id"": 62, ""prob"": 0.00389}]"
101801,25,0.73235,"[{""clase_id"": 25, ""prob"": 0.73235}, {""clase_id"": 14, ""prob"": 0.17912}, {""clase_id"": 13, ""prob"": 0.00867}, {""clase_id"": 22, ""prob"": 0.0053}, {""clase_id"": 23, ""prob"": 0.0051}]"
101802,25,0.99147,"[{""clase_id"": 25, ""prob"": 0.99147}, {""clase_id"": 53, ""prob"": 0.0018}, {""clase_id"": 27, ""prob"": 0.00077}, {""clase_id"": 26, ""prob"": 0.00055}, {""clase_id"": 59, ""prob"": 0.0005}]"
101803,25,0.67409,"[{""clase_id"": 25, ""prob"": 0.67409}, {""clase_id"": 27, ""prob"": 0.28341}, {""clase_id"": 59, ""prob"": 0.01335}, {""clase_id"": 35, ""prob"": 0.00265}, {""clase_id"": 14, ""prob"": 0.00196}]"
101804,25,0.98553,"[{""clase_id"": 25, ""prob"": 0.98553}, {""clase_id"": 53, ""prob"": 0.00501}, {""clase_id"": 27, ""prob"": 0.00189}, {""clase_id"": 14, ""prob"": 0.00078}, {""clase_id"": 26, ""prob"": 0.0006}]"
101805,25,0.98583,"[{""clase_id"": 25, ""prob"": 0.98583}, {""clase_id"": 26, ""prob"": 0.00278}, {""clase_id"": 27, ""prob"": 0.00193}, {""clase_id"": 53, ""prob"": 0.00171}, {""clase_id"": 14, ""prob"": 0.00094}]"
101806,25,0.98789,"[{""clase_id"": 25, ""prob"": 0.98789}, {""clase_id"": 53, ""prob"": 0.00397}, {""clase_id"": 27, ""prob"": 0.00111}, {""clase_id"": 26, ""prob"": 0.00078}, {""clase_id"": 45, ""prob"": 0.00059}]"
101807,25,0.98798,"[{""clase_id"": 25, ""prob"": 0.98798}, {""clase_id"": 26, ""prob"": 0.00273}, {""clase_id"": 27, ""prob"": 0.00115}, {""clase_id"": 53, ""prob"": 0.00104}, {""clase_id"": 14, ""prob"": 0.00095}]"
101808,25,0.99032,"[{""clase_id"": 25, ""prob"": 0.99032}, {""clase_id"": 27, ""prob"": 0.00111}, {""clase_id"": 59, ""prob"": 0.00101}, {""clase_id"": 26, ""prob"": 0.00098}, {""clase_id"": 14, ""prob"": 0.00085}]"
101809,25,0.99153,"[{""clase_id"": 25, ""prob"": 0.99153}, {""clase_id"": 27, ""prob"": 0.00098}, {""clase_id"": 53, ""prob"": 0.00095}, {""clase_id"": 45, ""prob"": 0.00084}, {""clase_id"": 59, ""prob"": 0.00061}]"
101810,25,0.98906,"[{""clase_id"": 25, ""prob"": 0.98906}, {""clase_id"": 14, ""prob"": 0.00172}, {""clase_id"": 53, ""prob"": 0.00129}, {""clase_id"": 27, ""prob"": 0.00125}, {""clase_id"": 26, ""prob"": 0.00122}]"
101811,25,0.97966,"[{""clase_id"": 25, ""prob"": 0.97966}, {""clase_id"": 27, ""prob"": 0.00704}, {""clase_id"": 59, ""prob"": 0.00282}, {""clase_id"": 14, ""prob"": 0.00203}, {""clase_id"": 26, ""prob"": 0.0009}]"
101812,25,0.96899,"[{""clase_id"": 25, ""prob"": 0.96899}, {""clase_id"": 27, ""prob"": 0.01155}, {""clase_id"": 26, ""prob"": 0.00283}, {""clase_id"": 14, ""prob"": 0.00221}, {""clase_id"": 59, ""prob"": 0.00155}]"
101813,25,0.98213,"[{""clase_id"": 25, ""prob"": 0.98213}, {""clase_id"": 45, ""prob"": 0.00262}, {""clase_id"": 59, ""prob"": 0.00238}, {""clase_id"": 14, ""prob"": 0.00188}, {""clase_id"": 53, ""prob"": 0.00165}]"
101814,25,0.97797,"[{""clase_id"": 25, ""prob"": 0.97797}, {""clase_id"": 53, ""prob"": 0.0103}, {""clase_id"": 14, ""prob"": 0.00193}, {""clase_id"": 45, ""prob"": 0.00103}, {""clase_id"": 16, ""prob"": 0.00091}]"
101815,25,0.76638,"[{""clase_id"": 25, ""prob"": 0.76638}, {""clase_id"": 45, ""prob"": 0.18628}, {""clase_id"": 53, ""prob"": 0.01876}, {""clase_id"": 54, ""prob"": 0.00209}, {""clase_id"": 16, ""prob"": 0.00161}]"
101816,25,0.99169,"[{""clase_id"": 25, ""prob"": 0.99169}, {""clase_id"": 53, ""prob"": 0.00116}, {""clase_id"": 27, ""prob"": 0.00085}, {""clase_id"": 59, ""prob"": 0.00063}, {""clase_id"": 26, ""prob"": 0.00057}]"
101817,25,0.99225,"[{""clase_id"": 25, ""prob"": 0.99225}, {""clase_id"": 53, ""prob"": 0.00115}, {""clase_id"": 14, ""prob"": 0.00088}, {""clase_id"": 27, ""prob"": 0.00058}, {""clase_id"": 59, ""prob"": 0.00055}]"
101818,25,0.98674,"[{""clase_id"": 25, ""prob"": 0.98673}, {""clase_id"": 27, ""prob"": 0.00339}, {""clase_id"": 26, ""prob"": 0.00127}, {""clase_id"": 53, ""prob"": 0.0012}, {""clase_id"": 59, ""prob"": 0.0008}]"
101819,25,0.98871,"[{""clase_id"": 25, ""prob"": 0.98871}, {""clase_id"": 27, ""prob"": 0.00224}, {""clase_id"": 53, ""prob"": 0.0017}, {""clase_id"": 45, ""prob"": 0.00081}, {""clase_id"": 26, ""prob"": 0.00056}]"
101820,25,0.99147,"[{""clase_id"": 25, ""prob"": 0.99147}, {""clase_id"": 53, ""prob"": 0.00105}, {""clase_id"": 27, ""prob"": 0.00101}, {""clase_id"": 14, ""prob"": 0.00099}, {""clase_id"": 59, ""prob"": 0.00054}]"
101821,25,0.98886,"[{""clase_id"": 25, ""prob"": 0.98886}, {""clase_id"": 53, ""prob"": 0.00373}, {""clase_id"": 14, ""prob"": 0.00076}, {""clase_id"": 45, ""prob"": 0.0006}, {""clase_id"": 59, ""prob"": 0.00049}]"
101822,26,0.74449,"[{""clase_id"": 26, ""prob"": 0.74449}, {""clase_id"": 25, ""prob"": 0.17076}, {""clase_id"": 27, ""prob"": 0.02335}, {""clase_id"": 53, ""prob"": 0.00537}, {""clase_id"": 73, ""prob"": 0.00524}]"
101823,25,0.98654,"[{""clase_id"": 25, ""prob"": 0.98654}, {""clase_id"": 53, ""prob"": 0.00367}, {""clase_id"": 14, ""prob"": 0.00188}, {""clase_id"": 59, ""prob"": 0.00067}, {""clase_id"": 26, ""prob"": 0.00054}]"
101824,25,0.9919,"[{""clase_id"": 25, ""prob"": 0.9919}, {""clase_id"": 53, ""prob"": 0.00134}, {""clase_id"": 14, ""prob"": 0.001}, {""clase_id"": 59, ""prob"": 0.00057}, {""clase_id"": 27, ""prob"": 0.00051}]"
101825,25,0.99156,"[{""clase_id"": 25, ""prob"": 0.99156}, {""clase_id"": 53, ""prob"": 0.00141}, {""clase_id"": 14, ""prob"": 0.00111}, {""clase_id"": 27, ""prob"": 0.00053}, {""clase_id"": 45, ""prob"": 0.00047}]"
101826,25,0.98788,"[{""clase_id"": 25, ""prob"": 0.98788}, {""clase_id"": 14, ""prob"": 0.00244}, {""clase_id"": 53, ""prob"": 0.00186}, {""clase_id"": 27, ""prob"": 0.00103}, {""clase_id"": 59, ""prob"": 0.00089}]"
101827,25,0.9736,"[{""clase_id"": 25, ""prob"": 0.9736}, {""clase_id"": 26, ""prob"": 0.01076}, {""clase_id"": 14, ""prob"": 0.004}, {""clase_id"": 27, ""prob"": 0.00237}, {""clase_id"": 53, ""prob"": 0.00073}]"
101828,25,0.98934,"[{""clase_id"": 25, ""prob"": 0.98934}, {""clase_id"": 27, ""prob"": 0.00164}, {""clase_id"": 14, ""prob"": 0.00133}, {""clase_id"": 53, ""prob"": 0.00106}, {""clase_id"": 59, ""prob"": 0.00105}]"
101829,25,0.99257,"[{""clase_id"": 25, ""prob"": 0.99257}, {""clase_id"": 53, ""prob"": 0.00096}, {""clase_id"": 14, ""prob"": 0.00079}, {""clase_id"": 27, ""prob"": 0.00073}, {""clase_id"": 59, ""prob"": 0.00044}]"
101830,25,0.98539,"[{""clase_id"": 25, ""prob"": 0.98539}, {""clase_id"": 27, ""prob"": 0.00317}, {""clase_id"": 53, ""prob"": 0.00223}, {""clase_id"": 26, ""prob"": 0.0022}, {""clase_id"": 45, ""prob"": 0.00068}]"
101831,25,0.98832,"[{""clase_id"": 25, ""prob"": 0.98832}, {""clase_id"": 53, ""prob"": 0.00443}, {""clase_id"": 45, ""prob"": 0.00051}, {""clase_id"": 26, ""prob"": 0.00046}, {""clase_id"": 27, ""prob"": 0.00045}]"
101832,25,0.99116,"[{""clase_id"": 25, ""prob"": 0.99116}, {""clase_id"": 53, ""prob"": 0.00219}, {""clase_id"": 27, ""prob"": 0.00069}, {""clase_id"": 45, ""prob"": 0.00058}, {""clase_id"": 14, ""prob"": 0.0005}]"
101833,25,0.98837,"[{""clase_id"": 25, ""prob"": 0.98837}, {""clase_id"": 27, ""prob"": 0.00177}, {""clase_id"": 59, ""prob"": 0.00128}, {""clase_id"": 53, ""prob"": 0.00109}, {""clase_id"": 14, ""prob"": 0.00087}]"
101834,25,0.86284,"[{""clase_id"": 25, ""prob"": 0.86284}, {""clase_id"": 45, ""prob"": 0.09693}, {""clase_id"": 53, ""prob"": 0.00789}, {""clase_id"": 59, ""prob"": 0.00399}, {""clase_id"": 27, ""prob"": 0.00243}]"
101835,25,0.98971,"[{""clase_id"": 25, ""prob"": 0.98971}, {""clase_id"": 14, ""prob"": 0.0017}, {""clase_id"": 53, ""prob"": 0.00154}, {""clase_id"": 26, ""prob"": 0.00084}, {""clase_id"": 27, ""prob"": 0.00084}]"
101836,25,0.96428,"[{""clase_id"": 25, ""prob"": 0.96428}, {""clase_id"": 53, ""prob"": 0.02314}, {""clase_id"": 27, ""prob"": 0.00132}, {""clase_id"": 26, ""prob"": 0.00117}, {""clase_id"": 54, ""prob"": 0.00067}]"
101837,25,0.98639,"[{""clase_id"": 25, ""prob"": 0.98639}, {""clase_id"": 14, ""prob"": 0.00294}, {""clase_id"": 26, ""prob"": 0.00187}, {""clase_id"": 27, ""prob"": 0.00178}, {""clase_id"": 59, ""prob"": 0.00072}]"
101838,53,0.59359,"[{""clase_id"": 53, ""prob"": 0.59359}, {""clase_id"": 25, ""prob"": 0.32818}, {""clase_id"": 16, ""prob"": 0.02952}, {""clase_id"": 45, ""prob"": 0.00606}, {""clase_id"": 15, ""prob"": 0.00407}]"
101839,25,0.99163,"[{""clase_id"": 25, ""prob"": 0.99163}, {""clase_id"": 53, ""prob"": 0.0013}, {""clase_id"": 27, ""prob"": 0.00112}, {""clase_id"": 45, ""prob"": 0.00055}, {""clase_id"": 14, ""prob"": 0.00054}]"
101840,48,0.9879,"[{""clase_id"": 48, ""prob"": 0.9879}, {""clase_id"": 5, ""prob"": 0.00261}, {""clase_id"": 67, ""prob"": 0.00193}, {""clase_id"": 66, ""prob"": 0.00092}, {""clase_id"": 35, ""prob"": 0.00063}]"
101841,48,0.79646,"[{""clase_id"": 48, ""prob"": 0.79646}, {""clase_id"": 5, ""prob"": 0.14039}, {""clase_id"": 66, ""prob"": 0.02891}, {""clase_id"": 67, ""prob"": 0.01902}, {""clase_id"": 56, ""prob"": 0.00149}]"
101842,66,0.59632,"[{""clase_id"": 66, ""prob"": 0.59632}, {""clase_id"": 5, ""prob"": 0.37857}, {""clase_id"": 67, ""prob"": 0.00653}, {""clase_id"": 48, ""prob"": 0.0054}, {""clase_id"": 6, ""prob"": 0.00195}]"
101843,48,0.98828,"[{""clase_id"": 48, ""prob"": 0.98828}, {""clase_id"": 67, ""prob"": 0.00202}, {""clase_id"": 5, ""prob"": 0.00166}, {""clase_id"": 35, ""prob"": 0.00055}, {""clase_id"": 56, ""prob"": 0.00047}]"
101844,48,0.98975,"[{""clase_id"": 48, ""prob"": 0.98975}, {""clase_id"": 45, ""prob"": 0.00117}, {""clase_id"": 5, ""prob"": 0.00067}, {""clase_id"": 35, ""prob"": 0.00055}, {""clase_id"": 67, ""prob"": 0.00047}]"
101845,5,0.48999,"[{""clase_id"": 5, ""prob"": 0.48999}, {""clase_id"": 48, ""prob"": 0.44991}, {""clase_id"": 66, ""prob"": 0.02069}, {""clase_id"": 67, ""prob"": 0.00551}, {""clase_id"": 56, ""prob"": 0.00543}]"
101846,48,0.98798,"[{""clase_id"": 48, ""prob"": 0.98798}, {""clase_id"": 5, ""prob"": 0.00337}, {""clase_id"": 67, ""prob"": 0.00119}, {""clase_id"": 66, ""prob"": 0.00072}, {""clase_id"": 35, ""prob"": 0.00063}]"
101847,48,0.96827,"[{""clase_id"": 48, ""prob"": 0.96827}, {""clase_id"": 5, ""prob"": 0.01568}, {""clase_id"": 67, ""prob"": 0.00529}, {""clase_id"": 66, ""prob"": 0.00254}, {""clase_id"": 56, ""prob"": 0.0009}]"
101848,48,0.9834,"[{""clase_id"": 48, ""prob"": 0.9834}, {""clase_id"": 5, ""prob"": 0.0065}, {""clase_id"": 35, ""prob"": 0.00087}, {""clase_id"": 66, ""prob"": 0.00086}, {""clase_id"": 67, ""prob"": 0.00086}]"
101849,48,0.98602,"[{""clase_id"": 48, ""prob"": 0.98602}, {""clase_id"": 5, ""prob"": 0.00347}, {""clase_id"": 66, ""prob"": 0.00243}, {""clase_id"": 67, ""prob"": 0.00128}, {""clase_id"": 35, ""prob"": 0.00065}]"
101850,48,0.97971,"[{""clase_id"": 48, ""prob"": 0.97971}, {""clase_id"": 67, ""prob"": 0.00705}, {""clase_id"": 5, ""prob"": 0.00246}, {""clase_id"": 66, ""prob"": 0.00223}, {""clase_id"": 56, ""prob"": 0.001}]"
101851,67,0.98575,"[{""clase_id"": 67, ""prob"": 0.98575}, {""clase_id"": 48, ""prob"": 0.00426}, {""clase_id"": 5, ""prob"": 0.00151}, {""clase_id"": 12, ""prob"": 0.00085}, {""clase_id"": 45, ""prob"": 0.00036}]"
101852,48,0.97424,"[{""clase_id"": 48, ""prob"": 0.97424}, {""clase_id"": 5, ""prob"": 0.01175}, {""clase_id"": 67, ""prob"": 0.00195}, {""clase_id"": 56, ""prob"": 0.00148}, {""clase_id"": 35, ""prob"": 0.00111}]"
101853,48,0.98586,"[{""clase_id"": 48, ""prob"": 0.98586}, {""clase_id"": 67, ""prob"": 0.00329}, {""clase_id"": 5, ""prob"": 0.00185}, {""clase_id"": 66, ""prob"": 0.00086}, {""clase_id"": 35, ""prob"": 0.00079}]"
101854,48,0.98639,"[{""clase_id"": 48, ""prob"": 0.98639}, {""clase_id"": 5, ""prob"": 0.00401}, {""clase_id"": 67, ""prob"": 0.00244}, {""clase_id"": 66, ""prob"": 0.00082}, {""clase_id"": 45, ""prob"": 0.00047}]"
101855,5,0.77251,"[{""clase_id"": 5, ""prob"": 0.77251}, {""clase_id"": 66, ""prob"": 0.1913}, {""clase_id"": 48, ""prob"": 0.01563}, {""clase_id"": 6, ""prob"": 0.00382}, {""clase_id"": 67, ""prob"": 0.00203}]"
101856,48,0.96217,"[{""clase_id"": 48, ""prob"": 0.96217}, {""clase_id"": 5, ""prob"": 0.01946}, {""clase_id"": 67, ""prob"": 0.00534}, {""clase_id"": 66, ""prob"": 0.002}, {""clase_id"": 35, ""prob"": 0.00172}]"
101857,67,0.50445,"[{""clase_id"": 67, ""prob"": 0.50445}, {""clase_id"": 5, ""prob"": 0.241}, {""clase_id"": 48, ""prob"": 0.2089}, {""clase_id"": 66, ""prob"": 0.02203}, {""clase_id"": 56, ""prob"": 0.00361}]"
101858,5,0.4555,"[{""clase_id"": 5, ""prob"": 0.4555}, {""clase_id"": 48, ""prob"": 0.37811}, {""clase_id"": 66, ""prob"": 0.10863}, {""clase_id"": 35, ""prob"": 0.01508}, {""clase_id"": 67, ""prob"": 0.01246}]"
101859,66,0.86882,"[{""clase_id"": 66, ""prob"": 0.86882}, {""clase_id"": 5, ""prob"": 0.05722}, {""clase_id"": 48, ""prob"": 0.04444}, {""clase_id"": 67, ""prob"": 0.01167}, {""clase_id"": 27, ""prob"": 0.00277}]"
101860,48,0.98646,"[{""clase_id"": 48, ""prob"": 0.98646}, {""clase_id"": 5, ""prob"": 0.00464}, {""clase_id"": 67, ""prob"": 0.0012}, {""clase_id"": 56, ""prob"": 0.00062}, {""clase_id"": 66, ""prob"": 0.00053}]"
101861,48,0.9893,"[{""clase_id"": 48, ""prob"": 0.9893}, {""clase_id"": 5, ""prob"": 0.00169}, {""clase_id"": 66, ""prob"": 0.00111}, {""clase_id"": 67, ""prob"": 0.00089}, {""clase_id"": 45, ""prob"": 0.00066}]"
101862,66,0.47399,"[{""clase_id"": 66, ""prob"": 0.47399}, {""clase_id"": 5, ""prob"": 0.37614}, {""clase_id"": 48, ""prob"": 0.07298}, {""clase_id"": 67, ""prob"": 0.02247}, {""clase_id"": 27, ""prob"": 0.01732}]"
101863,48,0.99034,"[{""clase_id"": 48, ""prob"": 0.99034}, {""clase_id"": 5, ""prob"": 0.00189}, {""clase_id"": 67, ""prob"": 0.00114}, {""clase_id"": 66, ""prob"": 0.00066}, {""clase_id"": 35, ""prob"": 0.00047}]"
101864,66,0.83588,"[{""clase_id"": 66, ""prob"": 0.83588}, {""clase_id"": 5, ""prob"": 0.07732}, {""clase_id"": 48, ""prob"": 0.03745}, {""clase_id"": 67, ""prob"": 0.0362}, {""clase_id"": 56, ""prob"": 0.00102}]"
101865,48,0.97626,"[{""clase_id"": 48, ""prob"": 0.97626}, {""clase_id"": 5, ""prob"": 0.00838}, {""clase_id"": 67, ""prob"": 0.00336}, {""clase_id"": 56, ""prob"": 0.00144}, {""clase_id"": 66, ""prob"": 0.0013}]"
101866,45,0.99467,"[{""clase_id"": 45, ""prob"": 0.99467}, {""clase_id"": 48, ""prob"": 0.00089}, {""clase_id"": 46, ""prob"": 0.00035}, {""clase_id"": 53, ""prob"": 0.00031}, {""clase_id"": 67, ""prob"": 0.00023}]"
101867,5,0.65753,"[{""clase_id"": 5, ""prob"": 0.65753}, {""clase_id"": 66, ""prob"": 0.31584}, {""clase_id"": 48, ""prob"": 0.00604}, {""clase_id"": 27, ""prob"": 0.00199}, {""clase_id"": 6, ""prob"": 0.00181}]"
101868,5,0.77248,"[{""clase_id"": 5, ""prob"": 0.77248}, {""clase_id"": 67, ""prob"": 0.11454}, {""clase_id"": 66, ""prob"": 0.0479}, {""clase_id"": 48, ""prob"": 0.02782}, {""clase_id"": 27, ""prob"": 0.01077}]"
101869,48,0.98857,"[{""clase_id"": 48, ""prob"": 0.98857}, {""clase_id"": 5, ""prob"": 0.00321}, {""clase_id"": 67, ""prob"": 0.00128}, {""clase_id"": 66, ""prob"": 0.00104}, {""clase_id"": 45, ""prob"": 0.00053}]"
101870,48,0.97601,"[{""clase_id"": 48, ""prob"": 0.97601}, {""clase_id"": 5, ""prob"": 0.01105}, {""clase_id"": 67, ""prob"": 0.00229}, {""clase_id"": 35, ""prob"": 0.00207}, {""clase_id"": 66, ""prob"": 0.00113}]"
101871,48,0.3898,"[{""clase_id"": 48, ""prob"": 0.3898}, {""clase_id"": 67, ""prob"": 0.36399}, {""clase_id"": 5, ""prob"": 0.18487}, {""clase_id"": 66, ""prob"": 0.02367}, {""clase_id"": 56, ""prob"": 0.01072}]"
101872,48,0.91371,"[{""clase_id"": 48, ""prob"": 0.91371}, {""clase_id"": 5, ""prob"": 0.0588}, {""clase_id"": 67, ""prob"": 0.01013}, {""clase_id"": 66, ""prob"": 0.00256}, {""clase_id"": 56, ""prob"": 0.0021}]"
101873,48,0.98169,"[{""clase_id"": 48, ""prob"": 0.98169}, {""clase_id"": 5, ""prob"": 0.00531}, {""clase_id"": 67, ""prob"": 0.00459}, {""clase_id"": 66, ""prob"": 0.00102}, {""clase_id"": 56, ""prob"": 0.00064}]"
101874,5,0.57759,"[{""clase_id"": 5, ""prob"": 0.57759}, {""clase_id"": 48, ""prob"": 0.36288}, {""clase_id"": 66, ""prob"": 0.02966}, {""clase_id"": 35, ""prob"": 0.00466}, {""clase_id"": 67, ""prob"": 0.00355}]"
101875,48,0.97958,"[{""clase_id"": 48, ""prob"": 0.97958}, {""clase_id"": 64, ""prob"": 0.00372}, {""clase_id"": 66, ""prob"": 0.00265}, {""clase_id"": 45, ""prob"": 0.00186}, {""clase_id"": 5, ""prob"": 0.00175}]"
101876,48,0.98904,"[{""clase_id"": 48, ""prob"": 0.98904}, {""clase_id"": 5, ""prob"": 0.00158}, {""clase_id"": 45, ""prob"": 0.00082}, {""clase_id"": 35, ""prob"": 0.00063}, {""clase_id"": 66, ""prob"": 0.00048}]"
101877,48,0.57558,"[{""clase_id"": 48, ""prob"": 0.57558}, {""clase_id"": 5, ""prob"": 0.26866}, {""clase_id"": 66, ""prob"": 0.11655}, {""clase_id"": 35, ""prob"": 0.00705}, {""clase_id"": 67, ""prob"": 0.00646}]"
101878,48,0.97178,"[{""clase_id"": 48, ""prob"": 0.97178}, {""clase_id"": 5, ""prob"": 0.01407}, {""clase_id"": 67, ""prob"": 0.00208}, {""clase_id"": 35, ""prob"": 0.00187}, {""clase_id"": 27, ""prob"": 0.00103}]"
101879,48,0.94991,"[{""clase_id"": 48, ""prob"": 0.94991}, {""clase_id"": 5, ""prob"": 0.01996}, {""clase_id"": 66, ""prob"": 0.01408}, {""clase_id"": 67, ""prob"": 0.00654}, {""clase_id"": 45, ""prob"": 0.00087}]"
101880,55,0.99326,"[{""clase_id"": 55, ""prob"": 0.99326}, {""clase_id"": 52, ""prob"": 0.00052}, {""clase_id"": 6, ""prob"": 0.00047}, {""clase_id"": 53, ""prob"": 0.00036}, {""clase_id"": 9, ""prob"": 0.00029}]"
101881,55,0.90437,"[{""clase_id"": 55, ""prob"": 0.90437}, {""clase_id"": 9, ""prob"": 0.02448}, {""clase_id"": 65, ""prob"": 0.00966}, {""clase_id"": 30, ""prob"": 0.00912}, {""clase_id"": 6, ""prob"": 0.00635}]"
101882,55,0.99346,"[{""clase_id"": 55, ""prob"": 0.99346}, {""clase_id"": 52, ""prob"": 0.00051}, {""clase_id"": 44, ""prob"": 0.00041}, {""clase_id"": 30, ""prob"": 0.00036}, {""clase_id"": 6, ""prob"": 0.00032}]"
101883,55,0.99427,"[{""clase_id"": 55, ""prob"": 0.99427}, {""clase_id"": 52, ""prob"": 0.00042}, {""clase_id"": 6, ""prob"": 0.00034}, {""clase_id"": 30, ""prob"": 0.00025}, {""clase_id"": 53, ""prob"": 0.00022}]"
101884,55,0.99428,"[{""clase_id"": 55, ""prob"": 0.99428}, {""clase_id"": 52, ""prob"": 0.00032}, {""clase_id"": 6, ""prob"": 0.00028}, {""clase_id"": 53, ""prob"": 0.00023}, {""clase_id"": 20, ""prob"": 0.00021}]"
101885,55,0.99203,"[{""clase_id"": 55, ""prob"": 0.99203}, {""clase_id"": 44, ""prob"": 0.00052}, {""clase_id"": 8, ""prob"": 0.00049}, {""clase_id"": 6, ""prob"": 0.00045}, {""clase_id"": 52, ""prob"": 0.00037}]"
101886,55,0.99428,"[{""clase_id"": 55, ""prob"": 0.99428}, {""clase_id"": 52, ""prob"": 0.0004}, {""clase_id"": 53, ""prob"": 0.00032}, {""clase_id"": 6, ""prob"": 0.00031}, {""clase_id"": 44, ""prob"": 0.00026}]"
101887,55,0.99445,"[{""clase_id"": 55, ""prob"": 0.99445}, {""clase_id"": 52, ""prob"": 0.00036}, {""clase_id"": 53, ""prob"": 0.00028}, {""clase_id"": 6, ""prob"": 0.00027}, {""clase_id"": 44, ""prob"": 0.00023}]"
101888,55,0.99349,"[{""clase_id"": 55, ""prob"": 0.99349}, {""clase_id"": 6, ""prob"": 0.00044}, {""clase_id"": 8, ""prob"": 0.00029}, {""clase_id"": 44, ""prob"": 0.00029}, {""clase_id"": 30, ""prob"": 0.00028}]"
101889,55,0.99452,"[{""clase_id"": 55, ""prob"": 0.99452}, {""clase_id"": 52, ""prob"": 0.00041}, {""clase_id"": 6, ""prob"": 0.00031}, {""clase_id"": 53, ""prob"": 0.00024}, {""clase_id"": 30, ""prob"": 0.0002}]"
101890,55,0.99438,"[{""clase_id"": 55, ""prob"": 0.99438}, {""clase_id"": 52, ""prob"": 0.00047}, {""clase_id"": 6, ""prob"": 0.00031}, {""clase_id"": 53, ""prob"": 0.0003}, {""clase_id"": 9, ""prob"": 0.00021}]"
101891,55,0.99409,"[{""clase_id"": 55, ""prob"": 0.99409}, {""clase_id"": 52, ""prob"": 0.00039}, {""clase_id"": 20, ""prob"": 0.00034}, {""clase_id"": 53, ""prob"": 0.00028}, {""clase_id"": 6, ""prob"": 0.00027}]"
101892,55,0.99444,"[{""clase_id"": 55, ""prob"": 0.99444}, {""clase_id"": 52, ""prob"": 0.0004}, {""clase_id"": 53, ""prob"": 0.0003}, {""clase_id"": 6, ""prob"": 0.00029}, {""clase_id"": 9, ""prob"": 0.0002}]"
101893,55,0.99403,"[{""clase_id"": 55, ""prob"": 0.99403}, {""clase_id"": 52, ""prob"": 0.00052}, {""clase_id"": 6, ""prob"": 0.00025}, {""clase_id"": 20, ""prob"": 0.00025}, {""clase_id"": 53, ""prob"": 0.00024}]"
101894,55,0.99319,"[{""clase_id"": 55, ""prob"": 0.99319}, {""clase_id"": 52, ""prob"": 0.00074}, {""clase_id"": 20, ""prob"": 0.00036}, {""clase_id"": 6, ""prob"": 0.00032}, {""clase_id"": 30, ""prob"": 0.00028}]"
101895,55,0.94046,"[{""clase_id"": 55, ""prob"": 0.94046}, {""clase_id"": 2, ""prob"": 0.00683}, {""clase_id"": 52, ""prob"": 0.00474}, {""clase_id"": 6, ""prob"": 0.00357}, {""clase_id"": 30, ""prob"": 0.00334}]"
101896,55,0.99347,"[{""clase_id"": 55, ""prob"": 0.99347}, {""clase_id"": 30, ""prob"": 0.00035}, {""clase_id"": 52, ""prob"": 0.00034}, {""clase_id"": 6, ""prob"": 0.00032}, {""clase_id"": 44, ""prob"": 0.00031}]"
101897,55,0.99437,"[{""clase_id"": 55, ""prob"": 0.99437}, {""clase_id"": 52, ""prob"": 0.00047}, {""clase_id"": 53, ""prob"": 0.00027}, {""clase_id"": 6, ""prob"": 0.00026}, {""clase_id"": 9, ""prob"": 0.00021}]"
101898,55,0.99361,"[{""clase_id"": 55, ""prob"": 0.99361}, {""clase_id"": 53, ""prob"": 0.00052}, {""clase_id"": 52, ""prob"": 0.00045}, {""clase_id"": 6, ""prob"": 0.0003}, {""clase_id"": 44, ""prob"": 0.00028}]"
101899,55,0.98994,"[{""clase_id"": 55, ""prob"": 0.98994}, {""clase_id"": 6, ""prob"": 0.00079}, {""clase_id"": 9, ""prob"": 0.00069}, {""clase_id"": 20, ""prob"": 0.00057}, {""clase_id"": 52, ""prob"": 0.00047}]"
101900,55,0.99433,"[{""clase_id"": 55, ""prob"": 0.99433}, {""clase_id"": 52, ""prob"": 0.00048}, {""clase_id"": 6, ""prob"": 0.00032}, {""clase_id"": 20, ""prob"": 0.00024}, {""clase_id"": 53, ""prob"": 0.00022}]"
101901,55,0.99417,"[{""clase_id"": 55, ""prob"": 0.99417}, {""clase_id"": 52, ""prob"": 0.00039}, {""clase_id"": 6, ""prob"": 0.00035}, {""clase_id"": 53, ""prob"": 0.00025}, {""clase_id"": 30, ""prob"": 0.00022}]"
101902,55,0.9943,"[{""clase_id"": 55, ""prob"": 0.9943}, {""clase_id"": 6, ""prob"": 0.00031}, {""clase_id"": 52, ""prob"": 0.00031}, {""clase_id"": 44, ""prob"": 0.00028}, {""clase_id"": 53, ""prob"": 0.00022}]"
101903,55,0.99431,"[{""clase_id"": 55, ""prob"": 0.99431}, {""clase_id"": 52, ""prob"": 0.00041}, {""clase_id"": 53, ""prob"": 0.00032}, {""clase_id"": 6, ""prob"": 0.00027}, {""clase_id"": 44, ""prob"": 0.0002}]"
101904,55,0.99375,"[{""clase_id"": 55, ""prob"": 0.99375}, {""clase_id"": 52, ""prob"": 0.0006}, {""clase_id"": 53, ""prob"": 0.00042}, {""clase_id"": 6, ""prob"": 0.00026}, {""clase_id"": 9, ""prob"": 0.00021}]"
101905,55,0.99381,"[{""clase_id"": 55, ""prob"": 0.99381}, {""clase_id"": 52, ""prob"": 0.00036}, {""clase_id"": 20, ""prob"": 0.00031}, {""clase_id"": 6, ""prob"": 0.00028}, {""clase_id"": 53, ""prob"": 0.00027}]"
101906,55,0.99458,"[{""clase_id"": 55, ""prob"": 0.99458}, {""clase_id"": 52, ""prob"": 0.00036}, {""clase_id"": 53, ""prob"": 0.00031}, {""clase_id"": 6, ""prob"": 0.00027}, {""clase_id"": 9, ""prob"": 0.00021}]"
101907,55,0.99435,"[{""clase_id"": 55, ""prob"": 0.99435}, {""clase_id"": 52, ""prob"": 0.0004}, {""clase_id"": 6, ""prob"": 0.0003}, {""clase_id"": 53, ""prob"": 0.0003}, {""clase_id"": 44, ""prob"": 0.00021}]"
101908,55,0.99342,"[{""clase_id"": 55, ""prob"": 0.99342}, {""clase_id"": 52, ""prob"": 0.00056}, {""clase_id"": 20, ""prob"": 0.00039}, {""clase_id"": 6, ""prob"": 0.00033}, {""clase_id"": 53, ""prob"": 0.00031}]"
101909,55,0.99269,"[{""clase_id"": 55, ""prob"": 0.99269}, {""clase_id"": 52, ""prob"": 0.00085}, {""clase_id"": 6, ""prob"": 0.00039}, {""clase_id"": 44, ""prob"": 0.00031}, {""clase_id"": 20, ""prob"": 0.00031}]"
101910,55,0.98943,"[{""clase_id"": 55, ""prob"": 0.98943}, {""clase_id"": 44, ""prob"": 0.00073}, {""clase_id"": 52, ""prob"": 0.00068}, {""clase_id"": 30, ""prob"": 0.00057}, {""clase_id"": 20, ""prob"": 0.00051}]"
101911,55,0.99462,"[{""clase_id"": 55, ""prob"": 0.99462}, {""clase_id"": 6, ""prob"": 0.00031}, {""clase_id"": 52, ""prob"": 0.00027}, {""clase_id"": 44, ""prob"": 0.00023}, {""clase_id"": 30, ""prob"": 0.00022}]"
101912,55,0.99432,"[{""clase_id"": 55, ""prob"": 0.99432}, {""clase_id"": 52, ""prob"": 0.00045}, {""clase_id"": 6, ""prob"": 0.00027}, {""clase_id"": 53, ""prob"": 0.00026}, {""clase_id"": 20, ""prob"": 0.00025}]"
101913,55,0.99413,"[{""clase_id"": 55, ""prob"": 0.99413}, {""clase_id"": 52, ""prob"": 0.00065}, {""clase_id"": 53, ""prob"": 0.00031}, {""clase_id"": 6, ""prob"": 0.00027}, {""clase_id"": 8, ""prob"": 0.00026}]"
101914,55,0.98177,"[{""clase_id"": 55, ""prob"": 0.98177}, {""clase_id"": 20, ""prob"": 0.00331}, {""clase_id"": 6, ""prob"": 0.0011}, {""clase_id"": 18, ""prob"": 0.00089}, {""clase_id"": 52, ""prob"": 0.00064}]"
101915,55,0.99404,"[{""clase_id"": 55, ""prob"": 0.99404}, {""clase_id"": 6, ""prob"": 0.00031}, {""clase_id"": 53, ""prob"": 0.0003}, {""clase_id"": 44, ""prob"": 0.0003}, {""clase_id"": 52, ""prob"": 0.00024}]"
101916,55,0.99369,"[{""clase_id"": 55, ""prob"": 0.99369}, {""clase_id"": 52, ""prob"": 0.00042}, {""clase_id"": 20, ""prob"": 0.00039}, {""clase_id"": 53, ""prob"": 0.00028}, {""clase_id"": 6, ""prob"": 0.00025}]"
101917,55,0.99388,"[{""clase_id"": 55, ""prob"": 0.99388}, {""clase_id"": 52, ""prob"": 0.00073}, {""clase_id"": 53, ""prob"": 0.00028}, {""clase_id"": 6, ""prob"": 0.00027}, {""clase_id"": 44, ""prob"": 0.00021}]"
101918,55,0.99384,"[{""clase_id"": 55, ""prob"": 0.99384}, {""clase_id"": 53, ""prob"": 0.00042}, {""clase_id"": 52, ""prob"": 0.00029}, {""clase_id"": 44, ""prob"": 0.00027}, {""clase_id"": 6, ""prob"": 0.00026}]"
101919,55,0.9935,"[{""clase_id"": 55, ""prob"": 0.9935}, {""clase_id"": 52, ""prob"": 0.00055}, {""clase_id"": 53, ""prob"": 0.0003}, {""clase_id"": 9, ""prob"": 0.00029}, {""clase_id"": 6, ""prob"": 0.00025}]"
101920,18,0.97098,"[{""clase_id"": 18, ""prob"": 0.97098}, {""clase_id"": 26, ""prob"": 0.01148}, {""clase_id"": 3, ""prob"": 0.00236}, {""clase_id"": 20, ""prob"": 0.00108}, {""clase_id"": 75, ""prob"": 0.00106}]"
101921,18,0.88438,"[{""clase_id"": 18, ""prob"": 0.88438}, {""clase_id"": 41, ""prob"": 0.06648}, {""clase_id"": 43, ""prob"": 0.00832}, {""clase_id"": 3, ""prob"": 0.00348}, {""clase_id"": 39, ""prob"": 0.00279}]"
101922,18,0.56405,"[{""clase_id"": 18, ""prob"": 0.56405}, {""clase_id"": 26, ""prob"": 0.29795}, {""clase_id"": 14, ""prob"": 0.02071}, {""clase_id"": 35, ""prob"": 0.01535}, {""clase_id"": 3, ""prob"": 0.01446}]"
101923,18,0.9676,"[{""clase_id"": 18, ""prob"": 0.9676}, {""clase_id"": 41, ""prob"": 0.00907}, {""clase_id"": 3, ""prob"": 0.00159}, {""clase_id"": 42, ""prob"": 0.00149}, {""clase_id"": 43, ""prob"": 0.00143}]"
101924,18,0.98648,"[{""clase_id"": 18, ""prob"": 0.98648}, {""clase_id"": 3, ""prob"": 0.00125}, {""clase_id"": 41, ""prob"": 0.001}, {""clase_id"": 26, ""prob"": 0.0007}, {""clase_id"": 13, ""prob"": 0.00068}]"
101925,18,0.98114,"[{""clase_id"": 18, ""prob"": 0.98114}, {""clase_id"": 41, ""prob"": 0.00301}, {""clase_id"": 3, ""prob"": 0.00259}, {""clase_id"": 75, ""prob"": 0.0009}, {""clase_id"": 43, ""prob"": 0.00087}]"
101926,18,0.98643,"[{""clase_id"": 18, ""prob"": 0.98643}, {""clase_id"": 3, ""prob"": 0.00156}, {""clase_id"": 26, ""prob"": 0.00111}, {""clase_id"": 75, ""prob"": 0.00065}, {""clase_id"": 13, ""prob"": 0.00062}]"
101927,18,0.98437,"[{""clase_id"": 18, ""prob"": 0.98437}, {""clase_id"": 41, ""prob"": 0.00173}, {""clase_id"": 3, ""prob"": 0.00125}, {""clase_id"": 75, ""prob"": 0.00078}, {""clase_id"": 39, ""prob"": 0.00073}]"
101928,18,0.98617,"[{""clase_id"": 18, ""prob"": 0.98617}, {""clase_id"": 41, ""prob"": 0.00116}, {""clase_id"": 75, ""prob"": 0.00104}, {""clase_id"": 3, ""prob"": 0.00098}, {""clase_id"": 26, ""prob"": 0.00096}]"
101929,18,0.98581,"[{""clase_id"": 18, ""prob"": 0.98581}, {""clase_id"": 3, ""prob"": 0.00256}, {""clase_id"": 41, ""prob"": 0.00106}, {""clase_id"": 26, ""prob"": 0.00085}, {""clase_id"": 75, ""prob"": 0.00049}]"
101930,18,0.97599,"[{""clase_id"": 18, ""prob"": 0.97599}, {""clase_id"": 3, ""prob"": 0.00274}, {""clase_id"": 41, ""prob"": 0.0027}, {""clase_id"": 26, ""prob"": 0.0015}, {""clase_id"": 43, ""prob"": 0.00141}]"
101931,18,0.94855,"[{""clase_id"": 18, ""prob"": 0.94855}, {""clase_id"": 41, ""prob"": 0.01238}, {""clase_id"": 43, ""prob"": 0.00479}, {""clase_id"": 3, ""prob"": 0.00288}, {""clase_id"": 13, ""prob"": 0.00271}]"
101932,18,0.98166,"[{""clase_id"": 18, ""prob"": 0.98166}, {""clase_id"": 41, ""prob"": 0.00383}, {""clase_id"": 3, ""prob"": 0.00207}, {""clase_id"": 20, ""prob"": 0.00102}, {""clase_id"": 26, ""prob"": 0.00079}]"
101933,18,0.98679,"[{""clase_id"": 18, ""prob"": 0.98679}, {""clase_id"": 75, ""prob"": 0.0013}, {""clase_id"": 3, ""prob"": 0.00113}, {""clase_id"": 41, ""prob"": 0.00085}, {""clase_id"": 26, ""prob"": 0.00075}]"
101934,18,0.7582,"[{""clase_id"": 18, ""prob"": 0.7582}, {""clase_id"": 26, ""prob"": 0.18643}, {""clase_id"": 75, ""prob"": 0.00755}, {""clase_id"": 3, ""prob"": 0.00623}, {""clase_id"": 20, ""prob"": 0.00495}]"
101935,18,0.98607,"[{""clase_id"": 18, ""prob"": 0.98607}, {""clase_id"": 41, ""prob"": 0.00123}, {""clase_id"": 26, ""prob"": 0.00113}, {""clase_id"": 3, ""prob"": 0.00087}, {""clase_id"": 75, ""prob"": 0.00084}]"
101936,18,0.98567,"[{""clase_id"": 18, ""prob"": 0.98567}, {""clase_id"": 41, ""prob"": 0.00166}, {""clase_id"": 3, ""prob"": 0.00107}, {""clase_id"": 26, ""prob"": 0.00105}, {""clase_id"": 43, ""prob"": 0.00066}]"
101937,18,0.98251,"[{""clase_id"": 18, ""prob"": 0.98251}, {""clase_id"": 41, ""prob"": 0.00277}, {""clase_id"": 3, ""prob"": 0.00139}, {""clase_id"": 43, ""prob"": 0.00092}, {""clase_id"": 13, ""prob"": 0.00085}]"
101938,18,0.98685,"[{""clase_id"": 18, ""prob"": 0.98685}, {""clase_id"": 26, ""prob"": 0.00149}, {""clase_id"": 3, ""prob"": 0.0011}, {""clase_id"": 75, ""prob"": 0.00074}, {""clase_id"": 41, ""prob"": 0.00067}]"
101939,18,0.89626,"[{""clase_id"": 18, ""prob"": 0.89626}, {""clase_id"": 3, ""prob"": 0.02715}, {""clase_id"": 75, ""prob"": 0.01169}, {""clase_id"": 46, ""prob"": 0.01057}, {""clase_id"": 41, ""prob"": 0.00629}]"
101940,18,0.98658,"[{""clase_id"": 18, ""prob"": 0.98658}, {""clase_id"": 3, ""prob"": 0.00167}, {""clase_id"": 26, ""prob"": 0.00149}, {""clase_id"": 41, ""prob"": 0.00082}, {""clase_id"": 75, ""prob"": 0.00066}]"
101941,18,0.985,"[{""clase_id"": 18, ""prob"": 0.985}, {""clase_id"": 41, ""prob"": 0.00211}, {""clase_id"": 3, ""prob"": 0.00108}, {""clase_id"": 75, ""prob"": 0.00094}, {""clase_id"": 26, ""prob"": 0.00081}]"
101942,18,0.88742,"[{""clase_id"": 18, ""prob"": 0.88742}, {""clase_id"": 26, ""prob"": 0.08029}, {""clase_id"": 3, ""prob"": 0.00379}, {""clase_id"": 35, ""prob"": 0.00181}, {""clase_id"": 75, ""prob"": 0.00135}]"
101943,18,0.98157,"[{""clase_id"": 18, ""prob"": 0.98157}, {""clase_id"": 26, ""prob"": 0.00475}, {""clase_id"": 3, ""prob"": 0.00164}, {""clase_id"": 75, ""prob"": 0.00106}, {""clase_id"": 20, ""prob"": 0.00102}]"
101944,18,0.96422,"[{""clase_id"": 18, ""prob"": 0.96422}, {""clase_id"": 26, ""prob"": 0.01537}, {""clase_id"": 3, ""prob"": 0.00525}, {""clase_id"": 20, ""prob"": 0.00095}, {""clase_id"": 35, ""prob"": 0.00091}]"
101945,18,0.98543,"[{""clase_id"": 18, ""prob"": 0.98543}, {""clase_id"": 41, ""prob"": 0.00205}, {""clase_id"": 3, ""prob"": 0.00126}, {""clase_id"": 20, ""prob"": 0.00092}, {""clase_id"": 75, ""prob"": 0.00088}]"
101946,18,0.97585,"[{""clase_id"": 18, ""prob"": 0.97585}, {""clase_id"": 41, ""prob"": 0.00266}, {""clase_id"": 3, ""prob"": 0.00199}, {""clase_id"": 26, ""prob"": 0.00175}, {""clase_id"": 43, ""prob"": 0.00148}]"
101947,18,0.90512,"[{""clase_id"": 18, ""prob"": 0.90512}, {""clase_id"": 41, ""prob"": 0.03115}, {""clase_id"": 20, ""prob"": 0.00736}, {""clase_id"": 14, ""prob"": 0.00662}, {""clase_id"": 35, ""prob"": 0.00596}]"
101948,18,0.97173,"[{""clase_id"": 18, ""prob"": 0.97173}, {""clase_id"": 41, ""prob"": 0.01022}, {""clase_id"": 3, ""prob"": 0.0024}, {""clase_id"": 20, ""prob"": 0.00106}, {""clase_id"": 43, ""prob"": 0.00087}]"
101949,18,0.98662,"[{""clase_id"": 18, ""prob"": 0.98662}, {""clase_id"": 3, ""prob"": 0.00129}, {""clase_id"": 26, ""prob"": 0.00085}, {""clase_id"": 75, ""prob"": 0.00084}, {""clase_id"": 41, ""prob"": 0.00074}]"
101950,18,0.98217,"[{""clase_id"": 18, ""prob"": 0.98217}, {""clase_id"": 41, ""prob"": 0.00232}, {""clase_id"": 3, ""prob"": 0.00135}, {""clase_id"": 26, ""prob"": 0.00125}, {""clase_id"": 75, ""prob"": 0.00101}]"
101951,18,0.98726,"[{""clase_id"": 18, ""prob"": 0.98726}, {""clase_id"": 3, ""prob"": 0.00177}, {""clase_id"": 41, ""prob"": 0.00098}, {""clase_id"": 75, ""prob"": 0.00065}, {""clase_id"": 26, ""prob"": 0.00065}]"
101952,18,0.98652,"[{""clase_id"": 18, ""prob"": 0.98652}, {""clase_id"": 41, ""prob"": 0.00115}, {""clase_id"": 3, ""prob"": 0.001}, {""clase_id"": 75, ""prob"": 0.0009}, {""clase_id"": 20, ""prob"": 0.00084}]"
101953,18,0.9171,"[{""clase_id"": 18, ""prob"": 0.9171}, {""clase_id"": 26, ""prob"": 0.01638}, {""clase_id"": 41, ""prob"": 0.00922}, {""clase_id"": 20, ""prob"": 0.00853}, {""clase_id"": 14, ""prob"": 0.00756}]"
101954,18,0.95185,"[{""clase_id"": 18, ""prob"": 0.95185}, {""clase_id"": 26, ""prob"": 0.0158}, {""clase_id"": 3, ""prob"": 0.00509}, {""clase_id"": 35, ""prob"": 0.00153}, {""clase_id"": 75, ""prob"": 0.00147}]"
101955,18,0.97332,"[{""clase_id"": 18, ""prob"": 0.97332}, {""clase_id"": 26, ""prob"": 0.00498}, {""clase_id"": 3, ""prob"": 0.00412}, {""clase_id"": 75, ""prob"": 0.00266}, {""clase_id"": 41, ""prob"": 0.00164}]"
101956,18,0.98116,"[{""clase_id"": 18, ""prob"": 0.98116}, {""clase_id"": 26, ""prob"": 0.00431}, {""clase_id"": 3, ""prob"": 0.00136}, {""clase_id"": 41, ""prob"": 0.00108}, {""clase_id"": 75, ""prob"": 0.00087}]"
101957,18,0.98667,"[{""clase_id"": 18, ""prob"": 0.98667}, {""clase_id"": 41, ""prob"": 0.00122}, {""clase_id"": 75, ""prob"": 0.00089}, {""clase_id"": 3, ""prob"": 0.00073}, {""clase_id"": 26, ""prob"": 0.00069}]"
101958,26,0.57011,"[{""clase_id"": 26, ""prob"": 0.57011}, {""clase_id"": 18, ""prob"": 0.21193}, {""clase_id"": 20, ""prob"": 0.07004}, {""clase_id"": 76, ""prob"": 0.03733}, {""clase_id"": 75, ""prob"": 0.02007}]"
101959,18,0.98706,"[{""clase_id"": 18, ""prob"": 0.98706}, {""clase_id"": 3, ""prob"": 0.00125}, {""clase_id"": 41, ""prob"": 0.00088}, {""clase_id"": 75, ""prob"": 0.00072}, {""clase_id"": 26, ""prob"": 0.00067}]"
101960,63,0.99487,"[{""clase_id"": 63, ""prob"": 0.99487}, {""clase_id"": 23, ""prob"": 0.00035}, {""clase_id"": 34, ""prob"": 0.00032}, {""clase_id"": 74, ""prob"": 0.00024}, {""clase_id"": 75, ""prob"": 0.00016}]"
101961,48,0.30492,"[{""clase_id"": 48, ""prob"": 0.30492}, {""clase_id"": 45, ""prob"": 0.18702}, {""clase_id"": 63, ""prob"": 0.11752}, {""clase_id"": 46, ""prob"": 0.0338}, {""clase_id"": 67, ""prob"": 0.02645}]"
101962,63,0.99489,"[{""clase_id"": 63, ""prob"": 0.99489}, {""clase_id"": 34, ""prob"": 0.0007}, {""clase_id"": 23, ""prob"": 0.00029}, {""clase_id"": 75, ""prob"": 0.00017}, {""clase_id"": 42, ""prob"": 0.00017}]"
101963,63,0.99513,"[{""clase_id"": 63, ""prob"": 0.99513}, {""clase_id"": 34, ""prob"": 0.00042}, {""clase_id"": 23, ""prob"": 0.00028}, {""clase_id"": 75, ""prob"": 0.00017}, {""clase_id"": 52, ""prob"": 0.00017}]"
101964,63,0.99454,"[{""clase_id"": 63, ""prob"": 0.99454}, {""clase_id"": 23, ""prob"": 0.00029}, {""clase_id"": 34, ""prob"": 0.00028}, {""clase_id"": 39, ""prob"": 0.00023}, {""clase_id"": 74, ""prob"": 0.00023}]"
101965,63,0.99455,"[{""clase_id"": 63, ""prob"": 0.99455}, {""clase_id"": 23, ""prob"": 0.00038}, {""clase_id"": 34, ""prob"": 0.00035}, {""clase_id"": 39, ""prob"": 0.00019}, {""clase_id"": 75, ""prob"": 0.00018}]"
101966,63,0.99437,"[{""clase_id"": 63, ""prob"": 0.99437}, {""clase_id"": 34, ""prob"": 0.00127}, {""clase_id"": 23, ""prob"": 0.00025}, {""clase_id"": 39, ""prob"": 0.00024}, {""clase_id"": 74, ""prob"": 0.0002}]"
101967,63,0.99524,"[{""clase_id"": 63, ""prob"": 0.99524}, {""clase_id"": 34, ""prob"": 0.0004}, {""clase_id"": 23, ""prob"": 0.00028}, {""clase_id"": 74, ""prob"": 0.00019}, {""clase_id"": 39, ""prob"": 0.00018}]"
101968,63,0.99468,"[{""clase_id"": 63, ""prob"": 0.99468}, {""clase_id"": 23, ""prob"": 0.00041}, {""clase_id"": 34, ""prob"": 0.00036}, {""clase_id"": 74, ""prob"": 0.00021}, {""clase_id"": 39, ""prob"": 0.0002}]"
101969,63,0.99514,"[{""clase_id"": 63, ""prob"": 0.99514}, {""clase_id"": 34, ""prob"": 0.00044}, {""clase_id"": 23, ""prob"": 0.00035}, {""clase_id"": 39, ""prob"": 0.00019}, {""clase_id"": 14, ""prob"": 0.00015}]"
101970,63,0.99408,"[{""clase_id"": 63, ""prob"": 0.99408}, {""clase_id"": 39, ""prob"": 0.00041}, {""clase_id"": 34, ""prob"": 0.00035}, {""clase_id"": 23, ""prob"": 0.00034}, {""clase_id"": 74, ""prob"": 0.00027}]"
101971,63,0.99478,"[{""clase_id"": 63, ""prob"": 0.99478}, {""clase_id"": 23, ""prob"": 0.00033}, {""clase_id"": 34, ""prob"": 0.00032}, {""clase_id"": 75, ""prob"": 0.0002}, {""clase_id"": 39, ""prob"": 0.00019}]"
101972,63,0.99388,"[{""clase_id"": 63, ""prob"": 0.99388}, {""clase_id"": 23, ""prob"": 0.00046}, {""clase_id"": 34, ""prob"": 0.00035}, {""clase_id"": 42, ""prob"": 0.00025}, {""clase_id"": 52, ""prob"": 0.00024}]"
101973,63,0.99537,"[{""clase_id"": 63, ""prob"": 0.99537}, {""clase_id"": 34, ""prob"": 0.00034}, {""clase_id"": 23, ""prob"": 0.00034}, {""clase_id"": 74, ""prob"": 0.00015}, {""clase_id"": 75, ""prob"": 0.00014}]"
101974,63,0.99522,"[{""clase_id"": 63, ""prob"": 0.99522}, {""clase_id"": 34, ""prob"": 0.00046}, {""clase_id"": 23, ""prob"": 0.0003}, {""clase_id"": 52, ""prob"": 0.00019}, {""clase_id"": 74, ""prob"": 0.00017}]"
101975,63,0.99531,"[{""clase_id"": 63, ""prob"": 0.99531}, {""clase_id"": 34, ""prob"": 0.00054}, {""clase_id"": 23, ""prob"": 0.00026}, {""clase_id"": 39, ""prob"": 0.00019}, {""clase_id"": 75, ""prob"": 0.00015}]"
101976,63,0.99519,"[{""clase_id"": 63, ""prob"": 0.99519}, {""clase_id"": 34, ""prob"": 0.00058}, {""clase_id"": 23, ""prob"": 0.00024}, {""clase_id"": 39, ""prob"": 0.00017}, {""clase_id"": 75, ""prob"": 0.00017}]"
101977,63,0.99362,"[{""clase_id"": 63, ""prob"": 0.99362}, {""clase_id"": 39, ""prob"": 0.00069}, {""clase_id"": 34, ""prob"": 0.00047}, {""clase_id"": 23, ""prob"": 0.00033}, {""clase_id"": 74, ""prob"": 0.00022}]"
101978,63,0.99503,"[{""clase_id"": 63, ""prob"": 0.99503}, {""clase_id"": 23, ""prob"": 0.00039}, {""clase_id"": 34, ""prob"": 0.00032}, {""clase_id"": 39, ""prob"": 0.00018}, {""clase_id"": 74, ""prob"": 0.00018}]"
101979,63,0.99371,"[{""clase_id"": 63, ""prob"": 0.99371}, {""clase_id"": 39, ""prob"": 0.00065}, {""clase_id"": 23, ""prob"": 0.00039}, {""clase_id"": 34, ""prob"": 0.00025}, {""clase_id"": 0, ""prob"": 0.0002}]"
101980,63,0.99486,"[{""clase_id"": 63, ""prob"": 0.99486}, {""clase_id"": 34, ""prob"": 0.00052}, {""clase_id"": 23, ""prob"": 0.00033}, {""clase_id"": 52, ""prob"": 0.00019}, {""clase_id"": 75, ""prob"": 0.00018}]"
101981,63,0.99497,"[{""clase_id"": 63, ""prob"": 0.99497}, {""clase_id"": 34, ""prob"": 0.00051}, {""clase_id"": 23, ""prob"": 0.00027}, {""clase_id"": 75, ""prob"": 0.0002}, {""clase_id"": 39, ""prob"": 0.00019}]"
101982,63,0.99393,"[{""clase_id"": 63, ""prob"": 0.99393}, {""clase_id"": 23, ""prob"": 0.00055}, {""clase_id"": 34, ""prob"": 0.00025}, {""clase_id"": 0, ""prob"": 0.00022}, {""clase_id"": 74, ""prob"": 0.00021}]"
101983,63,0.99389,"[{""clase_id"": 63, ""prob"": 0.99389}, {""clase_id"": 39, ""prob"": 0.00057}, {""clase_id"": 23, ""prob"": 0.00034}, {""clase_id"": 34, ""prob"": 0.0003}, {""clase_id"": 74, ""prob"": 0.00022}]"
101984,63,0.99429,"[{""clase_id"": 63, ""prob"": 0.99429}, {""clase_id"": 23, ""prob"": 0.00045}, {""clase_id"": 34, ""prob"": 0.00028}, {""clase_id"": 52, ""prob"": 0.00022}, {""clase_id"": 8, ""prob"": 0.0002}]"
101985,63,0.99445,"[{""clase_id"": 63, ""prob"": 0.99445}, {""clase_id"": 23, ""prob"": 0.00034}, {""clase_id"": 34, ""prob"": 0.00032}, {""clase_id"": 74, ""prob"": 0.00028}, {""clase_id"": 52, ""prob"": 0.00018}]"
101986,63,0.99489,"[{""clase_id"": 63, ""prob"": 0.99489}, {""clase_id"": 23, ""prob"": 0.00039}, {""clase_id"": 34, ""prob"": 0.00029}, {""clase_id"": 74, ""prob"": 0.00018}, {""clase_id"": 0, ""prob"": 0.00018}]"
101987,63,0.99514,"[{""clase_id"": 63, ""prob"": 0.99514}, {""clase_id"": 34, ""prob"": 0.0004}, {""clase_id"": 23, ""prob"": 0.00036}, {""clase_id"": 14, ""prob"": 0.00021}, {""clase_id"": 39, ""prob"": 0.00019}]"
101988,63,0.99501,"[{""clase_id"": 63, ""prob"": 0.99501}, {""clase_id"": 34, ""prob"": 0.00061}, {""clase_id"": 23, ""prob"": 0.00021}, {""clase_id"": 74, ""prob"": 0.00019}, {""clase_id"": 75, ""prob"": 0.00018}]"
101989,63,0.99512,"[{""clase_id"": 63, ""prob"": 0.99512}, {""clase_id"": 34, ""prob"": 0.00032}, {""clase_id"": 23, ""prob"": 0.00031}, {""clase_id"": 74, ""prob"": 0.00019}, {""clase_id"": 75, ""prob"": 0.00017}]"
101990,63,0.99494,"[{""clase_id"": 63, ""prob"": 0.99494}, {""clase_id"": 23, ""prob"": 0.00038}, {""clase_id"": 34, ""prob"": 0.00025}, {""clase_id"": 15, ""prob"": 0.00017}, {""clase_id"": 14, ""prob"": 0.00017}]"
101991,63,0.99458,"[{""clase_id"": 63, ""prob"": 0.99458}, {""clase_id"": 23, ""prob"": 0.00033}, {""clase_id"": 34, ""prob"": 0.00027}, {""clase_id"": 75, ""prob"": 0.00023}, {""clase_id"": 39, ""prob"": 0.00019}]"
101992,63,0.995,"[{""clase_id"": 63, ""prob"": 0.995}, {""clase_id"": 34, ""prob"": 0.0004}, {""clase_id"": 23, ""prob"": 0.00037}, {""clase_id"": 45, ""prob"": 0.00016}, {""clase_id"": 0, ""prob"": 0.00016}]"
101993,63,0.99505,"[{""clase_id"": 63, ""prob"": 0.99505}, {""clase_id"": 34, ""prob"": 0.0004}, {""clase_id"": 23, ""prob"": 0.00029}, {""clase_id"": 39, ""prob"": 0.00021}, {""clase_id"": 75, ""prob"": 0.00019}]"
101994,63,0.99492,"[{""clase_id"": 63, ""prob"": 0.99492}, {""clase_id"": 34, ""prob"": 0.00069}, {""clase_id"": 23, ""prob"": 0.00021}, {""clase_id"": 75, ""prob"": 0.0002}, {""clase_id"": 52, ""prob"": 0.00016}]"
101995,63,0.99504,"[{""clase_id"": 63, ""prob"": 0.99504}, {""clase_id"": 34, ""prob"": 0.00043}, {""clase_id"": 23, ""prob"": 0.00036}, {""clase_id"": 39, ""prob"": 0.00016}, {""clase_id"": 75, ""prob"": 0.00015}]"
101996,63,0.99428,"[{""clase_id"": 63, ""prob"": 0.99428}, {""clase_id"": 34, ""prob"": 0.00043}, {""clase_id"": 23, ""prob"": 0.00039}, {""clase_id"": 74, ""prob"": 0.00028}, {""clase_id"": 0, ""prob"": 0.0002}]"
101997,63,0.99462,"[{""clase_id"": 63, ""prob"": 0.99462}, {""clase_id"": 34, ""prob"": 0.00037}, {""clase_id"": 23, ""prob"": 0.00027}, {""clase_id"": 39, ""prob"": 0.00026}, {""clase_id"": 74, ""prob"": 0.00022}]"
101998,63,0.99516,"[{""clase_id"": 63, ""prob"": 0.99516}, {""clase_id"": 34, ""prob"": 0.00035}, {""clase_id"": 23, ""prob"": 0.00032}, {""clase_id"": 39, ""prob"": 0.0002}, {""clase_id"": 75, ""prob"": 0.00018}]"
101999,63,0.99511,"[{""clase_id"": 63, ""prob"": 0.99511}, {""clase_id"": 34, ""prob"": 0.00042}, {""clase_id"": 23, ""prob"": 0.0003}, {""clase_id"": 39, ""prob"": 0.00021}, {""clase_id"": 75, ""prob"": 0.00018}]"
102000,70,0.99468,"[{""clase_id"": 70, ""prob"": 0.99468}, {""clase_id"": 50, ""prob"": 0.00021}, {""clase_id"": 38, ""prob"": 0.00018}, {""clase_id"": 32, ""prob"": 0.00017}, {""clase_id"": 22, ""prob"": 0.00017}]"
102001,70,0.9942,"[{""clase_id"": 70, ""prob"": 0.9942}, {""clase_id"": 50, ""prob"": 0.00025}, {""clase_id"": 32, ""prob"": 0.00024}, {""clase_id"": 22, ""prob"": 0.00022}, {""clase_id"": 66, ""prob"": 0.00021}]"
102002,70,0.9926,"[{""clase_id"": 70, ""prob"": 0.9926}, {""clase_id"": 24, ""prob"": 0.00036}, {""clase_id"": 50, ""prob"": 0.00034}, {""clase_id"": 32, ""prob"": 0.00028}, {""clase_id"": 38, ""prob"": 0.00026}]"
102003,70,0.99417,"[{""clase_id"": 70, ""prob"": 0.99417}, {""clase_id"": 50, ""prob"": 0.00034}, {""clase_id"": 32, ""prob"": 0.00024}, {""clase_id"": 66, ""prob"": 0.00021}, {""clase_id"": 38, ""prob"": 0.00018}]"
102004,70,0.99405,"[{""clase_id"": 70, ""prob"": 0.99405}, {""clase_id"": 50, ""prob"": 0.0003}, {""clase_id"": 32, ""prob"": 0.00021}, {""clase_id"": 24, ""prob"": 0.0002}, {""clase_id"": 22, ""prob"": 0.00018}]"
102005,70,0.99448,"[{""clase_id"": 70, ""prob"": 0.99448}, {""clase_id"": 50, ""prob"": 0.00021}, {""clase_id"": 6, ""prob"": 0.00017}, {""clase_id"": 22, ""prob"": 0.00017}, {""clase_id"": 66, ""prob"": 0.00017}]"
102006,70,0.99449,"[{""clase_id"": 70, ""prob"": 0.99449}, {""clase_id"": 66, ""prob"": 0.00024}, {""clase_id"": 50, ""prob"": 0.00022}, {""clase_id"": 38, ""prob"": 0.00019}, {""clase_id"": 32, ""prob"": 0.00018}]"
102007,70,0.99442,"[{""clase_id"": 70, ""prob"": 0.99442}, {""clase_id"": 50, ""prob"": 0.00026}, {""clase_id"": 32, ""prob"": 0.00021}, {""clase_id"": 38, ""prob"": 0.00018}, {""clase_id"": 22, ""prob"": 0.00017}]"
102008,70,0.99379,"[{""clase_id"": 70, ""prob"": 0.99379}, {""clase_id"": 50, ""prob"": 0.00028}, {""clase_id"": 66, ""prob"": 0.00022}, {""clase_id"": 22, ""prob"": 0.00022}, {""clase_id"": 38, ""prob"": 0.00019}]"
102009,70,0.99456,"[{""clase_id"": 70, ""prob"": 0.99456}, {""clase_id"": 50, ""prob"": 0.00021}, {""clase_id"": 66, ""prob"": 0.00019}, {""clase_id"": 38, ""prob"": 0.00019}, {""clase_id"": 32, ""prob"": 0.00018}]"
102010,70,0.99449,"[{""clase_id"": 70, ""prob"": 0.99449}, {""clase_id"": 50, ""prob"": 0.00021}, {""clase_id"": 38, ""prob"": 0.00017}, {""clase_id"": 22, ""prob"": 0.00016}, {""clase_id"": 66, ""prob"": 0.00015}]"
102011,70,0.99443,"[{""clase_id"": 70, ""prob"": 0.99443}, {""clase_id"": 50, ""prob"": 0.00022}, {""clase_id"": 32, ""prob"": 0.00018}, {""clase_id"": 38, ""prob"": 0.00017}, {""clase_id"": 22, ""prob"": 0.00017}]"
102012,70,0.99282,"[{""clase_id"": 70, ""prob"": 0.99282}, {""clase_id"": 50, ""prob"": 0.00032}, {""clase_id"": 66, ""prob"": 0.00027}, {""clase_id"": 32, ""prob"": 0.00026}, {""clase_id"": 38, ""prob"": 0.00023}]"
102013,70,0.99416,"[{""clase_id"": 70, ""prob"": 0.99416}, {""clase_id"": 66, ""prob"": 0.00035}, {""clase_id"": 6, ""prob"": 0.00022}, {""clase_id"": 50, ""prob"": 0.00022}, {""clase_id"": 38, ""prob"": 0.00019}]"
102014,70,0.99374,"[{""clase_id"": 70, ""prob"": 0.99374}, {""clase_id"": 66, ""prob"": 0.0003}, {""clase_id"": 50, ""prob"": 0.00027}, {""clase_id"": 38, ""prob"": 0.00022}, {""clase_id"": 22, ""prob"": 0.0002}]"
102015,70,0.99432,"[{""clase_id"": 70, ""prob"": 0.99432}, {""clase_id"": 50, ""prob"": 0.00025}, {""clase_id"": 32, ""prob"": 0.00023}, {""clase_id"": 38, ""prob"": 0.00019}, {""clase_id"": 6, ""prob"": 0.00019}]"
102016,70,0.96647,"[{""clase_id"": 70, ""prob"": 0.96647}, {""clase_id"": 71, ""prob"": 0.00286}, {""clase_id"": 74, ""prob"": 0.00208}, {""clase_id"": 58, ""prob"": 0.00143}, {""clase_id"": 69, ""prob"": 0.0012}]"
102017,70,0.99381,"[{""clase_id"": 70, ""prob"": 0.99381}, {""clase_id"": 66, ""prob"": 0.00026}, {""clase_id"": 50, ""prob"": 0.00019}, {""clase_id"": 64, ""prob"": 0.00017}, {""clase_id"": 22, ""prob"": 0.00017}]"
102018,70,0.99417,"[{""clase_id"": 70, ""prob"": 0.99417}, {""clase_id"": 50, ""prob"": 0.00021}, {""clase_id"": 22, ""prob"": 0.0002}, {""clase_id"": 32, ""prob"": 0.0002}, {""clase_id"": 38, ""prob"": 0.00019}]"
102019,70,0.99404,"[{""clase_id"": 70, ""prob"": 0.99404}, {""clase_id"": 50, ""prob"": 0.00028}, {""clase_id"": 32, ""prob"": 0.00022}, {""clase_id"": 38, ""prob"": 0.00018}, {""clase_id"": 24, ""prob"": 0.00018}]"
102020,70,0.99418,"[{""clase_id"": 70, ""prob"": 0.99418}, {""clase_id"": 50, ""prob"": 0.00033}, {""clase_id"": 38, ""prob"": 0.0002}, {""clase_id"": 24, ""prob"": 0.00019}, {""clase_id"": 66, ""prob"": 0.00018}]"
102021,70,0.99405,"[{""clase_id"": 70, ""prob"": 0.99405}, {""clase_id"": 22, ""prob"": 0.00022}, {""clase_id"": 50, ""prob"": 0.00021}, {""clase_id"": 16, ""prob"": 0.0002}, {""clase_id"": 38, ""prob"": 0.0002}]"
102022,70,0.99432,"[{""clase_id"": 70, ""prob"": 0.99432}, {""clase_id"": 6, ""prob"": 0.00021}, {""clase_id"": 66, ""prob"": 0.00021}, {""clase_id"": 50, ""prob"": 0.0002}, {""clase_id"": 38, ""prob"": 0.00018}]"
102023,70,0.99452,"[{""clase_id"": 70, ""prob"": 0.99452}, {""clase_id"": 50, ""prob"": 0.00021}, {""clase_id"": 38, ""prob"": 0.00019}, {""clase_id"": 66, ""prob"": 0.00018}, {""clase_id"": 22, ""prob"": 0.00016}]"
102024,70,0.99436,"[{""clase_id"": 70, ""prob"": 0.99436}, {""clase_id"": 50, ""prob"": 0.00022}, {""clase_id"": 32, ""prob"": 0.00021}, {""clase_id"": 38, ""prob"": 0.00019}, {""clase_id"": 22, ""prob"": 0.00018}]"
102025,70,0.99035,"[{""clase_id"": 70, ""prob"": 0.99035}, {""clase_id"": 50, ""prob"": 0.0013}, {""clase_id"": 32, ""prob"": 0.00032}, {""clase_id"": 16, ""prob"": 0.0003}, {""clase_id"": 22, ""prob"": 0.0003}]"
102026,70,0.9945,"[{""clase_id"": 70, ""prob"": 0.9945}, {""clase_id"": 50, ""prob"": 0.00022}, {""clase_id"": 66, ""prob"": 0.00019}, {""clase_id"": 38, ""prob"": 0.00019}, {""clase_id"": 22, ""prob"": 0.00018}]"
102027,70,0.99431,"[{""clase_id"": 70, ""prob"": 0.99431}, {""clase_id"": 32, ""prob"": 0.00021}, {""clase_id"": 50, ""prob"": 0.0002}, {""clase_id"": 22, ""prob"": 0.00019}, {""clase_id"": 6, ""prob"": 0.00018}]"
102028,70,0.99403,"[{""clase_id"": 70, ""prob"": 0.99403}, {""clase_id"": 50, ""prob"": 0.00035}, {""clase_id"": 66, ""prob"": 0.00022}, {""clase_id"": 32, ""prob"": 0.00021}, {""clase_id"": 24, ""prob"": 0.00019}]"
102029,70,0.99331,"[{""clase_id"": 70, ""prob"": 0.99331}, {""clase_id"": 50, ""prob"": 0.00036}, {""clase_id"": 22, ""prob"": 0.00031}, {""clase_id"": 16, ""prob"": 0.00027}, {""clase_id"": 32, ""prob"": 0.00022}]"
102030,70,0.99353,"[{""clase_id"": 70, ""prob"": 0.99353}, {""clase_id"": 50, ""prob"": 0.00034}, {""clase_id"": 32, ""prob"": 0.00025}, {""clase_id"": 24, ""prob"": 0.00025}, {""clase_id"": 69, ""prob"": 0.00021}]"
102031,70,0.99462,"[{""clase_id"": 70, ""prob"": 0.99462}, {""clase_id"": 50, ""prob"": 0.00025}, {""clase_id"": 66, ""prob"": 0.00018}, {""clase_id"": 32, ""prob"": 0.00018}, {""clase_id"": 38, ""prob"": 0.00017}]"
102032,70,0.99458,"[{""clase_id"": 70, ""prob"": 0.99458}, {""clase_id"": 50, ""prob"": 0.00024}, {""clase_id"": 38, ""prob"": 0.00018}, {""clase_id"": 32, ""prob"": 0.00017}, {""clase_id"": 22, ""prob"": 0.00016}]"
102033,70,0.99462,"[{""clase_id"": 70, ""prob"": 0.99462}, {""clase_id"": 50, ""prob"": 0.00021}, {""clase_id"": 66, ""prob"": 0.0002}, {""clase_id"": 6, ""prob"": 0.0002}, {""clase_id"": 38, ""prob"": 0.00017}]"
102034,70,0.99417,"[{""clase_id"": 70, ""prob"": 0.99417}, {""clase_id"": 50, ""prob"": 0.00028}, {""clase_id"": 32, ""prob"": 0.00022}, {""clase_id"": 24, ""prob"": 0.00019}, {""clase_id"": 69, ""prob"": 0.00017}]"
102035,70,0.99469,"[{""clase_id"": 70, ""prob"": 0.99469}, {""clase_id"": 50, ""prob"": 0.00021}, {""clase_id"": 38, ""prob"": 0.00019}, {""clase_id"": 66, ""prob"": 0.00017}, {""clase_id"": 6, ""prob"": 0.00016}]"
102036,70,0.99454,"[{""clase_id"": 70, ""prob"": 0.99454}, {""clase_id"": 50, ""prob"": 0.00021}, {""clase_id"": 38, ""prob"": 0.0002}, {""clase_id"": 32, ""prob"": 0.00019}, {""clase_id"": 22, ""prob"": 0.00017}]"
102037,70,0.99414,"[{""clase_id"": 70, ""prob"": 0.99414}, {""clase_id"": 50, ""prob"": 0.00024}, {""clase_id"": 22, ""prob"": 0.00024}, {""clase_id"": 32, ""prob"": 0.0002}, {""clase_id"": 24, ""prob"": 0.00018}]"
102038,70,0.99202,"[{""clase_id"": 70, ""prob"": 0.99202}, {""clase_id"": 50, ""prob"": 0.00049}, {""clase_id"": 67, ""prob"": 0.00036}, {""clase_id"": 56, ""prob"": 0.00033}, {""clase_id"": 24, ""prob"": 0.00029}]"
102039,70,0.99433,"[{""clase_id"": 70, ""prob"": 0.99433}, {""clase_id"": 32, ""prob"": 0.00021}, {""clase_id"": 22, ""prob"": 0.00021}, {""clase_id"": 50, ""prob"": 0.0002}, {""clase_id"": 38, ""prob"": 0.0002}]"
102040,67,0.99167,"[{""clase_id"": 67, ""prob"": 0.99167}, {""clase_id"": 5, ""prob"": 0.00203}, {""clase_id"": 12, ""prob"": 0.00094}, {""clase_id"": 48, ""prob"": 0.00085}, {""clase_id"": 66, ""prob"": 0.00031}]"
102041,67,0.99021,"[{""clase_id"": 67, ""prob"": 0.99021}, {""clase_id"": 12, ""prob"": 0.00182}, {""clase_id"": 5, ""prob"": 0.00069}, {""clase_id"": 9, ""prob"": 0.00061}, {""clase_id"": 50, ""prob"": 0.00054}]"
102042,67,0.98341,"[{""clase_id"": 67, ""prob"": 0.98341}, {""clase_id"": 9, ""prob"": 0.00347}, {""clase_id"": 12, ""prob"": 0.00244}, {""clase_id"": 5, ""prob"": 0.00071}, {""clase_id"": 32, ""prob"": 0.00058}]"
102043,67,0.99204,"[{""clase_id"": 67, ""prob"": 0.99204}, {""clase_id"": 5, ""prob"": 0.00209}, {""clase_id"": 12, ""prob"": 0.00065}, {""clase_id"": 48, ""prob"": 0.00048}, {""clase_id"": 66, ""prob"": 0.0003}]"
102044,67,0.97171,"[{""clase_id"": 67, ""prob"": 0.97171}, {""clase_id"": 5, ""prob"": 0.00689}, {""clase_id"": 46, ""prob"": 0.00227}, {""clase_id"": 6, ""prob"": 0.00169}, {""clase_id"": 12, ""prob"": 0.00123}]"
102045,66,0.70679,"[{""clase_id"": 66, ""prob"": 0.70679}, {""clase_id"": 5, ""prob"": 0.20718}, {""clase_id"": 67, ""prob"": 0.03148}, {""clase_id"": 48, ""prob"": 0.03126}, {""clase_id"": 27, ""prob"": 0.00375}]"
102046,67,0.98135,"[{""clase_id"": 67, ""prob"": 0.98135}, {""clase_id"": 5, ""prob"": 0.00751}, {""clase_id"": 50, ""prob"": 0.00174}, {""clase_id"": 9, ""prob"": 0.00086}, {""clase_id"": 12, ""prob"": 0.00049}]"
102047,67,0.98348,"[{""clase_id"": 67, ""prob"": 0.98348}, {""clase_id"": 5, ""prob"": 0.00507}, {""clase_id"": 12, ""prob"": 0.00132}, {""clase_id"": 66, ""prob"": 0.00109}, {""clase_id"": 48, ""prob"": 0.00094}]"
102048,5,0.97489,"[{""clase_id"": 5, ""prob"": 0.97489}, {""clase_id"": 67, ""prob"": 0.01578}, {""clase_id"": 66, ""prob"": 0.00229}, {""clase_id"": 48, ""prob"": 0.00134}, {""clase_id"": 6, ""prob"": 0.00064}]"
102049,67,0.98996,"[{""clase_id"": 67, ""prob"": 0.98996}, {""clase_id"": 5, ""prob"": 0.00302}, {""clase_id"": 50, ""prob"": 0.00045}, {""clase_id"": 9, ""prob"": 0.00044}, {""clase_id"": 48, ""prob"": 0.00042}]"
102050,67,0.98901,"[{""clase_id"": 67, ""prob"": 0.98901}, {""clase_id"": 5, ""prob"": 0.00264}, {""clase_id"": 12, ""prob"": 0.00123}, {""clase_id"": 48, ""prob"": 0.00047}, {""clase_id"": 46, ""prob"": 0.00041}]"
102051,67,0.99116,"[{""clase_id"": 67, ""prob"": 0.99116}, {""clase_id"": 5, ""prob"": 0.00269}, {""clase_id"": 12, ""prob"": 0.00052}, {""clase_id"": 48, ""prob"": 0.00049}, {""clase_id"": 56, ""prob"": 0.00031}]"
102052,67,0.98909,"[{""clase_id"": 67, ""prob"": 0.98909}, {""clase_id"": 5, ""prob"": 0.00458}, {""clase_id"": 48, ""prob"": 0.00054}, {""clase_id"": 12, ""prob"": 0.0005}, {""clase_id"": 66, ""prob"": 0.00041}]"
102053,67,0.97748,"[{""clase_id"": 67, ""prob"": 0.97748}, {""clase_id"": 5, ""prob"": 0.01289}, {""clase_id"": 50, ""prob"": 0.00096}, {""clase_id"": 48, ""prob"": 0.00083}, {""clase_id"": 56, ""prob"": 0.00069}]"
102054,67,0.98959,"[{""clase_id"": 67, ""prob"": 0.98959}, {""clase_id"": 5, ""prob"": 0.00185}, {""clase_id"": 9, ""prob"": 0.00152}, {""clase_id"": 12, ""prob"": 0.00052}, {""clase_id"": 48, ""prob"": 0.00044}]"
102055,67,0.98395,"[{""clase_id"": 67, ""prob"": 0.98395}, {""clase_id"": 5, ""prob"": 0.00687}, {""clase_id"": 65, ""prob"": 0.00093}, {""clase_id"": 12, ""prob"": 0.00056}, {""clase_id"": 66, ""prob"": 0.00055}]"
102056,67,0.99134,"[{""clase_id"": 67, ""prob"": 0.99134}, {""clase_id"": 5, ""prob"": 0.00227}, {""clase_id"": 12, ""prob"": 0.00074}, {""clase_id"": 48, ""prob"": 0.00051}, {""clase_id"": 66, ""prob"": 0.00027}]"
102057,67,0.97956,"[{""clase_id"": 67, ""prob"": 0.97956}, {""clase_id"": 12, ""prob"": 0.00826}, {""clase_id"": 5, ""prob"": 0.00111}, {""clase_id"": 9, ""prob"": 0.00064}, {""clase_id"": 32, ""prob"": 0.00061}]"
102058,67,0.99161,"[{""clase_id"": 67, ""prob"": 0.99161}, {""clase_id"": 5, ""prob"": 0.00292}, {""clase_id"": 48, ""prob"": 0.00066}, {""clase_id"": 12, ""prob"": 0.00055}, {""clase_id"": 66, ""prob"": 0.0003}]"
102059,67,0.98881,"[{""clase_id"": 67, ""prob"": 0.98881}, {""clase_id"": 12, ""prob"": 0.00171}, {""clase_id"": 9, ""prob"": 0.00093}, {""clase_id"": 50, ""prob"": 0.00093}, {""clase_id"": 5, ""prob"": 0.00093}]"
102060,67,0.99199,"[{""clase_id"": 67, ""prob"": 0.99199}, {""clase_id"": 12, ""prob"": 0.00122}, {""clase_id"": 5, ""prob"": 0.00087}, {""clase_id"": 50, ""prob"": 0.00045}, {""clase_id"": 9, ""prob"": 0.00044}]"
102061,67,0.99227,"[{""clase_id"": 67, ""prob"": 0.99227}, {""clase_id"": 12, ""prob"": 0.00146}, {""clase_id"": 5, ""prob"": 0.00091}, {""clase_id"": 48, ""prob"": 0.00047}, {""clase_id"": 50, ""prob"": 0.00031}]"
102062,67,0.98862,"[{""clase_id"": 67, ""prob"": 0.98862}, {""clase_id"": 12, ""prob"": 0.00214}, {""clase_id"": 5, ""prob"": 0.00129}, {""clase_id"": 32, ""prob"": 0.00045}, {""clase_id"": 48, ""prob"": 0.00045}]"
102063,5,0.50191,"[{""clase_id"": 5, ""prob"": 0.50191}, {""clase_id"": 66, ""prob"": 0.33309}, {""clase_id"": 67, ""prob"": 0.13818}, {""clase_id"": 48, ""prob"": 0.00403}, {""clase_id"": 6, ""prob"": 0.0021}]"
102064,67,0.98402,"[{""clase_id"": 67, ""prob"": 0.98402}, {""clase_id"": 12, ""prob"": 0.00378}, {""clase_id"": 9, ""prob"": 0.0016}, {""clase_id"": 50, ""prob"": 0.00084}, {""clase_id"": 5, ""prob"": 0.00062}]"
102065,67,0.98186,"[{""clase_id"": 67, ""prob"": 0.98186}, {""clase_id"": 50, ""prob"": 0.00356}, {""clase_id"": 5, ""prob"": 0.00324}, {""clase_id"": 56, ""prob"": 0.00173}, {""clase_id"": 48, ""prob"": 0.00119}]"
102066,67,0.99043,"[{""clase_id"": 67, ""prob"": 0.99043}, {""clase_id"": 9, ""prob"": 0.0015}, {""clase_id"": 5, ""prob"": 0.00111}, {""clase_id"": 12, ""prob"": 0.00064}, {""clase_id"": 48, ""prob"": 0.00047}]"
102067,67,0.98837,"[{""clase_id"": 67, ""prob"": 0.98837}, {""clase_id"": 5, ""prob"": 0.00371}, {""clase_id"": 65, ""prob"": 0.00056}, {""clase_id"": 50, ""prob"": 0.0005}, {""clase_id"": 48, ""prob"": 0.00045}]"
102068,67,0.99173,"[{""clase_id"": 67, ""prob"": 0.99173}, {""clase_id"": 5, ""prob"": 0.00137}, {""clase_id"": 9, ""prob"": 0.00062}, {""clase_id"": 12, ""prob"": 0.00058}, {""clase_id"": 48, ""prob"": 0.0004}]"
102069,67,0.96365,"[{""clase_id"": 67, ""prob"": 0.96365}, {""clase_id"": 5, ""prob"": 0.0132}, {""clase_id"": 66, ""prob"": 0.00459}, {""clase_id"": 48, ""prob"": 0.00282}, {""clase_id"": 50, ""prob"": 0.00151}]"
102070,67,0.97917,"[{""clase_id"": 67, ""prob"": 0.97917}, {""clase_id"": 12, ""prob"": 0.00539}, {""clase_id"": 9, ""prob"": 0.0028}, {""clase_id"": 5, ""prob"": 0.00161}, {""clase_id"": 66, ""prob"": 0.0009}]"
102071,67,0.98793,"[{""clase_id"": 67, ""prob"": 0.98793}, {""clase_id"": 9, ""prob"": 0.00195}, {""clase_id"": 12, ""prob"": 0.00191}, {""clase_id"": 5, ""prob"": 0.00082}, {""clase_id"": 48, ""prob"": 0.0004}]"
102072,67,0.99145,"[{""clase_id"": 67, ""prob"": 0.99145}, {""clase_id"": 5, ""prob"": 0.00212}, {""clase_id"": 12, ""prob"": 0.00079}, {""clase_id"": 48, ""prob"": 0.00048}, {""clase_id"": 66, ""prob"": 0.00027}]"
102073,67,0.98111,"[{""clase_id"": 67, ""prob"": 0.98111}, {""clase_id"": 5, ""prob"": 0.00918}, {""clase_id"": 46, ""prob"": 0.00063}, {""clase_id"": 48, ""prob"": 0.00062}, {""clase_id"": 12, ""prob"": 0.0006}]"
102074,67,0.98765,"[{""clase_id"": 67, ""prob"": 0.98765}, {""clase_id"": 5, ""prob"": 0.00368}, {""clase_id"": 66, ""prob"": 0.0014}, {""clase_id"": 12, ""prob"": 0.00114}, {""clase_id"": 48, ""prob"": 0.00072}]"
102075,67,0.99053,"[{""clase_id"": 67, ""prob"": 0.99053}, {""clase_id"": 5, ""prob"": 0.00285}, {""clase_id"": 12, ""prob"": 0.00081}, {""clase_id"": 66, ""prob"": 0.00038}, {""clase_id"": 48, ""prob"": 0.00035}]"
102076,67,0.99244,"[{""clase_id"": 67, ""prob"": 0.99244}, {""clase_id"": 5, ""prob"": 0.0012}, {""clase_id"": 12, ""prob"": 0.00077}, {""clase_id"": 9, ""prob"": 0.00044}, {""clase_id"": 48, ""prob"": 0.00032}]"
102077,67,0.98762,"[{""clase_id"": 67, ""prob"": 0.98762}, {""clase_id"": 9, ""prob"": 0.00268}, {""clase_id"": 5, ""prob"": 0.00089}, {""clase_id"": 12, ""prob"": 0.00086}, {""clase_id"": 48, ""prob"": 0.00047}]"
102078,67,0.98902,"[{""clase_id"": 67, ""prob"": 0.98902}, {""clase_id"": 5, ""prob"": 0.00206}, {""clase_id"": 9, ""prob"": 0.00137}, {""clase_id"": 12, ""prob"": 0.00054}, {""clase_id"": 48, ""prob"": 0.00042}]"
102079,67,0.99001,"[{""clase_id"": 67, ""prob"": 0.99001}, {""clase_id"": 5, ""prob"": 0.00263}, {""clase_id"": 12, ""prob"": 0.00099}, {""clase_id"": 48, ""prob"": 0.00056}, {""clase_id"": 46, ""prob"": 0.00036}]"
102080,53,0.9952,"[{""clase_id"": 53, ""prob"": 0.9952}, {""clase_id"": 25, ""prob"": 0.00069}, {""clase_id"": 55, ""prob"": 0.00037}, {""clase_id"": 52, ""prob"": 0.00027}, {""clase_id"": 16, ""prob"": 0.00019}]"
102081,53,0.99582,"[{""clase_id"": 53, ""prob"": 0.99582}, {""clase_id"": 25, ""prob"": 0.00042}, {""clase_id"": 52, ""prob"": 0.00022}, {""clase_id"": 55, ""prob"": 0.00021}, {""clase_id"": 61, ""prob"": 0.0002}]"
102082,53,0.99533,"[{""clase_id"": 53, ""prob"": 0.99533}, {""clase_id"": 52, ""prob"": 0.00035}, {""clase_id"": 55, ""prob"": 0.00035}, {""clase_id"": 25, ""prob"": 0.00031}, {""clase_id"": 28, ""prob"": 0.00025}]"
102083,53,0.99559,"[{""clase_id"": 53, ""prob"": 0.99559}, {""clase_id"": 25, ""prob"": 0.00054}, {""clase_id"": 52, ""prob"": 0.00033}, {""clase_id"": 55, ""prob"": 0.0003}, {""clase_id"": 66, ""prob"": 0.00018}]"
102084,53,0.99479,"[{""clase_id"": 53, ""prob"": 0.99479}, {""clase_id"": 25, ""prob"": 0.00117}, {""clase_id"": 66, ""prob"": 0.00026}, {""clase_id"": 45, ""prob"": 0.00023}, {""clase_id"": 55, ""prob"": 0.00018}]"
102085,53,0.99577,"[{""clase_id"": 53, ""prob"": 0.99577}, {""clase_id"": 25, ""prob"": 0.00029}, {""clase_id"": 66, ""prob"": 0.00025}, {""clase_id"": 55, ""prob"": 0.00024}, {""clase_id"": 52, ""prob"": 0.0002}]"
102086,53,0.9954,"[{""clase_id"": 53, ""prob"": 0.9954}, {""clase_id"": 25, ""prob"": 0.0003}, {""clase_id"": 55, ""prob"": 0.00029}, {""clase_id"": 66, ""prob"": 0.00028}, {""clase_id"": 52, ""prob"": 0.00023}]"
102087,53,0.98475,"[{""clase_id"": 53, ""prob"": 0.98475}, {""clase_id"": 28, ""prob"": 0.00231}, {""clase_id"": 66, ""prob"": 0.00107}, {""clase_id"": 64, ""prob"": 0.00105}, {""clase_id"": 52, ""prob"": 0.00099}]"
102088,53,0.99553,"[{""clase_id"": 53, ""prob"": 0.99553}, {""clase_id"": 25, ""prob"": 0.00045}, {""clase_id"": 55, ""prob"": 0.00033}, {""clase_id"": 52, ""prob"": 0.00028}, {""clase_id"": 13, ""prob"": 0.00019}]"
102089,53,0.99564,"[{""clase_id"": 53, ""prob"": 0.99564}, {""clase_id"": 25, ""prob"": 0.0008}, {""clase_id"": 55, ""prob"": 0.00022}, {""clase_id"": 52, ""prob"": 0.0002}, {""clase_id"": 66, ""prob"": 0.00018}]"
102090,53,0.99531,"[{""clase_id"": 53, ""prob"": 0.99531}, {""clase_id"": 52, ""prob"": 0.00045}, {""clase_id"": 25, ""prob"": 0.00037}, {""clase_id"": 55, ""prob"": 0.00031}, {""clase_id"": 13, ""prob"": 0.00024}]"
102091,53,0.96894,"[{""clase_id"": 53, ""prob"": 0.96894}, {""clase_id"": 52, ""prob"": 0.01771}, {""clase_id"": 51, ""prob"": 0.00363}, {""clase_id"": 55, ""prob"": 0.00068}, {""clase_id"": 28, ""prob"": 0.0006}]"
102092,25,0.98644,"[{""clase_id"": 25, ""prob"": 0.98645}, {""clase_id"": 53, ""prob"": 0.00362}, {""clase_id"": 14, ""prob"": 0.0015}, {""clase_id"": 27, ""prob"": 0.00099}, {""clase_id"": 59, ""prob"": 0.0006}]"
102093,53,0.99584,"[{""clase_id"": 53, ""prob"": 0.99584}, {""clase_id"": 25, ""prob"": 0.00053}, {""clase_id"": 55, ""prob"": 0.00022}, {""clase_id"": 52, ""prob"": 0.00021}, {""clase_id"": 66, ""prob"": 0.00017}]"
102094,25,0.49707,"[{""clase_id"": 25, ""prob"": 0.49707}, {""clase_id"": 53, ""prob"": 0.14052}, {""clase_id"": 7, ""prob"": 0.08717}, {""clase_id"": 35, ""prob"": 0.07158}, {""clase_id"": 27, ""prob"": 0.0488}]"
102095,53,0.99568,"[{""clase_id"": 53, ""prob"": 0.99568}, {""clase_id"": 25, ""prob"": 0.00061}, {""clase_id"": 66, ""prob"": 0.0002}, {""clase_id"": 61, ""prob"": 0.00019}, {""clase_id"": 55, ""prob"": 0.00018}]"
102096,53,0.98643,"[{""clase_id"": 53, ""prob"": 0.98643}, {""clase_id"": 52, ""prob"": 0.00382}, {""clase_id"": 55, ""prob"": 0.00082}, {""clase_id"": 25, ""prob"": 0.00067}, {""clase_id"": 13, ""prob"": 0.00056}]"
102097,53,0.99502,"[{""clase_id"": 53, ""prob"": 0.99502}, {""clase_id"": 25, ""prob"": 0.00073}, {""clase_id"": 52, ""prob"": 0.00035}, {""clase_id"": 66, ""prob"": 0.00031}, {""clase_id"": 61, ""prob"": 0.0002}]"
102098,53,0.99086,"[{""clase_id"": 53, ""prob"": 0.99086}, {""clase_id"": 52, ""prob"": 0.00207}, {""clase_id"": 8, ""prob"": 0.001}, {""clase_id"": 28, ""prob"": 0.00056}, {""clase_id"": 55, ""prob"": 0.00045}]"
102099,53,0.99559,"[{""clase_id"": 53, ""prob"": 0.99559}, {""clase_id"": 25, ""prob"": 0.00056}, {""clase_id"": 52, ""prob"": 0.00029}, {""clase_id"": 66, ""prob"": 0.00019}, {""clase_id"": 13, ""prob"": 0.00019}]"
102100,53,0.95505,"[{""clase_id"": 53, ""prob"": 0.95505}, {""clase_id"": 28, ""prob"": 0.01064}, {""clase_id"": 51, ""prob"": 0.00365}, {""clase_id"": 55, ""prob"": 0.00346}, {""clase_id"": 52, ""prob"": 0.00296}]"
102101,53,0.94311,"[{""clase_id"": 53, ""prob"": 0.94311}, {""clase_id"": 25, ""prob"": 0.01754}, {""clase_id"": 45, ""prob"": 0.00539}, {""clase_id"": 51, ""prob"": 0.00515}, {""clase_id"": 28, ""prob"": 0.0028}]"
102102,25,0.79278,"[{""clase_id"": 25, ""prob"": 0.79278}, {""clase_id"": 14, ""prob"": 0.03858}, {""clase_id"": 35, ""prob"": 0.03638}, {""clase_id"": 27, ""prob"": 0.03274}, {""clase_id"": 53, ""prob"": 0.02297}]"
102103,53,0.99432,"[{""clase_id"": 53, ""prob"": 0.99432}, {""clase_id"": 25, ""prob"": 0.00168}, {""clase_id"": 66, ""prob"": 0.00021}, {""clase_id"": 55, ""prob"": 0.0002}, {""clase_id"": 45, ""prob"": 0.0002}]"
102104,53,0.99592,"[{""clase_id"": 53, ""prob"": 0.99592}, {""clase_id"": 25, ""prob"": 0.00042}, {""clase_id"": 52, ""prob"": 0.00022}, {""clase_id"": 66, ""prob"": 0.0002}, {""clase_id"": 55, ""prob"": 0.0002}]"
102105,53,0.97565,"[{""clase_id"": 53, ""prob"": 0.97565}, {""clase_id"": 13, ""prob"": 0.00336}, {""clase_id"": 52, ""prob"": 0.00257}, {""clase_id"": 55, ""prob"": 0.00149}, {""clase_id"": 25, ""prob"": 0.00129}]"
102106,53,0.98681,"[{""clase_id"": 53, ""prob"": 0.98681}, {""clase_id"": 52, ""prob"": 0.00338}, {""clase_id"": 61, ""prob"": 0.00151}, {""clase_id"": 55, ""prob"": 0.00045}, {""clase_id"": 64, ""prob"": 0.00044}]"
102107,53,0.9939,"[{""clase_id"": 53, ""prob"": 0.9939}, {""clase_id"": 55, ""prob"": 0.00106}, {""clase_id"": 25, ""prob"": 0.00035}, {""clase_id"": 52, ""prob"": 0.00033}, {""clase_id"": 66, ""prob"": 0.00029}]"
102108,53,0.99286,"[{""clase_id"": 53, ""prob"": 0.99286}, {""clase_id"": 25, ""prob"": 0.0029}, {""clase_id"": 55, ""prob"": 0.00022}, {""clase_id"": 45, ""prob"": 0.00022}, {""clase_id"": 13, ""prob"": 0.00021}]"
102109,53,0.99356,"[{""clase_id"": 53, ""prob"": 0.99356}, {""clase_id"": 25, ""prob"": 0.00231}, {""clase_id"": 45, ""prob"": 0.00022}, {""clase_id"": 55, ""prob"": 0.0002}, {""clase_id"": 66, ""prob"": 0.0002}]"
102110,53,0.94062,"[{""clase_id"": 53, ""prob"": 0.94062}, {""clase_id"": 52, ""prob"": 0.03923}, {""clase_id"": 28, ""prob"": 0.00363}, {""clase_id"": 15, ""prob"": 0.00155}, {""clase_id"": 51, ""prob"": 0.0013}]"
102111,53,0.99568,"[{""clase_id"": 53, ""prob"": 0.99568}, {""clase_id"": 25, ""prob"": 0.00054}, {""clase_id"": 66, ""prob"": 0.00022}, {""clase_id"": 61, ""prob"": 0.00019}, {""clase_id"": 55, ""prob"": 0.00019}]"
102112,53,0.99459,"[{""clase_id"": 53, ""prob"": 0.99459}, {""clase_id"": 52, ""prob"": 0.00054}, {""clase_id"": 28, ""prob"": 0.00047}, {""clase_id"": 55, ""prob"": 0.00038}, {""clase_id"": 25, ""prob"": 0.00036}]"
102113,53,0.99525,"[{""clase_id"": 53, ""prob"": 0.99525}, {""clase_id"": 66, ""prob"": 0.00029}, {""clase_id"": 25, ""prob"": 0.00026}, {""clase_id"": 55, ""prob"": 0.00023}, {""clase_id"": 61, ""prob"": 0.00023}]"
102114,53,0.82794,"[{""clase_id"": 53, ""prob"": 0.82794}, {""clase_id"": 16, ""prob"": 0.0688}, {""clase_id"": 25, ""prob"": 0.01209}, {""clase_id"": 28, ""prob"": 0.0105}, {""clase_id"": 52, ""prob"": 0.00906}]"
102115,53,0.99461,"[{""clase_id"": 53, ""prob"": 0.99461}, {""clase_id"": 25, ""prob"": 0.00065}, {""clase_id"": 52, ""prob"": 0.00063}, {""clase_id"": 55, ""prob"": 0.00022}, {""clase_id"": 13, ""prob"": 0.00021}]"
102116,53,0.86066,"[{""clase_id"": 53, ""prob"": 0.86066}, {""clase_id"": 52, ""prob"": 0.0944}, {""clase_id"": 64, ""prob"": 0.00624}, {""clase_id"": 28, ""prob"": 0.0043}, {""clase_id"": 8, ""prob"": 0.0039}]"
102117,53,0.95957,"[{""clase_id"": 53, ""prob"": 0.95957}, {""clase_id"": 16, ""prob"": 0.01241}, {""clase_id"": 28, ""prob"": 0.00608}, {""clase_id"": 25, ""prob"": 0.00368}, {""clase_id"": 52, ""prob"": 0.00266}]"
102118,53,0.99349,"[{""clase_id"": 53, ""prob"": 0.99349}, {""clase_id"": 52, ""prob"": 0.00117}, {""clase_id"": 55, ""prob"": 0.00052}, {""clase_id"": 25, ""prob"": 0.00034}, {""clase_id"": 66, ""prob"": 0.00026}]"
102119,53,0.99568,"[{""clase_id"": 53, ""prob"": 0.99568}, {""clase_id"": 25, ""prob"": 0.00052}, {""clase_id"": 52, ""prob"": 0.00029}, {""clase_id"": 51, ""prob"": 0.00021}, {""clase_id"": 66, ""prob"": 0.0002}]"
102120,21,0.99387,"[{""clase_id"": 21, ""prob"": 0.99387}, {""clase_id"": 49, ""prob"": 0.00076}, {""clase_id"": 30, ""prob"": 0.00036}, {""clase_id"": 38, ""prob"": 0.00035}, {""clase_id"": 73, ""prob"": 0.00021}]"
102121,21,0.99402,"[{""clase_id"": 21, ""prob"": 0.99402}, {""clase_id"": 49, ""prob"": 0.00065}, {""clase_id"": 38, ""prob"": 0.00052}, {""clase_id"": 30, ""prob"": 0.00044}, {""clase_id"": 73, ""prob"": 0.00024}]"
102122,21,0.99361,"[{""clase_id"": 21, ""prob"": 0.99361}, {""clase_id"": 49, ""prob"": 0.00095}, {""clase_id"": 30, ""prob"": 0.00042}, {""clase_id"": 38, ""prob"": 0.00038}, {""clase_id"": 17, ""prob"": 0.00024}]"
102123,21,0.99209,"[{""clase_id"": 21, ""prob"": 0.99209}, {""clase_id"": 49, ""prob"": 0.00062}, {""clase_id"": 30, ""prob"": 0.00051}, {""clase_id"": 38, ""prob"": 0.0005}, {""clase_id"": 17, ""prob"": 0.00041}]"
102124,21,0.99395,"[{""clase_id"": 21, ""prob"": 0.99395}, {""clase_id"": 49, ""prob"": 0.00077}, {""clase_id"": 38, ""prob"": 0.00045}, {""clase_id"": 30, ""prob"": 0.0003}, {""clase_id"": 73, ""prob"": 0.00024}]"
102125,21,0.99387,"[{""clase_id"": 21, ""prob"": 0.99387}, {""clase_id"": 49, ""prob"": 0.00087}, {""clase_id"": 30, ""prob"": 0.00043}, {""clase_id"": 38, ""prob"": 0.00042}, {""clase_id"": 73, ""prob"": 0.00023}]"
102126,21,0.99231,"[{""clase_id"": 21, ""prob"": 0.99231}, {""clase_id"": 49, ""prob"": 0.00101}, {""clase_id"": 30, ""prob"": 0.00079}, {""clase_id"": 38, ""prob"": 0.00048}, {""clase_id"": 17, ""prob"": 0.00043}]"
102127,21,0.99247,"[{""clase_id"": 21, ""prob"": 0.99247}, {""clase_id"": 30, ""prob"": 0.00089}, {""clase_id"": 49, ""prob"": 0.00074}, {""clase_id"": 38, ""prob"": 0.00055}, {""clase_id"": 73, ""prob"": 0.00037}]"
102128,21,0.99023,"[{""clase_id"": 21, ""prob"": 0.99023}, {""clase_id"": 49, ""prob"": 0.00214}, {""clase_id"": 30, ""prob"": 0.00048}, {""clase_id"": 17, ""prob"": 0.00038}, {""clase_id"": 38, ""prob"": 0.00034}]"
102129,21,0.99314,"[{""clase_id"": 21, ""prob"": 0.99314}, {""clase_id"": 49, ""prob"": 0.00114}, {""clase_id"": 30, ""prob"": 0.00051}, {""clase_id"": 38, ""prob"": 0.00034}, {""clase_id"": 17, ""prob"": 0.00029}]"
102130,21,0.97064,"[{""clase_id"": 21, ""prob"": 0.97064}, {""clase_id"": 49, ""prob"": 0.00748}, {""clase_id"": 38, ""prob"": 0.00656}, {""clase_id"": 9, ""prob"": 0.00131}, {""clase_id"": 73, ""prob"": 0.00092}]"
102131,21,0.99339,"[{""clase_id"": 21, ""prob"": 0.99339}, {""clase_id"": 49, ""prob"": 0.00116}, {""clase_id"": 38, ""prob"": 0.00039}, {""clase_id"": 30, ""prob"": 0.00033}, {""clase_id"": 4, ""prob"": 0.00024}]"
102132,21,0.99333,"[{""clase_id"": 21, ""prob"": 0.99333}, {""clase_id"": 49, ""prob"": 0.0007}, {""clase_id"": 38, ""prob"": 0.00046}, {""clase_id"": 30, ""prob"": 0.00034}, {""clase_id"": 73, ""prob"": 0.00031}]"
102133,21,0.95931,"[{""clase_id"": 21, ""prob"": 0.95931}, {""clase_id"": 49, ""prob"": 0.02318}, {""clase_id"": 38, ""prob"": 0.0011}, {""clase_id"": 9, ""prob"": 0.00104}, {""clase_id"": 14, ""prob"": 0.00089}]"
102134,21,0.98974,"[{""clase_id"": 21, ""prob"": 0.98974}, {""clase_id"": 49, ""prob"": 0.00357}, {""clase_id"": 38, ""prob"": 0.00108}, {""clase_id"": 4, ""prob"": 0.00027}, {""clase_id"": 17, ""prob"": 0.00023}]"
102135,21,0.98942,"[{""clase_id"": 21, ""prob"": 0.98942}, {""clase_id"": 49, ""prob"": 0.00333}, {""clase_id"": 30, ""prob"": 0.00044}, {""clase_id"": 4, ""prob"": 0.00041}, {""clase_id"": 17, ""prob"": 0.00041}]"
102136,21,0.98688,"[{""clase_id"": 21, ""prob"": 0.98688}, {""clase_id"": 49, ""prob"": 0.0019}, {""clase_id"": 38, ""prob"": 0.00112}, {""clase_id"": 73, ""prob"": 0.00058}, {""clase_id"": 3, ""prob"": 0.00052}]"
102137,21,0.98644,"[{""clase_id"": 21, ""prob"": 0.98644}, {""clase_id"": 49, ""prob"": 0.0053}, {""clase_id"": 38, ""prob"": 0.00145}, {""clase_id"": 30, ""prob"": 0.00037}, {""clase_id"": 4, ""prob"": 0.00027}]"
102138,21,0.98363,"[{""clase_id"": 21, ""prob"": 0.98363}, {""clase_id"": 38, ""prob"": 0.00304}, {""clase_id"": 49, ""prob"": 0.003}, {""clase_id"": 73, ""prob"": 0.00199}, {""clase_id"": 54, ""prob"": 0.0004}]"
102139,21,0.99285,"[{""clase_id"": 21, ""prob"": 0.99285}, {""clase_id"": 49, ""prob"": 0.00071}, {""clase_id"": 30, ""prob"": 0.0007}, {""clase_id"": 38, ""prob"": 0.00043}, {""clase_id"": 73, ""prob"": 0.00034}]"
102140,21,0.99364,"[{""clase_id"": 21, ""prob"": 0.99364}, {""clase_id"": 49, ""prob"": 0.00076}, {""clase_id"": 30, ""prob"": 0.00039}, {""clase_id"": 38, ""prob"": 0.0003}, {""clase_id"": 4, ""prob"": 0.00025}]"
102141,21,0.99352,"[{""clase_id"": 21, ""prob"": 0.99352}, {""clase_id"": 49, ""prob"": 0.0009}, {""clase_id"": 30, ""prob"": 0.00047}, {""clase_id"": 38, ""prob"": 0.00042}, {""clase_id"": 17, ""prob"": 0.00025}]"
102142,21,0.9938,"[{""clase_id"": 21, ""prob"": 0.9938}, {""clase_id"": 49, ""prob"": 0.00086}, {""clase_id"": 30, ""prob"": 0.0004}, {""clase_id"": 38, ""prob"": 0.00039}, {""clase_id"": 17, ""prob"": 0.00022}]"
102143,21,0.99298,"[{""clase_id"": 21, ""prob"": 0.99298}, {""clase_id"": 49, ""prob"": 0.00076}, {""clase_id"": 38, ""prob"": 0.00043}, {""clase_id"": 73, ""prob"": 0.00028}, {""clase_id"": 30, ""prob"": 0.00028}]"
102144,21,0.99396,"[{""clase_id"": 21, ""prob"": 0.99396}, {""clase_id"": 49, ""prob"": 0.00081}, {""clase_id"": 38, ""prob"": 0.00045}, {""clase_id"": 30, ""prob"": 0.00042}, {""clase_id"": 73, ""prob"": 0.00023}]"
102145,21,0.99332,"[{""clase_id"": 21, ""prob"": 0.99332}, {""clase_id"": 49, ""prob"": 0.00105}, {""clase_id"": 30, ""prob"": 0.00055}, {""clase_id"": 38, ""prob"": 0.00039}, {""clase_id"": 17, ""prob"": 0.00028}]"
102146,21,0.64608,"[{""clase_id"": 21, ""prob"": 0.64608}, {""clase_id"": 38, ""prob"": 0.26552}, {""clase_id"": 73, ""prob"": 0.02534}, {""clase_id"": 49, ""prob"": 0.01023}, {""clase_id"": 54, ""prob"": 0.00693}]"
102147,21,0.99352,"[{""clase_id"": 21, ""prob"": 0.99352}, {""clase_id"": 49, ""prob"": 0.00088}, {""clase_id"": 30, ""prob"": 0.00048}, {""clase_id"": 38, ""prob"": 0.00031}, {""clase_id"": 17, ""prob"": 0.00027}]"
102148,21,0.9847,"[{""clase_id"": 21, ""prob"": 0.9847}, {""clase_id"": 49, ""prob"": 0.00377}, {""clase_id"": 30, ""prob"": 0.00131}, {""clase_id"": 8, ""prob"": 0.00066}, {""clase_id"": 17, ""prob"": 0.00052}]"
102149,21,0.99356,"[{""clase_id"": 21, ""prob"": 0.99356}, {""clase_id"": 49, ""prob"": 0.00066}, {""clase_id"": 30, ""prob"": 0.00042}, {""clase_id"": 38, ""prob"": 0.00034}, {""clase_id"": 73, ""prob"": 0.00024}]"
102150,21,0.99305,"[{""clase_id"": 21, ""prob"": 0.99305}, {""clase_id"": 49, ""prob"": 0.00089}, {""clase_id"": 30, ""prob"": 0.00068}, {""clase_id"": 38, ""prob"": 0.00045}, {""clase_id"": 17, ""prob"": 0.00031}]"
102151,21,0.99225,"[{""clase_id"": 21, ""prob"": 0.99225}, {""clase_id"": 49, ""prob"": 0.00161}, {""clase_id"": 38, ""prob"": 0.00042}, {""clase_id"": 30, ""prob"": 0.00039}, {""clase_id"": 4, ""prob"": 0.0003}]"
102152,21,0.99275,"[{""clase_id"": 21, ""prob"": 0.99275}, {""clase_id"": 49, ""prob"": 0.00129}, {""clase_id"": 38, ""prob"": 0.00066}, {""clase_id"": 30, ""prob"": 0.00039}, {""clase_id"": 17, ""prob"": 0.00033}]"
102153,21,0.99217,"[{""clase_id"": 21, ""prob"": 0.99217}, {""clase_id"": 49, ""prob"": 0.00142}, {""clase_id"": 38, ""prob"": 0.00074}, {""clase_id"": 30, ""prob"": 0.00048}, {""clase_id"": 4, ""prob"": 0.00035}]"
102154,21,0.98712,"[{""clase_id"": 21, ""prob"": 0.98712}, {""clase_id"": 49, ""prob"": 0.00509}, {""clase_id"": 38, ""prob"": 0.00109}, {""clase_id"": 30, ""prob"": 0.0004}, {""clase_id"": 17, ""prob"": 0.00039}]"
102155,21,0.99378,"[{""clase_id"": 21, ""prob"": 0.99378}, {""clase_id"": 49, ""prob"": 0.00075}, {""clase_id"": 38, ""prob"": 0.0005}, {""clase_id"": 73, ""prob"": 0.00031}, {""clase_id"": 30, ""prob"": 0.0003}]"
102156,21,0.99309,"[{""clase_id"": 21, ""prob"": 0.99309}, {""clase_id"": 49, ""prob"": 0.00074}, {""clase_id"": 38, ""prob"": 0.00038}, {""clase_id"": 30, ""prob"": 0.00034}, {""clase_id"": 73, ""prob"": 0.00029}]"
102157,21,0.99365,"[{""clase_id"": 21, ""prob"": 0.99365}, {""clase_id"": 49, ""prob"": 0.0007}, {""clase_id"": 30, ""prob"": 0.00052}, {""clase_id"": 38, ""prob"": 0.0004}, {""clase_id"": 73, ""prob"": 0.00027}]"
102158,21,0.99346,"[{""clase_id"": 21, ""prob"": 0.99346}, {""clase_id"": 49, ""prob"": 0.00127}, {""clase_id"": 38, ""prob"": 0.00052}, {""clase_id"": 30, ""prob"": 0.00032}, {""clase_id"": 17, ""prob"": 0.00025}]"
102159,21,0.99396,"[{""clase_id"": 21, ""prob"": 0.99396}, {""clase_id"": 49, ""prob"": 0.00075}, {""clase_id"": 38, ""prob"": 0.00043}, {""clase_id"": 30, ""prob"": 0.00032}, {""clase_id"": 73, ""prob"": 0.00025}]"
102160,7,0.51016,"[{""clase_id"": 7, ""prob"": 0.51016}, {""clase_id"": 35, ""prob"": 0.46814}, {""clase_id"": 27, ""prob"": 0.00505}, {""clase_id"": 48, ""prob"": 0.00151}, {""clase_id"": 65, ""prob"": 0.00115}]"
102161,7,0.98439,"[{""clase_id"": 7, ""prob"": 0.98439}, {""clase_id"": 64, ""prob"": 0.00276}, {""clase_id"": 52, ""prob"": 0.00097}, {""clase_id"": 65, ""prob"": 0.00089}, {""clase_id"": 44, ""prob"": 0.00066}]"
102162,7,0.98862,"[{""clase_id"": 7, ""prob"": 0.98862}, {""clase_id"": 65, ""prob"": 0.00279}, {""clase_id"": 35, ""prob"": 0.00163}, {""clase_id"": 50, ""prob"": 0.00047}, {""clase_id"": 44, ""prob"": 0.00032}]"
102163,7,0.71823,"[{""clase_id"": 7, ""prob"": 0.71823}, {""clase_id"": 35, ""prob"": 0.25675}, {""clase_id"": 27, ""prob"": 0.00834}, {""clase_id"": 65, ""prob"": 0.00115}, {""clase_id"": 5, ""prob"": 0.00087}]"
102164,7,0.62502,"[{""clase_id"": 7, ""prob"": 0.62502}, {""clase_id"": 35, ""prob"": 0.23205}, {""clase_id"": 27, ""prob"": 0.09545}, {""clase_id"": 48, ""prob"": 0.01047}, {""clase_id"": 8, ""prob"": 0.00479}]"
102165,7,0.95643,"[{""clase_id"": 7, ""prob"": 0.95643}, {""clase_id"": 35, ""prob"": 0.02387}, {""clase_id"": 27, ""prob"": 0.00437}, {""clase_id"": 65, ""prob"": 0.00099}, {""clase_id"": 33, ""prob"": 0.00093}]"
102166,65,0.94261,"[{""clase_id"": 65, ""prob"": 0.94261}, {""clase_id"": 7, ""prob"": 0.03269}, {""clase_id"": 50, ""prob"": 0.00525}, {""clase_id"": 33, ""prob"": 0.00255}, {""clase_id"": 30, ""prob"": 0.00083}]"
102167,7,0.99039,"[{""clase_id"": 7, ""prob"": 0.99039}, {""clase_id"": 65, ""prob"": 0.00087}, {""clase_id"": 52, ""prob"": 0.00084}, {""clase_id"": 64, ""prob"": 0.00079}, {""clase_id"": 35, ""prob"": 0.0006}]"
102168,7,0.99111,"[{""clase_id"": 7, ""prob"": 0.99111}, {""clase_id"": 35, ""prob"": 0.00083}, {""clase_id"": 33, ""prob"": 0.00048}, {""clase_id"": 61, ""prob"": 0.00046}, {""clase_id"": 64, ""prob"": 0.00044}]"
102169,7,0.98866,"[{""clase_id"": 7, ""prob"": 0.98866}, {""clase_id"": 35, ""prob"": 0.00319}, {""clase_id"": 65, ""prob"": 0.0015}, {""clase_id"": 27, ""prob"": 0.00044}, {""clase_id"": 64, ""prob"": 0.00044}]"
102170,7,0.99551,"[{""clase_id"": 7, ""prob"": 0.99551}, {""clase_id"": 35, ""prob"": 0.00049}, {""clase_id"": 65, ""prob"": 0.00024}, {""clase_id"": 66, ""prob"": 0.00023}, {""clase_id"": 64, ""prob"": 0.00022}]"
102171,7,0.9956,"[{""clase_id"": 7, ""prob"": 0.9956}, {""clase_id"": 35, ""prob"": 0.00057}, {""clase_id"": 66, ""prob"": 0.00024}, {""clase_id"": 65, ""prob"": 0.00023}, {""clase_id"": 64, ""prob"": 0.00022}]"
102172,7,0.59864,"[{""clase_id"": 7, ""prob"": 0.59864}, {""clase_id"": 36, ""prob"": 0.17679}, {""clase_id"": 61, ""prob"": 0.01675}, {""clase_id"": 70, ""prob"": 0.01595}, {""clase_id"": 20, ""prob"": 0.01383}]"
102173,7,0.99103,"[{""clase_id"": 7, ""prob"": 0.99103}, {""clase_id"": 35, ""prob"": 0.00087}, {""clase_id"": 64, ""prob"": 0.0008}, {""clase_id"": 61, ""prob"": 0.00066}, {""clase_id"": 44, ""prob"": 0.00041}]"
102174,7,0.99178,"[{""clase_id"": 7, ""prob"": 0.99178}, {""clase_id"": 65, ""prob"": 0.00157}, {""clase_id"": 50, ""prob"": 0.00044}, {""clase_id"": 66, ""prob"": 0.00042}, {""clase_id"": 56, ""prob"": 0.00041}]"
102175,7,0.97653,"[{""clase_id"": 7, ""prob"": 0.97653}, {""clase_id"": 50, ""prob"": 0.0035}, {""clase_id"": 65, ""prob"": 0.00265}, {""clase_id"": 64, ""prob"": 0.00114}, {""clase_id"": 56, ""prob"": 0.00103}]"
102176,7,0.98269,"[{""clase_id"": 7, ""prob"": 0.98269}, {""clase_id"": 64, ""prob"": 0.00316}, {""clase_id"": 52, ""prob"": 0.00134}, {""clase_id"": 61, ""prob"": 0.00127}, {""clase_id"": 44, ""prob"": 0.00082}]"
102177,7,0.9533,"[{""clase_id"": 7, ""prob"": 0.9533}, {""clase_id"": 35, ""prob"": 0.02123}, {""clase_id"": 27, ""prob"": 0.0022}, {""clase_id"": 33, ""prob"": 0.00188}, {""clase_id"": 61, ""prob"": 0.00128}]"
102178,7,0.98853,"[{""clase_id"": 7, ""prob"": 0.98853}, {""clase_id"": 35, ""prob"": 0.00239}, {""clase_id"": 65, ""prob"": 0.00223}, {""clase_id"": 64, ""prob"": 0.0007}, {""clase_id"": 50, ""prob"": 0.00042}]"
102179,7,0.99527,"[{""clase_id"": 7, ""prob"": 0.99527}, {""clase_id"": 35, ""prob"": 0.00048}, {""clase_id"": 64, ""prob"": 0.0003}, {""clase_id"": 66, ""prob"": 0.00025}, {""clase_id"": 61, ""prob"": 0.00019}]"
102180,7,0.98177,"[{""clase_id"": 7, ""prob"": 0.98177}, {""clase_id"": 64, ""prob"": 0.00195}, {""clase_id"": 52, ""prob"": 0.00164}, {""clase_id"": 61, ""prob"": 0.00163}, {""clase_id"": 4, ""prob"": 0.00104}]"
102181,7,0.95585,"[{""clase_id"": 7, ""prob"": 0.95585}, {""clase_id"": 35, ""prob"": 0.03445}, {""clase_id"": 27, ""prob"": 0.0019}, {""clase_id"": 65, ""prob"": 0.00112}, {""clase_id"": 44, ""prob"": 0.00032}]"
102182,7,0.98676,"[{""clase_id"": 7, ""prob"": 0.98676}, {""clase_id"": 65, ""prob"": 0.00372}, {""clase_id"": 35, ""prob"": 0.00065}, {""clase_id"": 64, ""prob"": 0.00053}, {""clase_id"": 50, ""prob"": 0.00051}]"
102183,7,0.98967,"[{""clase_id"": 7, ""prob"": 0.98967}, {""clase_id"": 64, ""prob"": 0.00087}, {""clase_id"": 65, ""prob"": 0.00087}, {""clase_id"": 61, ""prob"": 0.00085}, {""clase_id"": 35, ""prob"": 0.00059}]"
102184,7,0.99537,"[{""clase_id"": 7, ""prob"": 0.99537}, {""clase_id"": 35, ""prob"": 0.00051}, {""clase_id"": 65, ""prob"": 0.00033}, {""clase_id"": 64, ""prob"": 0.00018}, {""clase_id"": 66, ""prob"": 0.00018}]"
102185,7,0.99534,"[{""clase_id"": 7, ""prob"": 0.99534}, {""clase_id"": 35, ""prob"": 0.00066}, {""clase_id"": 66, ""prob"": 0.00035}, {""clase_id"": 65, ""prob"": 0.00028}, {""clase_id"": 64, ""prob"": 0.00021}]"
102186,7,0.99292,"[{""clase_id"": 7, ""prob"": 0.99292}, {""clase_id"": 35, ""prob"": 0.00162}, {""clase_id"": 65, ""prob"": 0.00057}, {""clase_id"": 27, ""prob"": 0.00033}, {""clase_id"": 52, ""prob"": 0.0003}]"
102187,7,0.9957,"[{""clase_id"": 7, ""prob"": 0.9957}, {""clase_id"": 35, ""prob"": 0.0008}, {""clase_id"": 65, ""prob"": 0.0002}, {""clase_id"": 64, ""prob"": 0.00018}, {""clase_id"": 66, ""prob"": 0.00018}]"
102188,7,0.99531,"[{""clase_id"": 7, ""prob"": 0.99531}, {""clase_id"": 35, ""prob"": 0.00059}, {""clase_id"": 65, ""prob"": 0.00029}, {""clase_id"": 66, ""prob"": 0.00024}, {""clase_id"": 64, ""prob"": 0.00021}]"
102189,7,0.93994,"[{""clase_id"": 7, ""prob"": 0.93994}, {""clase_id"": 35, ""prob"": 0.01663}, {""clase_id"": 33, ""prob"": 0.01628}, {""clase_id"": 65, ""prob"": 0.00182}, {""clase_id"": 36, ""prob"": 0.00131}]"
102190,35,0.5618,"[{""clase_id"": 35, ""prob"": 0.5618}, {""clase_id"": 7, ""prob"": 0.40415}, {""clase_id"": 65, ""prob"": 0.00991}, {""clase_id"": 27, ""prob"": 0.00357}, {""clase_id"": 8, ""prob"": 0.00152}]"
102191,7,0.99516,"[{""clase_id"": 7, ""prob"": 0.99516}, {""clase_id"": 35, ""prob"": 0.00056}, {""clase_id"": 65, ""prob"": 0.00038}, {""clase_id"": 64, ""prob"": 0.00021}, {""clase_id"": 66, ""prob"": 0.00019}]"
102192,7,0.99551,"[{""clase_id"": 7, ""prob"": 0.99551}, {""clase_id"": 35, ""prob"": 0.00065}, {""clase_id"": 65, ""prob"": 0.00027}, {""clase_id"": 66, ""prob"": 0.0002}, {""clase_id"": 64, ""prob"": 0.00018}]"
102193,7,0.99532,"[{""clase_id"": 7, ""prob"": 0.99532}, {""clase_id"": 35, ""prob"": 0.00054}, {""clase_id"": 65, ""prob"": 0.00035}, {""clase_id"": 66, ""prob"": 0.0002}, {""clase_id"": 64, ""prob"": 0.0002}]"
102194,7,0.99299,"[{""clase_id"": 7, ""prob"": 0.99299}, {""clase_id"": 64, ""prob"": 0.00067}, {""clase_id"": 35, ""prob"": 0.00067}, {""clase_id"": 65, ""prob"": 0.00036}, {""clase_id"": 52, ""prob"": 0.00032}]"
102195,65,0.96049,"[{""clase_id"": 65, ""prob"": 0.96049}, {""clase_id"": 7, ""prob"": 0.01951}, {""clase_id"": 50, ""prob"": 0.00502}, {""clase_id"": 33, ""prob"": 0.00165}, {""clase_id"": 56, ""prob"": 0.00076}]"
102196,7,0.99063,"[{""clase_id"": 7, ""prob"": 0.99063}, {""clase_id"": 65, ""prob"": 0.0022}, {""clase_id"": 35, ""prob"": 0.00071}, {""clase_id"": 64, ""prob"": 0.00048}, {""clase_id"": 50, ""prob"": 0.0004}]"
102197,7,0.98981,"[{""clase_id"": 7, ""prob"": 0.98981}, {""clase_id"": 35, ""prob"": 0.00355}, {""clase_id"": 27, ""prob"": 0.00046}, {""clase_id"": 72, ""prob"": 0.0003}, {""clase_id"": 52, ""prob"": 0.00027}]"
102198,7,0.99562,"[{""clase_id"": 7, ""prob"": 0.99562}, {""clase_id"": 35, ""prob"": 0.00066}, {""clase_id"": 65, ""prob"": 0.00025}, {""clase_id"": 66, ""prob"": 0.00023}, {""clase_id"": 64, ""prob"": 0.00019}]"
102199,7,0.99087,"[{""clase_id"": 7, ""prob"": 0.99087}, {""clase_id"": 65, ""prob"": 0.00155}, {""clase_id"": 35, ""prob"": 0.00073}, {""clase_id"": 64, ""prob"": 0.00069}, {""clase_id"": 52, ""prob"": 0.00032}]"
102200,64,0.99351,"[{""clase_id"": 64, ""prob"": 0.99351}, {""clase_id"": 15, ""prob"": 0.00175}, {""clase_id"": 19, ""prob"": 0.00039}, {""clase_id"": 8, ""prob"": 0.00025}, {""clase_id"": 56, ""prob"": 0.00024}]"
102201,64,0.99531,"[{""clase_id"": 64, ""prob"": 0.99531}, {""clase_id"": 56, ""prob"": 0.00066}, {""clase_id"": 15, ""prob"": 0.00039}, {""clase_id"": 7, ""prob"": 0.00027}, {""clase_id"": 48, ""prob"": 0.00018}]"
102202,64,0.99528,"[{""clase_id"": 64, ""prob"": 0.99528}, {""clase_id"": 15, ""prob"": 0.00061}, {""clase_id"": 7, ""prob"": 0.00034}, {""clase_id"": 56, ""prob"": 0.00034}, {""clase_id"": 52, ""prob"": 0.00022}]"
102203,64,0.99201,"[{""clase_id"": 64, ""prob"": 0.99201}, {""clase_id"": 56, ""prob"": 0.00215}, {""clase_id"": 7, ""prob"": 0.00099}, {""clase_id"": 5, ""prob"": 0.00036}, {""clase_id"": 8, ""prob"": 0.00025}]"
102204,64,0.6182,"[{""clase_id"": 64, ""prob"": 0.6182}, {""clase_id"": 56, ""prob"": 0.19565}, {""clase_id"": 50, ""prob"": 0.06281}, {""clase_id"": 31, ""prob"": 0.01838}, {""clase_id"": 15, ""prob"": 0.0154}]"
102205,64,0.97447,"[{""clase_id"": 64, ""prob"": 0.97447}, {""clase_id"": 56, ""prob"": 0.01749}, {""clase_id"": 31, ""prob"": 0.00066}, {""clase_id"": 52, ""prob"": 0.00056}, {""clase_id"": 7, ""prob"": 0.00045}]"
102206,64,0.99536,"[{""clase_id"": 64, ""prob"": 0.99537}, {""clase_id"": 56, ""prob"": 0.00044}, {""clase_id"": 15, ""prob"": 0.00041}, {""clase_id"": 7, ""prob"": 0.0004}, {""clase_id"": 52, ""prob"": 0.0002}]"
102207,64,0.99448,"[{""clase_id"": 64, ""prob"": 0.99448}, {""clase_id"": 7, ""prob"": 0.00067}, {""clase_id"": 15, ""prob"": 0.00057}, {""clase_id"": 56, ""prob"": 0.00044}, {""clase_id"": 52, ""prob"": 0.00029}]"
102208,64,0.99543,"[{""clase_id"": 64, ""prob"": 0.99543}, {""clase_id"": 56, ""prob"": 0.0006}, {""clase_id"": 15, ""prob"": 0.00041}, {""clase_id"": 52, ""prob"": 0.00023}, {""clase_id"": 7, ""prob"": 0.00022}]"
102209,64,0.98886,"[{""clase_id"": 64, ""prob"": 0.98886}, {""clase_id"": 56, ""prob"": 0.00346}, {""clase_id"": 7, ""prob"": 0.00068}, {""clase_id"": 31, ""prob"": 0.00063}, {""clase_id"": 52, ""prob"": 0.00053}]"
102210,64,0.99425,"[{""clase_id"": 64, ""prob"": 0.99425}, {""clase_id"": 15, ""prob"": 0.0012}, {""clase_id"": 19, ""prob"": 0.00033}, {""clase_id"": 39, ""prob"": 0.00023}, {""clase_id"": 56, ""prob"": 0.00022}]"
102211,64,0.99529,"[{""clase_id"": 64, ""prob"": 0.99529}, {""clase_id"": 15, ""prob"": 0.00054}, {""clase_id"": 7, ""prob"": 0.00037}, {""clase_id"": 56, ""prob"": 0.00034}, {""clase_id"": 52, ""prob"": 0.00022}]"
102212,64,0.894,"[{""clase_id"": 64, ""prob"": 0.894}, {""clase_id"": 56, ""prob"": 0.09373}, {""clase_id"": 31, ""prob"": 0.00095}, {""clase_id"": 5, ""prob"": 0.00088}, {""clase_id"": 48, ""prob"": 0.00072}]"
102213,64,0.99438,"[{""clase_id"": 64, ""prob"": 0.99438}, {""clase_id"": 15, ""prob"": 0.00089}, {""clase_id"": 56, ""prob"": 0.00049}, {""clase_id"": 7, ""prob"": 0.00026}, {""clase_id"": 39, ""prob"": 0.00022}]"
102214,64,0.99451,"[{""clase_id"": 64, ""prob"": 0.99451}, {""clase_id"": 7, ""prob"": 0.0004}, {""clase_id"": 8, ""prob"": 0.00037}, {""clase_id"": 56, ""prob"": 0.00036}, {""clase_id"": 52, ""prob"": 0.0003}]"
102215,64,0.37167,"[{""clase_id"": 64, ""prob"": 0.37167}, {""clase_id"": 57, ""prob"": 0.28716}, {""clase_id"": 31, ""prob"": 0.11028}, {""clase_id"": 15, ""prob"": 0.06518}, {""clase_id"": 17, ""prob"": 0.03796}]"
102216,64,0.99505,"[{""clase_id"": 64, ""prob"": 0.99505}, {""clase_id"": 56, ""prob"": 0.0009}, {""clase_id"": 7, ""prob"": 0.00044}, {""clase_id"": 15, ""prob"": 0.00033}, {""clase_id"": 5, ""prob"": 0.0002}]"
102217,64,0.99102,"[{""clase_id"": 64, ""prob"": 0.99102}, {""clase_id"": 56, ""prob"": 0.00156}, {""clase_id"": 5, ""prob"": 0.00138}, {""clase_id"": 7, ""prob"": 0.00062}, {""clase_id"": 66, ""prob"": 0.00041}]"
102218,64,0.97821,"[{""clase_id"": 64, ""prob"": 0.97821}, {""clase_id"": 56, ""prob"": 0.01396}, {""clase_id"": 31, ""prob"": 0.00061}, {""clase_id"": 48, ""prob"": 0.00044}, {""clase_id"": 52, ""prob"": 0.00044}]"
102219,64,0.99404,"[{""clase_id"": 64, ""prob"": 0.99404}, {""clase_id"": 15, ""prob"": 0.00117}, {""clase_id"": 7, ""prob"": 0.00036}, {""clase_id"": 19, ""prob"": 0.0003}, {""clase_id"": 52, ""prob"": 0.00026}]"
102220,64,0.99431,"[{""clase_id"": 64, ""prob"": 0.99431}, {""clase_id"": 15, ""prob"": 0.00127}, {""clase_id"": 19, ""prob"": 0.00036}, {""clase_id"": 56, ""prob"": 0.00023}, {""clase_id"": 7, ""prob"": 0.00021}]"
102221,64,0.98209,"[{""clase_id"": 64, ""prob"": 0.98209}, {""clase_id"": 7, ""prob"": 0.00272}, {""clase_id"": 66, ""prob"": 0.0023}, {""clase_id"": 56, ""prob"": 0.00229}, {""clase_id"": 8, ""prob"": 0.00091}]"
102222,64,0.99496,"[{""clase_id"": 64, ""prob"": 0.99497}, {""clase_id"": 15, ""prob"": 0.00058}, {""clase_id"": 56, ""prob"": 0.00039}, {""clase_id"": 8, ""prob"": 0.00026}, {""clase_id"": 7, ""prob"": 0.00021}]"
102223,64,0.99371,"[{""clase_id"": 64, ""prob"": 0.99371}, {""clase_id"": 15, ""prob"": 0.00062}, {""clase_id"": 7, ""prob"": 0.00056}, {""clase_id"": 19, ""prob"": 0.00048}, {""clase_id"": 56, ""prob"": 0.00035}]"
102224,64,0.99566,"[{""clase_id"": 64, ""prob"": 0.99566}, {""clase_id"": 15, ""prob"": 0.00046}, {""clase_id"": 56, ""prob"": 0.00033}, {""clase_id"": 7, ""prob"": 0.00028}, {""clase_id"": 48, ""prob"": 0.00018}]"
102225,64,0.99517,"[{""clase_id"": 64, ""prob"": 0.99517}, {""clase_id"": 56, ""prob"": 0.00077}, {""clase_id"": 15, ""prob"": 0.0003}, {""clase_id"": 7, ""prob"": 0.00027}, {""clase_id"": 5, ""prob"": 0.00027}]"
102226,64,0.99249,"[{""clase_id"": 64, ""prob"": 0.99249}, {""clase_id"": 8, ""prob"": 0.00079}, {""clase_id"": 56, ""prob"": 0.00064}, {""clase_id"": 52, ""prob"": 0.00046}, {""clase_id"": 48, ""prob"": 0.00038}]"
102227,64,0.99549,"[{""clase_id"": 64, ""prob"": 0.99549}, {""clase_id"": 15, ""prob"": 0.0005}, {""clase_id"": 56, ""prob"": 0.00043}, {""clase_id"": 7, ""prob"": 0.00026}, {""clase_id"": 52, ""prob"": 0.00017}]"
102228,64,0.99527,"[{""clase_id"": 64, ""prob"": 0.99527}, {""clase_id"": 15, ""prob"": 0.00075}, {""clase_id"": 56, ""prob"": 0.00041}, {""clase_id"": 19, ""prob"": 0.00021}, {""clase_id"": 7, ""prob"": 0.00021}]"
102229,64,0.9953,"[{""clase_id"": 64, ""prob"": 0.9953}, {""clase_id"": 15, ""prob"": 0.00048}, {""clase_id"": 56, ""prob"": 0.00035}, {""clase_id"": 7, ""prob"": 0.00029}, {""clase_id"": 48, ""prob"": 0.0002}]"
102230,64,0.98996,"[{""clase_id"": 64, ""prob"": 0.98996}, {""clase_id"": 56, ""prob"": 0.00435}, {""clase_id"": 15, ""prob"": 0.0004}, {""clase_id"": 8, ""prob"": 0.00039}, {""clase_id"": 31, ""prob"": 0.00035}]"
102231,64,0.98689,"[{""clase_id"": 64, ""prob"": 0.98689}, {""clase_id"": 56, ""prob"": 0.0033}, {""clase_id"": 7, ""prob"": 0.00109}, {""clase_id"": 57, ""prob"": 0.00057}, {""clase_id"": 31, ""prob"": 0.00055}]"
102232,64,0.99564,"[{""clase_id"": 64, ""prob"": 0.99564}, {""clase_id"": 15, ""prob"": 0.00048}, {""clase_id"": 56, ""prob"": 0.00041}, {""clase_id"": 7, ""prob"": 0.00026}, {""clase_id"": 52, ""prob"": 0.00018}]"
102233,15,0.68315,"[{""clase_id"": 15, ""prob"": 0.68315}, {""clase_id"": 64, ""prob"": 0.07848}, {""clase_id"": 34, ""prob"": 0.0648}, {""clase_id"": 19, ""prob"": 0.05855}, {""clase_id"": 39, ""prob"": 0.02908}]"
102234,64,0.99326,"[{""clase_id"": 64, ""prob"": 0.99326}, {""clase_id"": 15, ""prob"": 0.00103}, {""clase_id"": 8, ""prob"": 0.0005}, {""clase_id"": 52, ""prob"": 0.00036}, {""clase_id"": 19, ""prob"": 0.00031}]"
102235,64,0.99455,"[{""clase_id"": 64, ""prob"": 0.99455}, {""clase_id"": 15, ""prob"": 0.00101}, {""clase_id"": 8, ""prob"": 0.00029}, {""clase_id"": 56, ""prob"": 0.00024}, {""clase_id"": 7, ""prob"": 0.00022}]"
102236,64,0.91695,"[{""clase_id"": 64, ""prob"": 0.91695}, {""clase_id"": 15, ""prob"": 0.04944}, {""clase_id"": 28, ""prob"": 0.00548}, {""clase_id"": 16, ""prob"": 0.00258}, {""clase_id"": 19, ""prob"": 0.00232}]"
102237,64,0.98414,"[{""clase_id"": 64, ""prob"": 0.98414}, {""clase_id"": 15, ""prob"": 0.00596}, {""clase_id"": 56, ""prob"": 0.00102}, {""clase_id"": 31, ""prob"": 0.00084}, {""clase_id"": 19, ""prob"": 0.00078}]"
102238,64,0.99509,"[{""clase_id"": 64, ""prob"": 0.99509}, {""clase_id"": 15, ""prob"": 0.00076}, {""clase_id"": 56, ""prob"": 0.00029}, {""clase_id"": 19, ""prob"": 0.00024}, {""clase_id"": 8, ""prob"": 0.0002}]"
102239,64,0.97923,"[{""clase_id"": 64, ""prob"": 0.97923}, {""clase_id"": 56, ""prob"": 0.01233}, {""clase_id"": 31, ""prob"": 0.00062}, {""clase_id"": 7, ""prob"": 0.00056}, {""clase_id"": 5, ""prob"": 0.00052}]"
102240,50,0.99154,"[{""clase_id"": 50, ""prob"": 0.99154}, {""clase_id"": 56, ""prob"": 0.00063}, {""clase_id"": 70, ""prob"": 0.00051}, {""clase_id"": 2, ""prob"": 0.00038}, {""clase_id"": 16, ""prob"": 0.00037}]"
102241,50,0.97848,"[{""clase_id"": 50, ""prob"": 0.97848}, {""clase_id"": 33, ""prob"": 0.01004}, {""clase_id"": 2, ""prob"": 0.00095}, {""clase_id"": 65, ""prob"": 0.00062}, {""clase_id"": 25, ""prob"": 0.00052}]"
102242,50,0.99236,"[{""clase_id"": 50, ""prob"": 0.99236}, {""clase_id"": 33, ""prob"": 0.00049}, {""clase_id"": 65, ""prob"": 0.00044}, {""clase_id"": 56, ""prob"": 0.0003}, {""clase_id"": 2, ""prob"": 0.00028}]"
102243,50,0.99341,"[{""clase_id"": 50, ""prob"": 0.99341}, {""clase_id"": 70, ""prob"": 0.00043}, {""clase_id"": 2, ""prob"": 0.00035}, {""clase_id"": 33, ""prob"": 0.00035}, {""clase_id"": 67, ""prob"": 0.00028}]"
102244,50,0.98987,"[{""clase_id"": 50, ""prob"": 0.98987}, {""clase_id"": 33, ""prob"": 0.00215}, {""clase_id"": 65, ""prob"": 0.00094}, {""clase_id"": 67, ""prob"": 0.00041}, {""clase_id"": 24, ""prob"": 0.0004}]"
102245,50,0.99073,"[{""clase_id"": 50, ""prob"": 0.99073}, {""clase_id"": 33, ""prob"": 0.00068}, {""clase_id"": 7, ""prob"": 0.00055}, {""clase_id"": 2, ""prob"": 0.00044}, {""clase_id"": 65, ""prob"": 0.00033}]"
102246,50,0.99321,"[{""clase_id"": 50, ""prob"": 0.99321}, {""clase_id"": 33, ""prob"": 0.00066}, {""clase_id"": 2, ""prob"": 0.00037}, {""clase_id"": 65, ""prob"": 0.00037}, {""clase_id"": 70, ""prob"": 0.00035}]"
102247,50,0.98028,"[{""clase_id"": 50, ""prob"": 0.98028}, {""clase_id"": 33, ""prob"": 0.00319}, {""clase_id"": 24, ""prob"": 0.00153}, {""clase_id"": 2, ""prob"": 0.0015}, {""clase_id"": 54, ""prob"": 0.00133}]"
102248,33,0.80377,"[{""clase_id"": 33, ""prob"": 0.80377}, {""clase_id"": 50, ""prob"": 0.08278}, {""clase_id"": 76, ""prob"": 0.03293}, {""clase_id"": 36, ""prob"": 0.01454}, {""clase_id"": 32, ""prob"": 0.00948}]"
102249,50,0.99351,"[{""clase_id"": 50, ""prob"": 0.99351}, {""clase_id"": 70, ""prob"": 0.00038}, {""clase_id"": 2, ""prob"": 0.00037}, {""clase_id"": 33, ""prob"": 0.00033}, {""clase_id"": 16, ""prob"": 0.00028}]"
102250,50,0.99335,"[{""clase_id"": 50, ""prob"": 0.99335}, {""clase_id"": 33, ""prob"": 0.00065}, {""clase_id"": 65, ""prob"": 0.00032}, {""clase_id"": 2, ""prob"": 0.00031}, {""clase_id"": 16, ""prob"": 0.00023}]"
102251,50,0.98167,"[{""clase_id"": 50, ""prob"": 0.98167}, {""clase_id"": 33, ""prob"": 0.00622}, {""clase_id"": 65, ""prob"": 0.00159}, {""clase_id"": 24, ""prob"": 0.00084}, {""clase_id"": 32, ""prob"": 0.0006}]"
102252,33,0.98206,"[{""clase_id"": 33, ""prob"": 0.98206}, {""clase_id"": 50, ""prob"": 0.0042}, {""clase_id"": 36, ""prob"": 0.00321}, {""clase_id"": 24, ""prob"": 0.002}, {""clase_id"": 31, ""prob"": 0.00067}]"
102253,50,0.95902,"[{""clase_id"": 50, ""prob"": 0.95902}, {""clase_id"": 56, ""prob"": 0.0161}, {""clase_id"": 31, ""prob"": 0.00226}, {""clase_id"": 64, ""prob"": 0.00165}, {""clase_id"": 67, ""prob"": 0.00161}]"
102254,50,0.98942,"[{""clase_id"": 50, ""prob"": 0.98942}, {""clase_id"": 33, ""prob"": 0.00128}, {""clase_id"": 65, ""prob"": 0.00073}, {""clase_id"": 70, ""prob"": 0.0004}, {""clase_id"": 67, ""prob"": 0.00038}]"
102255,50,0.99317,"[{""clase_id"": 50, ""prob"": 0.99317}, {""clase_id"": 70, ""prob"": 0.00041}, {""clase_id"": 33, ""prob"": 0.00036}, {""clase_id"": 67, ""prob"": 0.00032}, {""clase_id"": 2, ""prob"": 0.00031}]"
102256,50,0.86674,"[{""clase_id"": 50, ""prob"": 0.86674}, {""clase_id"": 65, ""prob"": 0.08195}, {""clase_id"": 33, ""prob"": 0.01065}, {""clase_id"": 62, ""prob"": 0.00517}, {""clase_id"": 32, ""prob"": 0.00342}]"
102257,50,0.98698,"[{""clase_id"": 50, ""prob"": 0.98698}, {""clase_id"": 65, ""prob"": 0.00304}, {""clase_id"": 33, ""prob"": 0.00215}, {""clase_id"": 7, ""prob"": 0.00037}, {""clase_id"": 32, ""prob"": 0.00037}]"
102258,50,0.98914,"[{""clase_id"": 50, ""prob"": 0.98914}, {""clase_id"": 65, ""prob"": 0.00107}, {""clase_id"": 2, ""prob"": 0.00081}, {""clase_id"": 33, ""prob"": 0.00057}, {""clase_id"": 70, ""prob"": 0.00046}]"
102259,50,0.99247,"[{""clase_id"": 50, ""prob"": 0.99247}, {""clase_id"": 33, ""prob"": 0.00092}, {""clase_id"": 65, ""prob"": 0.0005}, {""clase_id"": 67, ""prob"": 0.00035}, {""clase_id"": 2, ""prob"": 0.00029}]"
102260,50,0.99346,"[{""clase_id"": 50, ""prob"": 0.99346}, {""clase_id"": 65, ""prob"": 0.00051}, {""clase_id"": 33, ""prob"": 0.00043}, {""clase_id"": 67, ""prob"": 0.00036}, {""clase_id"": 2, ""prob"": 0.00034}]"
102261,50,0.99362,"[{""clase_id"": 50, ""prob"": 0.99362}, {""clase_id"": 2, ""prob"": 0.00039}, {""clase_id"": 33, ""prob"": 0.00036}, {""clase_id"": 70, ""prob"": 0.00031}, {""clase_id"": 65, ""prob"": 0.00028}]"
102262,33,0.67392,"[{""clase_id"": 33, ""prob"": 0.67392}, {""clase_id"": 50, ""prob"": 0.20972}, {""clase_id"": 65, ""prob"": 0.06728}, {""clase_id"": 36, ""prob"": 0.00544}, {""clase_id"": 58, ""prob"": 0.00315}]"
102263,50,0.99168,"[{""clase_id"": 50, ""prob"": 0.99168}, {""clase_id"": 33, ""prob"": 0.00123}, {""clase_id"": 2, ""prob"": 0.00042}, {""clase_id"": 65, ""prob"": 0.00029}, {""clase_id"": 16, ""prob"": 0.00028}]"
102264,50,0.9905,"[{""clase_id"": 50, ""prob"": 0.9905}, {""clase_id"": 65, ""prob"": 0.00095}, {""clase_id"": 33, ""prob"": 0.00089}, {""clase_id"": 67, ""prob"": 0.00038}, {""clase_id"": 5, ""prob"": 0.00038}]"
102265,50,0.99099,"[{""clase_id"": 50, ""prob"": 0.99099}, {""clase_id"": 33, ""prob"": 0.00107}, {""clase_id"": 65, ""prob"": 0.00072}, {""clase_id"": 70, ""prob"": 0.00039}, {""clase_id"": 2, ""prob"": 0.00035}]"
102266,50,0.97191,"[{""clase_id"": 50, ""prob"": 0.97191}, {""clase_id"": 58, ""prob"": 0.00327}, {""clase_id"": 2, ""prob"": 0.00212}, {""clase_id"": 65, ""prob"": 0.00131}, {""clase_id"": 70, ""prob"": 0.00124}]"
102267,50,0.99362,"[{""clase_id"": 50, ""prob"": 0.99362}, {""clase_id"": 70, ""prob"": 0.00039}, {""clase_id"": 2, ""prob"": 0.00037}, {""clase_id"": 33, ""prob"": 0.00034}, {""clase_id"": 65, ""prob"": 0.0003}]"
102268,50,0.99316,"[{""clase_id"": 50, ""prob"": 0.99316}, {""clase_id"": 33, ""prob"": 0.00036}, {""clase_id"": 2, ""prob"": 0.00035}, {""clase_id"": 65, ""prob"": 0.00034}, {""clase_id"": 67, ""prob"": 0.00029}]"
102269,50,0.99344,"[{""clase_id"": 50, ""prob"": 0.99344}, {""clase_id"": 70, ""prob"": 0.00042}, {""clase_id"": 33, ""prob"": 0.00039}, {""clase_id"": 2, ""prob"": 0.00038}, {""clase_id"": 65, ""prob"": 0.00031}]"
102270,50,0.99336,"[{""clase_id"": 50, ""prob"": 0.99336}, {""clase_id"": 33, ""prob"": 0.00038}, {""clase_id"": 70, ""prob"": 0.00033}, {""clase_id"": 2, ""prob"": 0.0003}, {""clase_id"": 16, ""prob"": 0.0003}]"
102271,50,0.99329,"[{""clase_id"": 50, ""prob"": 0.99329}, {""clase_id"": 33, ""prob"": 0.00057}, {""clase_id"": 65, ""prob"": 0.00034}, {""clase_id"": 2, ""prob"": 0.00034}, {""clase_id"": 16, ""prob"": 0.00028}]"
102272,50,0.99333,"[{""clase_id"": 50, ""prob"": 0.99333}, {""clase_id"": 70, ""prob"": 0.00043}, {""clase_id"": 2, ""prob"": 0.0004}, {""clase_id"": 65, ""prob"": 0.00031}, {""clase_id"": 33, ""prob"": 0.0003}]"
102273,50,0.98547,"[{""clase_id"": 50, ""prob"": 0.98547}, {""clase_id"": 2, ""prob"": 0.00152}, {""clase_id"": 70, ""prob"": 0.00078}, {""clase_id"": 25, ""prob"": 0.00063}, {""clase_id"": 33, ""prob"": 0.0006}]"
102274,50,0.99337,"[{""clase_id"": 50, ""prob"": 0.99337}, {""clase_id"": 33, ""prob"": 0.00036}, {""clase_id"": 70, ""prob"": 0.00034}, {""clase_id"": 2, ""prob"": 0.00032}, {""clase_id"": 67, ""prob"": 0.00029}]"
102275,50,0.98379,"[{""clase_id"": 50, ""prob"": 0.98379}, {""clase_id"": 33, ""prob"": 0.00572}, {""clase_id"": 2, ""prob"": 0.0007}, {""clase_id"": 16, ""prob"": 0.00054}, {""clase_id"": 31, ""prob"": 0.00052}]"
102276,50,0.99296,"[{""clase_id"": 50, ""prob"": 0.99296}, {""clase_id"": 70, ""prob"": 0.00044}, {""clase_id"": 2, ""prob"": 0.00043}, {""clase_id"": 33, ""prob"": 0.00033}, {""clase_id"": 16, ""prob"": 0.00031}]"
102277,50,0.99291,"[{""clase_id"": 50, ""prob"": 0.99291}, {""clase_id"": 70, ""prob"": 0.00043}, {""clase_id"": 2, ""prob"": 0.00041}, {""clase_id"": 33, ""prob"": 0.00039}, {""clase_id"": 16, ""prob"": 0.00038}]"
102278,50,0.98296,"[{""clase_id"": 50, ""prob"": 0.98296}, {""clase_id"": 33, ""prob"": 0.00685}, {""clase_id"": 2, ""prob"": 0.00066}, {""clase_id"": 24, ""prob"": 0.00064}, {""clase_id"": 65, ""prob"": 0.00059}]"
102279,50,0.98734,"[{""clase_id"": 50, ""prob"": 0.98734}, {""clase_id"": 2, ""prob"": 0.0009}, {""clase_id"": 70, ""prob"": 0.00077}, {""clase_id"": 67, ""prob"": 0.0006}, {""clase_id"": 33, ""prob"": 0.00058}]"
102280,35,0.99019,"[{""clase_id"": 35, ""prob"": 0.99019}, {""clase_id"": 27, ""prob"": 0.002}, {""clase_id"": 7, ""prob"": 0.00086}, {""clase_id"": 48, ""prob"": 0.00052}, {""clase_id"": 14, ""prob"": 0.00043}]"
102281,35,0.98885,"[{""clase_id"": 35, ""prob"": 0.98885}, {""clase_id"": 7, ""prob"": 0.00239}, {""clase_id"": 27, ""prob"": 0.00178}, {""clase_id"": 48, ""prob"": 0.00053}, {""clase_id"": 5, ""prob"": 0.00043}]"
102282,35,0.96777,"[{""clase_id"": 35, ""prob"": 0.96777}, {""clase_id"": 27, ""prob"": 0.01958}, {""clase_id"": 5, ""prob"": 0.00107}, {""clase_id"": 48, ""prob"": 0.00093}, {""clase_id"": 26, ""prob"": 0.00076}]"
102283,35,0.9479,"[{""clase_id"": 35, ""prob"": 0.9479}, {""clase_id"": 7, ""prob"": 0.03917}, {""clase_id"": 27, ""prob"": 0.0035}, {""clase_id"": 14, ""prob"": 0.00095}, {""clase_id"": 8, ""prob"": 0.00077}]"
102284,35,0.98931,"[{""clase_id"": 35, ""prob"": 0.98931}, {""clase_id"": 27, ""prob"": 0.00183}, {""clase_id"": 48, ""prob"": 0.00063}, {""clase_id"": 7, ""prob"": 0.00051}, {""clase_id"": 20, ""prob"": 0.00044}]"
102285,35,0.95382,"[{""clase_id"": 35, ""prob"": 0.95382}, {""clase_id"": 27, ""prob"": 0.03535}, {""clase_id"": 7, ""prob"": 0.00223}, {""clase_id"": 20, ""prob"": 0.00065}, {""clase_id"": 8, ""prob"": 0.00048}]"
102286,35,0.98917,"[{""clase_id"": 35, ""prob"": 0.98917}, {""clase_id"": 7, ""prob"": 0.00238}, {""clase_id"": 27, ""prob"": 0.00214}, {""clase_id"": 8, ""prob"": 0.00077}, {""clase_id"": 20, ""prob"": 0.00043}]"
102287,35,0.25005,"[{""clase_id"": 35, ""prob"": 0.25005}, {""clase_id"": 66, ""prob"": 0.22182}, {""clase_id"": 8, ""prob"": 0.17053}, {""clase_id"": 7, ""prob"": 0.06767}, {""clase_id"": 64, ""prob"": 0.05579}]"
102288,35,0.98201,"[{""clase_id"": 35, ""prob"": 0.98201}, {""clase_id"": 7, ""prob"": 0.00545}, {""clase_id"": 27, ""prob"": 0.00526}, {""clase_id"": 8, ""prob"": 0.00069}, {""clase_id"": 20, ""prob"": 0.00056}]"
102289,35,0.96336,"[{""clase_id"": 35, ""prob"": 0.96336}, {""clase_id"": 27, ""prob"": 0.02677}, {""clase_id"": 7, ""prob"": 0.00111}, {""clase_id"": 20, ""prob"": 0.00063}, {""clase_id"": 8, ""prob"": 0.00047}]"
102290,35,0.93848,"[{""clase_id"": 35, ""prob"": 0.93848}, {""clase_id"": 27, ""prob"": 0.03069}, {""clase_id"": 7, ""prob"": 0.0083}, {""clase_id"": 8, ""prob"": 0.00791}, {""clase_id"": 48, ""prob"": 0.00147}]"
102291,35,0.95961,"[{""clase_id"": 35, ""prob"": 0.95961}, {""clase_id"": 27, ""prob"": 0.02528}, {""clase_id"": 26, ""prob"": 0.00118}, {""clase_id"": 48, ""prob"": 0.00101}, {""clase_id"": 5, ""prob"": 0.00091}]"
102292,35,0.86291,"[{""clase_id"": 35, ""prob"": 0.86291}, {""clase_id"": 7, ""prob"": 0.11092}, {""clase_id"": 27, ""prob"": 0.00602}, {""clase_id"": 64, ""prob"": 0.00252}, {""clase_id"": 8, ""prob"": 0.00236}]"
102293,35,0.99026,"[{""clase_id"": 35, ""prob"": 0.99026}, {""clase_id"": 27, ""prob"": 0.00159}, {""clase_id"": 48, ""prob"": 0.00063}, {""clase_id"": 7, ""prob"": 0.00062}, {""clase_id"": 14, ""prob"": 0.00042}]"
102294,35,0.99042,"[{""clase_id"": 35, ""prob"": 0.99042}, {""clase_id"": 27, ""prob"": 0.0016}, {""clase_id"": 7, ""prob"": 0.00066}, {""clase_id"": 48, ""prob"": 0.00051}, {""clase_id"": 20, ""prob"": 0.00043}]"
102295,35,0.74914,"[{""clase_id"": 35, ""prob"": 0.74914}, {""clase_id"": 5, ""prob"": 0.15633}, {""clase_id"": 66, ""prob"": 0.02563}, {""clase_id"": 27, ""prob"": 0.01642}, {""clase_id"": 7, ""prob"": 0.00681}]"
102296,35,0.89309,"[{""clase_id"": 35, ""prob"": 0.89309}, {""clase_id"": 27, ""prob"": 0.08193}, {""clase_id"": 7, ""prob"": 0.01231}, {""clase_id"": 20, ""prob"": 0.00085}, {""clase_id"": 8, ""prob"": 0.00064}]"
102297,35,0.99001,"[{""clase_id"": 35, ""prob"": 0.99001}, {""clase_id"": 27, ""prob"": 0.0027}, {""clase_id"": 7, ""prob"": 0.00144}, {""clase_id"": 48, ""prob"": 0.00056}, {""clase_id"": 8, ""prob"": 0.00045}]"
102298,35,0.99042,"[{""clase_id"": 35, ""prob"": 0.99042}, {""clase_id"": 27, ""prob"": 0.00235}, {""clase_id"": 7, ""prob"": 0.00129}, {""clase_id"": 48, ""prob"": 0.00049}, {""clase_id"": 5, ""prob"": 0.00034}]"
102299,35,0.99027,"[{""clase_id"": 35, ""prob"": 0.99027}, {""clase_id"": 7, ""prob"": 0.00269}, {""clase_id"": 27, ""prob"": 0.00166}, {""clase_id"": 48, ""prob"": 0.00037}, {""clase_id"": 8, ""prob"": 0.00033}]"
102300,62,0.65302,"[{""clase_id"": 62, ""prob"": 0.65302}, {""clase_id"": 65, ""prob"": 0.18912}, {""clase_id"": 54, ""prob"": 0.02204}, {""clase_id"": 50, ""prob"": 0.01563}, {""clase_id"": 39, ""prob"": 0.01371}]"
102301,35,0.99105,"[{""clase_id"": 35, ""prob"": 0.99105}, {""clase_id"": 27, ""prob"": 0.00177}, {""clase_id"": 7, ""prob"": 0.00092}, {""clase_id"": 48, ""prob"": 0.00045}, {""clase_id"": 14, ""prob"": 0.00036}]"
102302,35,0.9894,"[{""clase_id"": 35, ""prob"": 0.9894}, {""clase_id"": 27, ""prob"": 0.00244}, {""clase_id"": 48, ""prob"": 0.00061}, {""clase_id"": 5, ""prob"": 0.00047}, {""clase_id"": 7, ""prob"": 0.00047}]"
102303,35,0.98967,"[{""clase_id"": 35, ""prob"": 0.98967}, {""clase_id"": 27, ""prob"": 0.00363}, {""clase_id"": 7, ""prob"": 0.00111}, {""clase_id"": 8, ""prob"": 0.00038}, {""clase_id"": 48, ""prob"": 0.00032}]"
102304,35,0.97541,"[{""clase_id"": 35, ""prob"": 0.97541}, {""clase_id"": 27, ""prob"": 0.01299}, {""clase_id"": 5, ""prob"": 0.00107}, {""clase_id"": 26, ""prob"": 0.0007}, {""clase_id"": 48, ""prob"": 0.00064}]"
102305,7,0.93062,"[{""clase_id"": 7, ""prob"": 0.93062}, {""clase_id"": 35, ""prob"": 0.04132}, {""clase_id"": 8, ""prob"": 0.00822}, {""clase_id"": 64, ""prob"": 0.0027}, {""clase_id"": 65, ""prob"": 0.00146}]"
102306,35,0.97739,"[{""clase_id"": 35, ""prob"": 0.97739}, {""clase_id"": 7, ""prob"": 0.01122}, {""clase_id"": 27, ""prob"": 0.00484}, {""clase_id"": 48, ""prob"": 0.00043}, {""clase_id"": 14, ""prob"": 0.00041}]"
102307,35,0.99045,"[{""clase_id"": 35, ""prob"": 0.99045}, {""clase_id"": 7, ""prob"": 0.00209}, {""clase_id"": 27, ""prob"": 0.00115}, {""clase_id"": 48, ""prob"": 0.00051}, {""clase_id"": 5, ""prob"": 0.0003}]"
102308,35,0.98613,"[{""clase_id"": 35, ""prob"": 0.98613}, {""clase_id"": 27, ""prob"": 0.00534}, {""clase_id"": 7, ""prob"": 0.00094}, {""clase_id"": 8, ""prob"": 0.00074}, {""clase_id"": 48, ""prob"": 0.00065}]"
102309,35,0.98609,"[{""clase_id"": 35, ""prob"": 0.98609}, {""clase_id"": 7, ""prob"": 0.00301}, {""clase_id"": 14, ""prob"": 0.00078}, {""clase_id"": 48, ""prob"": 0.00072}, {""clase_id"": 27, ""prob"": 0.00072}]"
102310,35,0.98565,"[{""clase_id"": 35, ""prob"": 0.98565}, {""clase_id"": 7, ""prob"": 0.00564}, {""clase_id"": 27, ""prob"": 0.0027}, {""clase_id"": 48, ""prob"": 0.0005}, {""clase_id"": 14, ""prob"": 0.00039}]"
102311,35,0.97959,"[{""clase_id"": 35, ""prob"": 0.97959}, {""clase_id"": 27, ""prob"": 0.01018}, {""clase_id"": 5, ""prob"": 0.00092}, {""clase_id"": 48, ""prob"": 0.00078}, {""clase_id"": 7, ""prob"": 0.00058}]"
102312,35,0.98488,"[{""clase_id"": 35, ""prob"": 0.98488}, {""clase_id"": 7, ""prob"": 0.00647}, {""clase_id"": 27, ""prob"": 0.00151}, {""clase_id"": 48, ""prob"": 0.00083}, {""clase_id"": 8, ""prob"": 0.00055}]"
102313,5,0.92269,"[{""clase_id"": 5, ""prob"": 0.92269}, {""clase_id"": 35, ""prob"": 0.01491}, {""clase_id"": 67, ""prob"": 0.01393}, {""clase_id"": 27, ""prob"": 0.01116}, {""clase_id"": 48, ""prob"": 0.00891}]"
102314,35,0.96105,"[{""clase_id"": 35, ""prob"": 0.96105}, {""clase_id"": 27, ""prob"": 0.0173}, {""clase_id"": 7, ""prob"": 0.00477}, {""clase_id"": 5, ""prob"": 0.00292}, {""clase_id"": 8, ""prob"": 0.00237}]"
102315,35,0.98908,"[{""clase_id"": 35, ""prob"": 0.98908}, {""clase_id"": 27, ""prob"": 0.00186}, {""clase_id"": 48, ""prob"": 0.00069}, {""clase_id"": 7, ""prob"": 0.00048}, {""clase_id"": 14, ""prob"": 0.00047}]"
102316,35,0.98692,"[{""clase_id"": 35, ""prob"": 0.98692}, {""clase_id"": 27, ""prob"": 0.00543}, {""clase_id"": 7, ""prob"": 0.00171}, {""clase_id"": 8, ""prob"": 0.00038}, {""clase_id"": 20, ""prob"": 0.00037}]"
102317,35,0.97299,"[{""clase_id"": 35, ""prob"": 0.97299}, {""clase_id"": 7, ""prob"": 0.01714}, {""clase_id"": 27, ""prob"": 0.00254}, {""clase_id"": 48, ""prob"": 0.00056}, {""clase_id"": 14, ""prob"": 0.00049}]"
102318,35,0.97697,"[{""clase_id"": 35, ""prob"": 0.97697}, {""clase_id"": 27, ""prob"": 0.0128}, {""clase_id"": 48, ""prob"": 0.0007}, {""clase_id"": 59, ""prob"": 0.00067}, {""clase_id"": 20, ""prob"": 0.00055}]"
102319,35,0.98838,"[{""clase_id"": 35, ""prob"": 0.98838}, {""clase_id"": 27, ""prob"": 0.00374}, {""clase_id"": 7, ""prob"": 0.00123}, {""clase_id"": 48, ""prob"": 0.00059}, {""clase_id"": 14, ""prob"": 0.00036}]"
102320,65,0.98177,"[{""clase_id"": 65, ""prob"": 0.98177}, {""clase_id"": 7, ""prob"": 0.00176}, {""clase_id"": 35, ""prob"": 0.00164}, {""clase_id"": 5, ""prob"": 0.00131}, {""clase_id"": 56, ""prob"": 0.00114}]"
102321,58,0.74722,"[{""clase_id"": 58, ""prob"": 0.74722}, {""clase_id"": 62, ""prob"": 0.12448}, {""clase_id"": 65, ""prob"": 0.05428}, {""clase_id"": 57, ""prob"": 0.01702}, {""clase_id"": 4, ""prob"": 0.00841}]"
102322,65,0.99231,"[{""clase_id"": 65, ""prob"": 0.99231}, {""clase_id"": 7, ""prob"": 0.0006}, {""clase_id"": 50, ""prob"": 0.00056}, {""clase_id"": 33, ""prob"": 0.00044}, {""clase_id"": 62, ""prob"": 0.00042}]"
102323,62,0.77896,"[{""clase_id"": 62, ""prob"": 0.77896}, {""clase_id"": 65, ""prob"": 0.15207}, {""clase_id"": 58, ""prob"": 0.02869}, {""clase_id"": 4, ""prob"": 0.00405}, {""clase_id"": 54, ""prob"": 0.00376}]"
102324,7,0.73917,"[{""clase_id"": 7, ""prob"": 0.73917}, {""clase_id"": 50, ""prob"": 0.07861}, {""clase_id"": 65, ""prob"": 0.07651}, {""clase_id"": 24, ""prob"": 0.0082}, {""clase_id"": 35, ""prob"": 0.00658}]"
102325,65,0.99185,"[{""clase_id"": 65, ""prob"": 0.99185}, {""clase_id"": 50, ""prob"": 0.00065}, {""clase_id"": 33, ""prob"": 0.00051}, {""clase_id"": 7, ""prob"": 0.00046}, {""clase_id"": 58, ""prob"": 0.00042}]"
102326,65,0.99225,"[{""clase_id"": 65, ""prob"": 0.99225}, {""clase_id"": 50, ""prob"": 0.00051}, {""clase_id"": 62, ""prob"": 0.00049}, {""clase_id"": 33, ""prob"": 0.00046}, {""clase_id"": 7, ""prob"": 0.00046}]"
102327,65,0.42916,"[{""clase_id"": 65, ""prob"": 0.42916}, {""clase_id"": 35, ""prob"": 0.1988}, {""clase_id"": 7, ""prob"": 0.13807}, {""clase_id"": 55, ""prob"": 0.03884}, {""clase_id"": 8, ""prob"": 0.01824}]"
102328,58,0.3879,"[{""clase_id"": 58, ""prob"": 0.3879}, {""clase_id"": 65, ""prob"": 0.26612}, {""clase_id"": 62, ""prob"": 0.25668}, {""clase_id"": 54, ""prob"": 0.02438}, {""clase_id"": 4, ""prob"": 0.00692}]"
102329,65,0.98324,"[{""clase_id"": 65, ""prob"": 0.98324}, {""clase_id"": 50, ""prob"": 0.00291}, {""clase_id"": 56, ""prob"": 0.00204}, {""clase_id"": 5, ""prob"": 0.00178}, {""clase_id"": 58, ""prob"": 0.00075}]"
102330,65,0.98594,"[{""clase_id"": 65, ""prob"": 0.98594}, {""clase_id"": 62, ""prob"": 0.00129}, {""clase_id"": 7, ""prob"": 0.00109}, {""clase_id"": 56, ""prob"": 0.0009}, {""clase_id"": 50, ""prob"": 0.00077}]"
102331,65,0.99304,"[{""clase_id"": 65, ""prob"": 0.99304}, {""clase_id"": 50, ""prob"": 0.00046}, {""clase_id"": 33, ""prob"": 0.00041}, {""clase_id"": 62, ""prob"": 0.00039}, {""clase_id"": 7, ""prob"": 0.00031}]"
102332,65,0.98635,"[{""clase_id"": 65, ""prob"": 0.98635}, {""clase_id"": 50, ""prob"": 0.00268}, {""clase_id"": 67, ""prob"": 0.00101}, {""clase_id"": 33, ""prob"": 0.00098}, {""clase_id"": 7, ""prob"": 0.00088}]"
102333,65,0.99157,"[{""clase_id"": 65, ""prob"": 0.99157}, {""clase_id"": 7, ""prob"": 0.0006}, {""clase_id"": 50, ""prob"": 0.00059}, {""clase_id"": 33, ""prob"": 0.00049}, {""clase_id"": 62, ""prob"": 0.00042}]"
102334,65,0.99167,"[{""clase_id"": 65, ""prob"": 0.99167}, {""clase_id"": 33, ""prob"": 0.00054}, {""clase_id"": 58, ""prob"": 0.00053}, {""clase_id"": 7, ""prob"": 0.00049}, {""clase_id"": 50, ""prob"": 0.00048}]"
102335,65,0.99066,"[{""clase_id"": 65, ""prob"": 0.99066}, {""clase_id"": 58, ""prob"": 0.0015}, {""clase_id"": 62, ""prob"": 0.00126}, {""clase_id"": 50, ""prob"": 0.00039}, {""clase_id"": 33, ""prob"": 0.00035}]"
102336,65,0.9914,"[{""clase_id"": 65, ""prob"": 0.9914}, {""clase_id"": 58, ""prob"": 0.0008}, {""clase_id"": 56, ""prob"": 0.00077}, {""clase_id"": 50, ""prob"": 0.00073}, {""clase_id"": 7, ""prob"": 0.00045}]"
102337,65,0.99211,"[{""clase_id"": 65, ""prob"": 0.99211}, {""clase_id"": 50, ""prob"": 0.00073}, {""clase_id"": 33, ""prob"": 0.00046}, {""clase_id"": 7, ""prob"": 0.00042}, {""clase_id"": 62, ""prob"": 0.00041}]"
102338,62,0.98879,"[{""clase_id"": 62, ""prob"": 0.98879}, {""clase_id"": 65, ""prob"": 0.0022}, {""clase_id"": 54, ""prob"": 0.00154}, {""clase_id"": 32, ""prob"": 0.00046}, {""clase_id"": 47, ""prob"": 0.00045}]"
102339,65,0.98826,"[{""clase_id"": 65, ""prob"": 0.98826}, {""clase_id"": 50, ""prob"": 0.00156}, {""clase_id"": 33, ""prob"": 0.00096}, {""clase_id"": 56, ""prob"": 0.00087}, {""clase_id"": 58, ""prob"": 0.0007}]"
102340,65,0.76386,"[{""clase_id"": 65, ""prob"": 0.76386}, {""clase_id"": 58, ""prob"": 0.20207}, {""clase_id"": 62, ""prob"": 0.00675}, {""clase_id"": 56, ""prob"": 0.00142}, {""clase_id"": 6, ""prob"": 0.00142}]"
102341,58,0.50804,"[{""clase_id"": 58, ""prob"": 0.50804}, {""clase_id"": 65, ""prob"": 0.36505}, {""clase_id"": 62, ""prob"": 0.06716}, {""clase_id"": 54, ""prob"": 0.01189}, {""clase_id"": 4, ""prob"": 0.00598}]"
102342,65,0.93513,"[{""clase_id"": 65, ""prob"": 0.93513}, {""clase_id"": 5, ""prob"": 0.026}, {""clase_id"": 56, ""prob"": 0.00647}, {""clase_id"": 7, ""prob"": 0.00483}, {""clase_id"": 50, ""prob"": 0.00471}]"
102343,65,0.98473,"[{""clase_id"": 65, ""prob"": 0.98473}, {""clase_id"": 50, ""prob"": 0.0034}, {""clase_id"": 7, ""prob"": 0.00164}, {""clase_id"": 33, ""prob"": 0.00103}, {""clase_id"": 56, ""prob"": 0.00061}]"
102344,65,0.97827,"[{""clase_id"": 65, ""prob"": 0.97827}, {""clase_id"": 56, ""prob"": 0.00284}, {""clase_id"": 50, ""prob"": 0.00202}, {""clase_id"": 33, ""prob"": 0.002}, {""clase_id"": 30, ""prob"": 0.00122}]"
102345,65,0.98944,"[{""clase_id"": 65, ""prob"": 0.98944}, {""clase_id"": 7, ""prob"": 0.00132}, {""clase_id"": 50, ""prob"": 0.00084}, {""clase_id"": 33, ""prob"": 0.00073}, {""clase_id"": 30, ""prob"": 0.00058}]"
102346,65,0.99072,"[{""clase_id"": 65, ""prob"": 0.99072}, {""clase_id"": 50, ""prob"": 0.00162}, {""clase_id"": 33, ""prob"": 0.00072}, {""clase_id"": 7, ""prob"": 0.00058}, {""clase_id"": 62, ""prob"": 0.00041}]"
102347,65,0.97821,"[{""clase_id"": 65, ""prob"": 0.97821}, {""clase_id"": 50, ""prob"": 0.01051}, {""clase_id"": 33, ""prob"": 0.00117}, {""clase_id"": 7, ""prob"": 0.00101}, {""clase_id"": 62, ""prob"": 0.00091}]"
102348,65,0.41823,"[{""clase_id"": 65, ""prob"": 0.41823}, {""clase_id"": 50, ""prob"": 0.29863}, {""clase_id"": 67, ""prob"": 0.03735}, {""clase_id"": 56, ""prob"": 0.03503}, {""clase_id"": 5, ""prob"": 0.03498}]"
102349,65,0.99161,"[{""clase_id"": 65, ""prob"": 0.99161}, {""clase_id"": 50, ""prob"": 0.0008}, {""clase_id"": 62, ""prob"": 0.00058}, {""clase_id"": 58, ""prob"": 0.00057}, {""clase_id"": 33, ""prob"": 0.00044}]"
102350,65,0.98432,"[{""clase_id"": 65, ""prob"": 0.98432}, {""clase_id"": 58, ""prob"": 0.00236}, {""clase_id"": 62, ""prob"": 0.00201}, {""clase_id"": 7, ""prob"": 0.00118}, {""clase_id"": 1, ""prob"": 0.00057}]"
102351,65,0.89149,"[{""clase_id"": 65, ""prob"": 0.89149}, {""clase_id"": 50, ""prob"": 0.05981}, {""clase_id"": 7, ""prob"": 0.0104}, {""clase_id"": 5, ""prob"": 0.00556}, {""clase_id"": 33, ""prob"": 0.00448}]"
102352,65,0.9888,"[{""clase_id"": 65, ""prob"": 0.9888}, {""clase_id"": 50, ""prob"": 0.00121}, {""clase_id"": 56, ""prob"": 0.00102}, {""clase_id"": 7, ""prob"": 0.00096}, {""clase_id"": 62, ""prob"": 0.00091}]"
102353,65,0.99002,"[{""clase_id"": 65, ""prob"": 0.99002}, {""clase_id"": 56, ""prob"": 0.00122}, {""clase_id"": 58, ""prob"": 0.00117}, {""clase_id"": 62, ""prob"": 0.00077}, {""clase_id"": 50, ""prob"": 0.00059}]"
102354,65,0.2631,"[{""clase_id"": 65, ""prob"": 0.2631}, {""clase_id"": 35, ""prob"": 0.21128}, {""clase_id"": 6, ""prob"": 0.1365}, {""clase_id"": 5, ""prob"": 0.05161}, {""clase_id"": 7, ""prob"": 0.0426}]"
102355,65,0.99006,"[{""clase_id"": 65, ""prob"": 0.99006}, {""clase_id"": 50, ""prob"": 0.00192}, {""clase_id"": 33, ""prob"": 0.00077}, {""clase_id"": 7, ""prob"": 0.00072}, {""clase_id"": 62, ""prob"": 0.00036}]"
102356,65,0.98666,"[{""clase_id"": 65, ""prob"": 0.98666}, {""clase_id"": 7, ""prob"": 0.00225}, {""clase_id"": 50, ""prob"": 0.00141}, {""clase_id"": 33, ""prob"": 0.001}, {""clase_id"": 30, ""prob"": 0.00047}]"
102357,65,0.99261,"[{""clase_id"": 65, ""prob"": 0.99261}, {""clase_id"": 7, ""prob"": 0.00058}, {""clase_id"": 62, ""prob"": 0.00043}, {""clase_id"": 50, ""prob"": 0.00039}, {""clase_id"": 33, ""prob"": 0.00036}]"
102358,65,0.99268,"[{""clase_id"": 65, ""prob"": 0.99268}, {""clase_id"": 33, ""prob"": 0.00042}, {""clase_id"": 62, ""prob"": 0.00042}, {""clase_id"": 50, ""prob"": 0.00041}, {""clase_id"": 7, ""prob"": 0.00039}]"
102359,65,0.98883,"[{""clase_id"": 65, ""prob"": 0.98883}, {""clase_id"": 50, ""prob"": 0.00137}, {""clase_id"": 56, ""prob"": 0.00136}, {""clase_id"": 58, ""prob"": 0.00084}, {""clase_id"": 62, ""prob"": 0.00062}]"
102360,71,0.99332,"[{""clase_id"": 71, ""prob"": 0.99332}, {""clase_id"": 60, ""prob"": 0.00053}, {""clase_id"": 59, ""prob"": 0.00052}, {""clase_id"": 74, ""prob"": 0.00051}, {""clase_id"": 39, ""prob"": 0.00031}]"
102361,71,0.99243,"[{""clase_id"": 71, ""prob"": 0.99243}, {""clase_id"": 74, ""prob"": 0.00114}, {""clase_id"": 59, ""prob"": 0.00044}, {""clase_id"": 60, ""prob"": 0.0004}, {""clase_id"": 44, ""prob"": 0.00032}]"
102362,71,0.99296,"[{""clase_id"": 71, ""prob"": 0.99296}, {""clase_id"": 74, ""prob"": 0.00059}, {""clase_id"": 60, ""prob"": 0.00056}, {""clase_id"": 59, ""prob"": 0.00052}, {""clase_id"": 44, ""prob"": 0.00052}]"
102363,71,0.99084,"[{""clase_id"": 71, ""prob"": 0.99084}, {""clase_id"": 74, ""prob"": 0.00219}, {""clase_id"": 44, ""prob"": 0.00038}, {""clase_id"": 28, ""prob"": 0.00034}, {""clase_id"": 60, ""prob"": 0.00033}]"
102364,71,0.98762,"[{""clase_id"": 71, ""prob"": 0.98762}, {""clase_id"": 74, ""prob"": 0.0038}, {""clase_id"": 44, ""prob"": 0.0011}, {""clase_id"": 59, ""prob"": 0.00043}, {""clase_id"": 60, ""prob"": 0.00042}]"
102365,71,0.99176,"[{""clase_id"": 71, ""prob"": 0.99176}, {""clase_id"": 74, ""prob"": 0.00111}, {""clase_id"": 4, ""prob"": 0.00061}, {""clase_id"": 60, ""prob"": 0.00052}, {""clase_id"": 44, ""prob"": 0.00046}]"
102366,71,0.99048,"[{""clase_id"": 71, ""prob"": 0.99048}, {""clase_id"": 74, ""prob"": 0.00208}, {""clase_id"": 58, ""prob"": 0.00058}, {""clase_id"": 4, ""prob"": 0.00044}, {""clase_id"": 44, ""prob"": 0.00035}]"
102367,71,0.99293,"[{""clase_id"": 71, ""prob"": 0.99293}, {""clase_id"": 74, ""prob"": 0.00083}, {""clase_id"": 4, ""prob"": 0.00046}, {""clase_id"": 60, ""prob"": 0.00045}, {""clase_id"": 44, ""prob"": 0.00037}]"
102368,71,0.99297,"[{""clase_id"": 71, ""prob"": 0.99297}, {""clase_id"": 74, ""prob"": 0.00099}, {""clase_id"": 59, ""prob"": 0.00043}, {""clase_id"": 4, ""prob"": 0.00043}, {""clase_id"": 60, ""prob"": 0.00033}]"
102369,71,0.98623,"[{""clase_id"": 71, ""prob"": 0.98623}, {""clase_id"": 44, ""prob"": 0.00348}, {""clase_id"": 74, ""prob"": 0.0021}, {""clase_id"": 60, ""prob"": 0.00062}, {""clase_id"": 59, ""prob"": 0.00053}]"
102370,71,0.99296,"[{""clase_id"": 71, ""prob"": 0.99296}, {""clase_id"": 74, ""prob"": 0.00057}, {""clase_id"": 60, ""prob"": 0.00056}, {""clase_id"": 59, ""prob"": 0.00048}, {""clase_id"": 44, ""prob"": 0.00043}]"
102371,71,0.99303,"[{""clase_id"": 71, ""prob"": 0.99303}, {""clase_id"": 74, ""prob"": 0.00077}, {""clase_id"": 44, ""prob"": 0.00053}, {""clase_id"": 59, ""prob"": 0.00051}, {""clase_id"": 60, ""prob"": 0.00049}]"
102372,71,0.99227,"[{""clase_id"": 71, ""prob"": 0.99227}, {""clase_id"": 74, ""prob"": 0.00075}, {""clase_id"": 4, ""prob"": 0.00073}, {""clase_id"": 60, ""prob"": 0.00047}, {""clase_id"": 59, ""prob"": 0.00046}]"
102373,71,0.99139,"[{""clase_id"": 71, ""prob"": 0.99139}, {""clase_id"": 74, ""prob"": 0.00171}, {""clase_id"": 59, ""prob"": 0.00043}, {""clase_id"": 60, ""prob"": 0.00042}, {""clase_id"": 4, ""prob"": 0.00033}]"
102374,71,0.98935,"[{""clase_id"": 71, ""prob"": 0.98935}, {""clase_id"": 74, ""prob"": 0.0037}, {""clase_id"": 58, ""prob"": 0.00041}, {""clase_id"": 44, ""prob"": 0.00038}, {""clase_id"": 60, ""prob"": 0.00036}]"
102375,71,0.9705,"[{""clase_id"": 71, ""prob"": 0.9705}, {""clase_id"": 74, ""prob"": 0.01783}, {""clase_id"": 58, ""prob"": 0.00081}, {""clase_id"": 44, ""prob"": 0.00077}, {""clase_id"": 28, ""prob"": 0.00052}]"
102376,71,0.99275,"[{""clase_id"": 71, ""prob"": 0.99275}, {""clase_id"": 74, ""prob"": 0.00121}, {""clase_id"": 60, ""prob"": 0.0004}, {""clase_id"": 4, ""prob"": 0.00035}, {""clase_id"": 59, ""prob"": 0.00034}]"
102377,71,0.99174,"[{""clase_id"": 71, ""prob"": 0.99174}, {""clase_id"": 74, ""prob"": 0.00123}, {""clase_id"": 59, ""prob"": 0.00053}, {""clase_id"": 44, ""prob"": 0.00043}, {""clase_id"": 4, ""prob"": 0.00043}]"
102378,71,0.99276,"[{""clase_id"": 71, ""prob"": 0.99276}, {""clase_id"": 60, ""prob"": 0.00066}, {""clase_id"": 59, ""prob"": 0.00057}, {""clase_id"": 74, ""prob"": 0.00049}, {""clase_id"": 44, ""prob"": 0.00042}]"
102379,71,0.99291,"[{""clase_id"": 71, ""prob"": 0.99291}, {""clase_id"": 74, ""prob"": 0.00062}, {""clase_id"": 59, ""prob"": 0.00055}, {""clase_id"": 60, ""prob"": 0.00049}, {""clase_id"": 44, ""prob"": 0.00045}]"
102380,71,0.99327,"[{""clase_id"": 71, ""prob"": 0.99327}, {""clase_id"": 74, ""prob"": 0.00067}, {""clase_id"": 60, ""prob"": 0.00051}, {""clase_id"": 59, ""prob"": 0.00043}, {""clase_id"": 39, ""prob"": 0.00034}]"
102381,71,0.99195,"[{""clase_id"": 71, ""prob"": 0.99195}, {""clase_id"": 74, ""prob"": 0.00135}, {""clase_id"": 59, ""prob"": 0.00039}, {""clase_id"": 44, ""prob"": 0.00038}, {""clase_id"": 4, ""prob"": 0.00037}]"
102382,71,0.99263,"[{""clase_id"": 71, ""prob"": 0.99263}, {""clase_id"": 60, ""prob"": 0.00076}, {""clase_id"": 74, ""prob"": 0.00054}, {""clase_id"": 59, ""prob"": 0.00051}, {""clase_id"": 44, ""prob"": 0.00048}]"
102383,71,0.99286,"[{""clase_id"": 71, ""prob"": 0.99286}, {""clase_id"": 59, ""prob"": 0.00067}, {""clase_id"": 74, ""prob"": 0.0006}, {""clase_id"": 44, ""prob"": 0.00059}, {""clase_id"": 60, ""prob"": 0.00044}]"
102384,71,0.99354,"[{""clase_id"": 71, ""prob"": 0.99354}, {""clase_id"": 74, ""prob"": 0.00084}, {""clase_id"": 59, ""prob"": 0.00044}, {""clase_id"": 39, ""prob"": 0.00032}, {""clase_id"": 60, ""prob"": 0.00029}]"
102385,71,0.99308,"[{""clase_id"": 71, ""prob"": 0.99308}, {""clase_id"": 74, ""prob"": 0.00063}, {""clase_id"": 60, ""prob"": 0.00052}, {""clase_id"": 44, ""prob"": 0.00048}, {""clase_id"": 59, ""prob"": 0.00047}]"
102386,71,0.99344,"[{""clase_id"": 71, ""prob"": 0.99344}, {""clase_id"": 59, ""prob"": 0.00054}, {""clase_id"": 74, ""prob"": 0.00048}, {""clase_id"": 60, ""prob"": 0.00047}, {""clase_id"": 39, ""prob"": 0.00031}]"
102387,71,0.99241,"[{""clase_id"": 71, ""prob"": 0.99241}, {""clase_id"": 60, ""prob"": 0.0007}, {""clase_id"": 59, ""prob"": 0.00058}, {""clase_id"": 74, ""prob"": 0.00048}, {""clase_id"": 44, ""prob"": 0.00042}]"
102388,71,0.99257,"[{""clase_id"": 71, ""prob"": 0.99257}, {""clase_id"": 74, ""prob"": 0.00122}, {""clase_id"": 60, ""prob"": 0.00051}, {""clase_id"": 44, ""prob"": 0.00041}, {""clase_id"": 58, ""prob"": 0.00036}]"
102389,71,0.99312,"[{""clase_id"": 71, ""prob"": 0.99312}, {""clase_id"": 59, ""prob"": 0.0007}, {""clase_id"": 74, ""prob"": 0.00063}, {""clase_id"": 60, ""prob"": 0.00039}, {""clase_id"": 44, ""prob"": 0.00038}]"
102390,71,0.99217,"[{""clase_id"": 71, ""prob"": 0.99217}, {""clase_id"": 74, ""prob"": 0.00141}, {""clase_id"": 59, ""prob"": 0.00053}, {""clase_id"": 44, ""prob"": 0.00035}, {""clase_id"": 60, ""prob"": 0.00031}]"
102391,71,0.97997,"[{""clase_id"": 71, ""prob"": 0.97997}, {""clase_id"": 54, ""prob"": 0.00386}, {""clase_id"": 73, ""prob"": 0.00133}, {""clase_id"": 57, ""prob"": 0.00124}, {""clase_id"": 38, ""prob"": 0.00084}]"
102392,71,0.99288,"[{""clase_id"": 71, ""prob"": 0.99288}, {""clase_id"": 59, ""prob"": 0.00058}, {""clase_id"": 44, ""prob"": 0.00053}, {""clase_id"": 74, ""prob"": 0.0005}, {""clase_id"": 60, ""prob"": 0.00045}]"
102393,71,0.99211,"[{""clase_id"": 71, ""prob"": 0.99211}, {""clase_id"": 74, ""prob"": 0.0008}, {""clase_id"": 59, ""prob"": 0.00076}, {""clase_id"": 44, ""prob"": 0.00075}, {""clase_id"": 60, ""prob"": 0.00055}]"
102394,71,0.99327,"[{""clase_id"": 71, ""prob"": 0.99327}, {""clase_id"": 74, ""prob"": 0.00068}, {""clase_id"": 60, ""prob"": 0.00052}, {""clase_id"": 59, ""prob"": 0.00051}, {""clase_id"": 44, ""prob"": 0.00034}]"
102395,71,0.99294,"[{""clase_id"": 71, ""prob"": 0.99294}, {""clase_id"": 59, ""prob"": 0.00072}, {""clase_id"": 74, ""prob"": 0.00064}, {""clase_id"": 44, ""prob"": 0.00054}, {""clase_id"": 60, ""prob"": 0.00042}]"
102396,71,0.99303,"[{""clase_id"": 71, ""prob"": 0.99303}, {""clase_id"": 74, ""prob"": 0.00058}, {""clase_id"": 59, ""prob"": 0.00055}, {""clase_id"": 60, ""prob"": 0.00054}, {""clase_id"": 44, ""prob"": 0.00052}]"
102397,71,0.99255,"[{""clase_id"": 71, ""prob"": 0.99255}, {""clase_id"": 59, ""prob"": 0.00083}, {""clase_id"": 44, ""prob"": 0.00066}, {""clase_id"": 74, ""prob"": 0.00065}, {""clase_id"": 60, ""prob"": 0.00043}]"
102398,71,0.99159,"[{""clase_id"": 71, ""prob"": 0.99159}, {""clase_id"": 60, ""prob"": 0.00096}, {""clase_id"": 4, ""prob"": 0.0006}, {""clase_id"": 59, ""prob"": 0.00055}, {""clase_id"": 74, ""prob"": 0.00051}]"
102399,71,0.99171,"[{""clase_id"": 71, ""prob"": 0.99171}, {""clase_id"": 74, ""prob"": 0.00144}, {""clase_id"": 4, ""prob"": 0.00051}, {""clase_id"": 58, ""prob"": 0.00048}, {""clase_id"": 60, ""prob"": 0.00046}]"
102400,39,0.99538,"[{""clase_id"": 39, ""prob"": 0.99538}, {""clase_id"": 57, ""prob"": 0.00029}, {""clase_id"": 24, ""prob"": 0.00025}, {""clase_id"": 73, ""prob"": 0.00024}, {""clase_id"": 43, ""prob"": 0.00024}]"
102401,39,0.99384,"[{""clase_id"": 39, ""prob"": 0.99384}, {""clase_id"": 9, ""prob"": 0.00041}, {""clase_id"": 43, ""prob"": 0.00034}, {""clase_id"": 57, ""prob"": 0.00033}, {""clase_id"": 73, ""prob"": 0.00025}]"
102402,39,0.22877,"[{""clase_id"": 39, ""prob"": 0.22877}, {""clase_id"": 57, ""prob"": 0.16151}, {""clase_id"": 54, ""prob"": 0.11562}, {""clase_id"": 38, ""prob"": 0.03824}, {""clase_id"": 3, ""prob"": 0.03706}]"
102403,39,0.99515,"[{""clase_id"": 39, ""prob"": 0.99515}, {""clase_id"": 71, ""prob"": 0.00024}, {""clase_id"": 24, ""prob"": 0.00023}, {""clase_id"": 43, ""prob"": 0.00022}, {""clase_id"": 9, ""prob"": 0.00021}]"
102404,39,0.99481,"[{""clase_id"": 39, ""prob"": 0.99481}, {""clase_id"": 15, ""prob"": 0.00043}, {""clase_id"": 9, ""prob"": 0.0003}, {""clase_id"": 57, ""prob"": 0.0003}, {""clase_id"": 64, ""prob"": 0.0003}]"
102405,39,0.99441,"[{""clase_id"": 39, ""prob"": 0.99441}, {""clase_id"": 43, ""prob"": 0.00057}, {""clase_id"": 24, ""prob"": 0.00028}, {""clase_id"": 57, ""prob"": 0.00024}, {""clase_id"": 41, ""prob"": 0.00023}]"
102406,39,0.99528,"[{""clase_id"": 39, ""prob"": 0.99528}, {""clase_id"": 43, ""prob"": 0.00033}, {""clase_id"": 9, ""prob"": 0.00025}, {""clase_id"": 24, ""prob"": 0.00021}, {""clase_id"": 71, ""prob"": 0.00021}]"
102407,39,0.89238,"[{""clase_id"": 39, ""prob"": 0.89238}, {""clase_id"": 9, ""prob"": 0.05858}, {""clase_id"": 11, ""prob"": 0.00914}, {""clase_id"": 13, ""prob"": 0.0028}, {""clase_id"": 12, ""prob"": 0.00255}]"
102408,39,0.99547,"[{""clase_id"": 39, ""prob"": 0.99547}, {""clase_id"": 9, ""prob"": 0.00025}, {""clase_id"": 57, ""prob"": 0.00024}, {""clase_id"": 43, ""prob"": 0.00023}, {""clase_id"": 73, ""prob"": 0.00022}]"
102409,39,0.99507,"[{""clase_id"": 39, ""prob"": 0.99507}, {""clase_id"": 57, ""prob"": 0.00035}, {""clase_id"": 73, ""prob"": 0.0003}, {""clase_id"": 24, ""prob"": 0.00028}, {""clase_id"": 43, ""prob"": 0.00024}]"
102410,39,0.99485,"[{""clase_id"": 39, ""prob"": 0.99485}, {""clase_id"": 9, ""prob"": 0.00034}, {""clase_id"": 57, ""prob"": 0.00027}, {""clase_id"": 15, ""prob"": 0.00025}, {""clase_id"": 64, ""prob"": 0.00022}]"
102411,39,0.99403,"[{""clase_id"": 39, ""prob"": 0.99403}, {""clase_id"": 9, ""prob"": 0.00063}, {""clase_id"": 73, ""prob"": 0.00038}, {""clase_id"": 43, ""prob"": 0.00032}, {""clase_id"": 71, ""prob"": 0.00029}]"
102412,39,0.99323,"[{""clase_id"": 39, ""prob"": 0.99323}, {""clase_id"": 57, ""prob"": 0.00066}, {""clase_id"": 64, ""prob"": 0.00063}, {""clase_id"": 15, ""prob"": 0.00031}, {""clase_id"": 24, ""prob"": 0.00028}]"
102413,39,0.99524,"[{""clase_id"": 39, ""prob"": 0.99524}, {""clase_id"": 43, ""prob"": 0.00028}, {""clase_id"": 9, ""prob"": 0.00025}, {""clase_id"": 24, ""prob"": 0.00023}, {""clase_id"": 71, ""prob"": 0.00019}]"
102414,39,0.99529,"[{""clase_id"": 39, ""prob"": 0.99529}, {""clase_id"": 9, ""prob"": 0.00043}, {""clase_id"": 57, ""prob"": 0.00025}, {""clase_id"": 24, ""prob"": 0.0002}, {""clase_id"": 73, ""prob"": 0.0002}]"
102415,39,0.99505,"[{""clase_id"": 39, ""prob"": 0.99505}, {""clase_id"": 57, ""prob"": 0.00029}, {""clase_id"": 24, ""prob"": 0.00028}, {""clase_id"": 9, ""prob"": 0.00026}, {""clase_id"": 73, ""prob"": 0.00025}]"
102416,39,0.99563,"[{""clase_id"": 39, ""prob"": 0.99563}, {""clase_id"": 9, ""prob"": 0.00024}, {""clase_id"": 43, ""prob"": 0.00023}, {""clase_id"": 57, ""prob"": 0.00021}, {""clase_id"": 64, ""prob"": 0.0002}]"
102417,39,0.98446,"[{""clase_id"": 39, ""prob"": 0.98446}, {""clase_id"": 43, ""prob"": 0.00391}, {""clase_id"": 57, ""prob"": 0.00098}, {""clase_id"": 1, ""prob"": 0.00064}, {""clase_id"": 9, ""prob"": 0.00058}]"
102418,39,0.99545,"[{""clase_id"": 39, ""prob"": 0.99545}, {""clase_id"": 57, ""prob"": 0.00027}, {""clase_id"": 9, ""prob"": 0.00026}, {""clase_id"": 71, ""prob"": 0.0002}, {""clase_id"": 43, ""prob"": 0.00019}]"
102419,39,0.9952,"[{""clase_id"": 39, ""prob"": 0.9952}, {""clase_id"": 57, ""prob"": 0.00035}, {""clase_id"": 24, ""prob"": 0.00027}, {""clase_id"": 73, ""prob"": 0.00025}, {""clase_id"": 64, ""prob"": 0.00025}]"
102420,39,0.99086,"[{""clase_id"": 39, ""prob"": 0.99086}, {""clase_id"": 57, ""prob"": 0.00176}, {""clase_id"": 43, ""prob"": 0.00062}, {""clase_id"": 15, ""prob"": 0.00056}, {""clase_id"": 9, ""prob"": 0.00044}]"
102421,39,0.99467,"[{""clase_id"": 39, ""prob"": 0.99467}, {""clase_id"": 9, ""prob"": 0.00045}, {""clase_id"": 64, ""prob"": 0.00025}, {""clase_id"": 43, ""prob"": 0.00024}, {""clase_id"": 24, ""prob"": 0.00022}]"
102422,39,0.99552,"[{""clase_id"": 39, ""prob"": 0.99552}, {""clase_id"": 9, ""prob"": 0.00026}, {""clase_id"": 43, ""prob"": 0.00025}, {""clase_id"": 57, ""prob"": 0.00023}, {""clase_id"": 73, ""prob"": 0.00022}]"
102423,39,0.99366,"[{""clase_id"": 39, ""prob"": 0.99366}, {""clase_id"": 9, ""prob"": 0.00068}, {""clase_id"": 24, ""prob"": 0.00041}, {""clase_id"": 57, ""prob"": 0.00028}, {""clase_id"": 73, ""prob"": 0.00028}]"
102424,39,0.99531,"[{""clase_id"": 39, ""prob"": 0.99531}, {""clase_id"": 43, ""prob"": 0.0003}, {""clase_id"": 24, ""prob"": 0.00024}, {""clase_id"": 9, ""prob"": 0.00023}, {""clase_id"": 71, ""prob"": 0.0002}]"
102425,39,0.99511,"[{""clase_id"": 39, ""prob"": 0.99511}, {""clase_id"": 43, ""prob"": 0.00047}, {""clase_id"": 9, ""prob"": 0.00044}, {""clase_id"": 57, ""prob"": 0.00022}, {""clase_id"": 41, ""prob"": 0.0002}]"
102426,29,0.7806,"[{""clase_id"": 29, ""prob"": 0.7806}, {""clase_id"": 39, ""prob"": 0.07241}, {""clase_id"": 40, ""prob"": 0.03993}, {""clase_id"": 72, ""prob"": 0.02035}, {""clase_id"": 37, ""prob"": 0.01461}]"
102427,39,0.98982,"[{""clase_id"": 39, ""prob"": 0.98982}, {""clase_id"": 57, ""prob"": 0.00089}, {""clase_id"": 15, ""prob"": 0.00067}, {""clase_id"": 9, ""prob"": 0.00064}, {""clase_id"": 1, ""prob"": 0.0006}]"
102428,39,0.99565,"[{""clase_id"": 39, ""prob"": 0.99565}, {""clase_id"": 57, ""prob"": 0.00023}, {""clase_id"": 43, ""prob"": 0.00021}, {""clase_id"": 9, ""prob"": 0.00021}, {""clase_id"": 64, ""prob"": 0.0002}]"
102429,39,0.94836,"[{""clase_id"": 39, ""prob"": 0.94836}, {""clase_id"": 1, ""prob"": 0.01913}, {""clase_id"": 43, ""prob"": 0.00645}, {""clase_id"": 9, ""prob"": 0.00245}, {""clase_id"": 57, ""prob"": 0.00149}]"
102430,39,0.99409,"[{""clase_id"": 39, ""prob"": 0.99409}, {""clase_id"": 9, ""prob"": 0.00061}, {""clase_id"": 15, ""prob"": 0.00029}, {""clase_id"": 64, ""prob"": 0.00026}, {""clase_id"": 71, ""prob"": 0.00023}]"
102431,39,0.99555,"[{""clase_id"": 39, ""prob"": 0.99555}, {""clase_id"": 9, ""prob"": 0.00034}, {""clase_id"": 57, ""prob"": 0.00024}, {""clase_id"": 43, ""prob"": 0.00019}, {""clase_id"": 64, ""prob"": 0.00017}]"
102432,39,0.99518,"[{""clase_id"": 39, ""prob"": 0.99518}, {""clase_id"": 57, ""prob"": 0.00036}, {""clase_id"": 43, ""prob"": 0.00029}, {""clase_id"": 73, ""prob"": 0.00027}, {""clase_id"": 24, ""prob"": 0.00027}]"
102433,39,0.99561,"[{""clase_id"": 39, ""prob"": 0.99561}, {""clase_id"": 57, ""prob"": 0.00025}, {""clase_id"": 9, ""prob"": 0.00024}, {""clase_id"": 73, ""prob"": 0.00023}, {""clase_id"": 43, ""prob"": 0.00021}]"
102434,39,0.99503,"[{""clase_id"": 39, ""prob"": 0.99503}, {""clase_id"": 9, ""prob"": 0.00031}, {""clase_id"": 57, ""prob"": 0.00026}, {""clase_id"": 64, ""prob"": 0.00022}, {""clase_id"": 43, ""prob"": 0.00021}]"
102435,39,0.98954,"[{""clase_id"": 39, ""prob"": 0.98954}, {""clase_id"": 63, ""prob"": 0.00089}, {""clase_id"": 57, ""prob"": 0.00086}, {""clase_id"": 60, ""prob"": 0.00084}, {""clase_id"": 34, ""prob"": 0.00058}]"
102436,39,0.99536,"[{""clase_id"": 39, ""prob"": 0.99536}, {""clase_id"": 9, ""prob"": 0.00035}, {""clase_id"": 57, ""prob"": 0.00026}, {""clase_id"": 64, ""prob"": 0.00019}, {""clase_id"": 15, ""prob"": 0.00019}]"
102437,39,0.99166,"[{""clase_id"": 39, ""prob"": 0.99166}, {""clase_id"": 9, ""prob"": 0.00068}, {""clase_id"": 13, ""prob"": 0.00051}, {""clase_id"": 43, ""prob"": 0.00048}, {""clase_id"": 57, ""prob"": 0.00046}]"
102438,39,0.98411,"[{""clase_id"": 39, ""prob"": 0.98411}, {""clase_id"": 1, ""prob"": 0.00126}, {""clase_id"": 57, ""prob"": 0.00125}, {""clase_id"": 9, ""prob"": 0.00074}, {""clase_id"": 13, ""prob"": 0.00065}]"
102439,39,0.99043,"[{""clase_id"": 39, ""prob"": 0.99043}, {""clase_id"": 57, ""prob"": 0.00116}, {""clase_id"": 71, ""prob"": 0.00049}, {""clase_id"": 43, ""prob"": 0.00048}, {""clase_id"": 24, ""prob"": 0.00041}]"
102440,58,0.99321,"[{""clase_id"": 58, ""prob"": 0.99321}, {""clase_id"": 65, ""prob"": 0.00062}, {""clase_id"": 62, ""prob"": 0.00028}, {""clase_id"": 4, ""prob"": 0.00027}, {""clase_id"": 56, ""prob"": 0.00026}]"
102441,58,0.99247,"[{""clase_id"": 58, ""prob"": 0.99247}, {""clase_id"": 65, ""prob"": 0.00065}, {""clase_id"": 4, ""prob"": 0.00045}, {""clase_id"": 6, ""prob"": 0.0003}, {""clase_id"": 71, ""prob"": 0.00029}]"
102442,58,0.99355,"[{""clase_id"": 58, ""prob"": 0.99355}, {""clase_id"": 65, ""prob"": 0.00058}, {""clase_id"": 6, ""prob"": 0.00028}, {""clase_id"": 4, ""prob"": 0.00027}, {""clase_id"": 71, ""prob"": 0.00025}]"
102443,58,0.99288,"[{""clase_id"": 58, ""prob"": 0.99288}, {""clase_id"": 65, ""prob"": 0.00073}, {""clase_id"": 4, ""prob"": 0.00038}, {""clase_id"": 62, ""prob"": 0.00033}, {""clase_id"": 6, ""prob"": 0.0003}]"
102444,58,0.99241,"[{""clase_id"": 58, ""prob"": 0.99241}, {""clase_id"": 65, ""prob"": 0.00104}, {""clase_id"": 6, ""prob"": 0.00049}, {""clase_id"": 62, ""prob"": 0.00046}, {""clase_id"": 4, ""prob"": 0.00039}]"
102445,58,0.99222,"[{""clase_id"": 58, ""prob"": 0.99222}, {""clase_id"": 65, ""prob"": 0.00102}, {""clase_id"": 4, ""prob"": 0.00055}, {""clase_id"": 62, ""prob"": 0.00029}, {""clase_id"": 6, ""prob"": 0.00027}]"
102446,58,0.99243,"[{""clase_id"": 58, ""prob"": 0.99243}, {""clase_id"": 65, ""prob"": 0.00103}, {""clase_id"": 6, ""prob"": 0.00061}, {""clase_id"": 44, ""prob"": 0.00031}, {""clase_id"": 71, ""prob"": 0.00031}]"
102447,58,0.98903,"[{""clase_id"": 58, ""prob"": 0.98903}, {""clase_id"": 65, ""prob"": 0.00144}, {""clase_id"": 4, ""prob"": 0.00092}, {""clase_id"": 6, ""prob"": 0.00071}, {""clase_id"": 62, ""prob"": 0.00067}]"
102448,58,0.98903,"[{""clase_id"": 58, ""prob"": 0.98903}, {""clase_id"": 65, ""prob"": 0.0014}, {""clase_id"": 54, ""prob"": 0.00059}, {""clase_id"": 4, ""prob"": 0.00054}, {""clase_id"": 57, ""prob"": 0.00044}]"
102449,58,0.9911,"[{""clase_id"": 58, ""prob"": 0.9911}, {""clase_id"": 4, ""prob"": 0.00089}, {""clase_id"": 65, ""prob"": 0.00076}, {""clase_id"": 71, ""prob"": 0.00031}, {""clase_id"": 62, ""prob"": 0.00028}]"
102450,58,0.9913,"[{""clase_id"": 58, ""prob"": 0.9913}, {""clase_id"": 4, ""prob"": 0.00058}, {""clase_id"": 57, ""prob"": 0.00056}, {""clase_id"": 62, ""prob"": 0.00053}, {""clase_id"": 65, ""prob"": 0.00044}]"
102451,58,0.98747,"[{""clase_id"": 58, ""prob"": 0.98747}, {""clase_id"": 57, ""prob"": 0.00065}, {""clase_id"": 73, ""prob"": 0.00063}, {""clase_id"": 65, ""prob"": 0.00062}, {""clase_id"": 56, ""prob"": 0.00061}]"
102452,58,0.99127,"[{""clase_id"": 58, ""prob"": 0.99127}, {""clase_id"": 6, ""prob"": 0.00207}, {""clase_id"": 65, ""prob"": 0.00084}, {""clase_id"": 44, ""prob"": 0.00025}, {""clase_id"": 71, ""prob"": 0.00024}]"
102453,58,0.83324,"[{""clase_id"": 58, ""prob"": 0.83324}, {""clase_id"": 65, ""prob"": 0.12536}, {""clase_id"": 6, ""prob"": 0.00483}, {""clase_id"": 36, ""prob"": 0.00355}, {""clase_id"": 1, ""prob"": 0.00194}]"
102454,58,0.99338,"[{""clase_id"": 58, ""prob"": 0.99338}, {""clase_id"": 65, ""prob"": 0.0007}, {""clase_id"": 6, ""prob"": 0.00028}, {""clase_id"": 4, ""prob"": 0.00027}, {""clase_id"": 71, ""prob"": 0.00026}]"
102455,58,0.99338,"[{""clase_id"": 58, ""prob"": 0.99338}, {""clase_id"": 65, ""prob"": 0.00055}, {""clase_id"": 62, ""prob"": 0.00053}, {""clase_id"": 57, ""prob"": 0.00033}, {""clase_id"": 6, ""prob"": 0.00032}]"
102456,58,0.99217,"[{""clase_id"": 58, ""prob"": 0.99217}, {""clase_id"": 65, ""prob"": 0.00089}, {""clase_id"": 4, ""prob"": 0.0005}, {""clase_id"": 62, ""prob"": 0.00043}, {""clase_id"": 6, ""prob"": 0.00029}]"
102457,58,0.99061,"[{""clase_id"": 58, ""prob"": 0.99061}, {""clase_id"": 65, ""prob"": 0.00132}, {""clase_id"": 4, ""prob"": 0.001}, {""clase_id"": 56, ""prob"": 0.00035}, {""clase_id"": 57, ""prob"": 0.0003}]"
102458,58,0.99168,"[{""clase_id"": 58, ""prob"": 0.99168}, {""clase_id"": 4, ""prob"": 0.00054}, {""clase_id"": 65, ""prob"": 0.00045}, {""clase_id"": 6, ""prob"": 0.00028}, {""clase_id"": 57, ""prob"": 0.00028}]"
102459,58,0.9926,"[{""clase_id"": 58, ""prob"": 0.9926}, {""clase_id"": 65, ""prob"": 0.0006}, {""clase_id"": 4, ""prob"": 0.00036}, {""clase_id"": 57, ""prob"": 0.00026}, {""clase_id"": 6, ""prob"": 0.00024}]"
102460,58,0.99197,"[{""clase_id"": 58, ""prob"": 0.99197}, {""clase_id"": 65, ""prob"": 0.00126}, {""clase_id"": 4, ""prob"": 0.00059}, {""clase_id"": 62, ""prob"": 0.00045}, {""clase_id"": 6, ""prob"": 0.00039}]"
102461,58,0.99291,"[{""clase_id"": 58, ""prob"": 0.99291}, {""clase_id"": 65, ""prob"": 0.00083}, {""clase_id"": 4, ""prob"": 0.00036}, {""clase_id"": 6, ""prob"": 0.0003}, {""clase_id"": 71, ""prob"": 0.00026}]"
102462,58,0.99285,"[{""clase_id"": 58, ""prob"": 0.99285}, {""clase_id"": 65, ""prob"": 0.00089}, {""clase_id"": 62, ""prob"": 0.00043}, {""clase_id"": 6, ""prob"": 0.00032}, {""clase_id"": 4, ""prob"": 0.00027}]"
102463,58,0.99303,"[{""clase_id"": 58, ""prob"": 0.99303}, {""clase_id"": 65, ""prob"": 0.00052}, {""clase_id"": 4, ""prob"": 0.00034}, {""clase_id"": 62, ""prob"": 0.00034}, {""clase_id"": 6, ""prob"": 0.00032}]"
102464,58,0.99249,"[{""clase_id"": 58, ""prob"": 0.99249}, {""clase_id"": 65, ""prob"": 0.00085}, {""clase_id"": 56, ""prob"": 0.00043}, {""clase_id"": 4, ""prob"": 0.00031}, {""clase_id"": 57, ""prob"": 0.00028}]"
102465,58,0.99353,"[{""clase_id"": 58, ""prob"": 0.99353}, {""clase_id"": 65, ""prob"": 0.00082}, {""clase_id"": 6, ""prob"": 0.00046}, {""clase_id"": 62, ""prob"": 0.00034}, {""clase_id"": 44, ""prob"": 0.00022}]"
102466,58,0.73642,"[{""clase_id"": 58, ""prob"": 0.73642}, {""clase_id"": 65, ""prob"": 0.12839}, {""clase_id"": 62, ""prob"": 0.08203}, {""clase_id"": 4, ""prob"": 0.00914}, {""clase_id"": 54, ""prob"": 0.0033}]"
102467,58,0.99122,"[{""clase_id"": 58, ""prob"": 0.99122}, {""clase_id"": 4, ""prob"": 0.00064}, {""clase_id"": 65, ""prob"": 0.00057}, {""clase_id"": 6, ""prob"": 0.00049}, {""clase_id"": 60, ""prob"": 0.00048}]"
102468,58,0.54642,"[{""clase_id"": 58, ""prob"": 0.54642}, {""clase_id"": 3, ""prob"": 0.28969}, {""clase_id"": 19, ""prob"": 0.02643}, {""clase_id"": 56, ""prob"": 0.01205}, {""clase_id"": 70, ""prob"": 0.00847}]"
102469,58,0.74632,"[{""clase_id"": 58, ""prob"": 0.74632}, {""clase_id"": 19, ""prob"": 0.04466}, {""clase_id"": 3, ""prob"": 0.03755}, {""clase_id"": 26, ""prob"": 0.03318}, {""clase_id"": 4, ""prob"": 0.00831}]"
102470,58,0.8958,"[{""clase_id"": 58, ""prob"": 0.8958}, {""clase_id"": 65, ""prob"": 0.08074}, {""clase_id"": 6, ""prob"": 0.00167}, {""clase_id"": 44, ""prob"": 0.00135}, {""clase_id"": 62, ""prob"": 0.00131}]"
102471,58,0.99088,"[{""clase_id"": 58, ""prob"": 0.99088}, {""clase_id"": 6, ""prob"": 0.00134}, {""clase_id"": 65, ""prob"": 0.00056}, {""clase_id"": 44, ""prob"": 0.00044}, {""clase_id"": 71, ""prob"": 0.00043}]"
102472,58,0.99308,"[{""clase_id"": 58, ""prob"": 0.99308}, {""clase_id"": 65, ""prob"": 0.00092}, {""clase_id"": 4, ""prob"": 0.00035}, {""clase_id"": 62, ""prob"": 0.00034}, {""clase_id"": 6, ""prob"": 0.00027}]"
102473,58,0.99346,"[{""clase_id"": 58, ""prob"": 0.99346}, {""clase_id"": 65, ""prob"": 0.00065}, {""clase_id"": 6, ""prob"": 0.00041}, {""clase_id"": 71, ""prob"": 0.00026}, {""clase_id"": 4, ""prob"": 0.00025}]"
102474,58,0.98431,"[{""clase_id"": 58, ""prob"": 0.98431}, {""clase_id"": 4, ""prob"": 0.00265}, {""clase_id"": 57, ""prob"": 0.00104}, {""clase_id"": 56, ""prob"": 0.00087}, {""clase_id"": 60, ""prob"": 0.0008}]"
102475,58,0.99329,"[{""clase_id"": 58, ""prob"": 0.99329}, {""clase_id"": 65, ""prob"": 0.00099}, {""clase_id"": 6, ""prob"": 0.00045}, {""clase_id"": 62, ""prob"": 0.00028}, {""clase_id"": 4, ""prob"": 0.00024}]"
102476,58,0.99252,"[{""clase_id"": 58, ""prob"": 0.99252}, {""clase_id"": 65, ""prob"": 0.00054}, {""clase_id"": 4, ""prob"": 0.00041}, {""clase_id"": 57, ""prob"": 0.0003}, {""clase_id"": 71, ""prob"": 0.00029}]"
102477,62,0.98454,"[{""clase_id"": 62, ""prob"": 0.98454}, {""clase_id"": 65, ""prob"": 0.00261}, {""clase_id"": 54, ""prob"": 0.00173}, {""clase_id"": 60, ""prob"": 0.00106}, {""clase_id"": 47, ""prob"": 0.00101}]"
102478,58,0.99052,"[{""clase_id"": 58, ""prob"": 0.99052}, {""clase_id"": 6, ""prob"": 0.00071}, {""clase_id"": 73, ""prob"": 0.00055}, {""clase_id"": 71, ""prob"": 0.00049}, {""clase_id"": 57, ""prob"": 0.00035}]"
102479,58,0.98777,"[{""clase_id"": 58, ""prob"": 0.98777}, {""clase_id"": 71, ""prob"": 0.00117}, {""clase_id"": 74, ""prob"": 0.00062}, {""clase_id"": 6, ""prob"": 0.0006}, {""clase_id"": 56, ""prob"": 0.00059}]"
102480,43,0.99179,"[{""clase_id"": 43, ""prob"": 0.99179}, {""clase_id"": 12, ""prob"": 0.00065}, {""clase_id"": 40, ""prob"": 0.00058}, {""clase_id"": 39, ""prob"": 0.00037}, {""clase_id"": 38, ""prob"": 0.00036}]"
102481,43,0.98146,"[{""clase_id"": 43, ""prob"": 0.98146}, {""clase_id"": 39, ""prob"": 0.00602}, {""clase_id"": 12, ""prob"": 0.0016}, {""clase_id"": 73, ""prob"": 0.00081}, {""clase_id"": 10, ""prob"": 0.00073}]"
102482,43,0.99281,"[{""clase_id"": 43, ""prob"": 0.99281}, {""clase_id"": 39, ""prob"": 0.00056}, {""clase_id"": 12, ""prob"": 0.00054}, {""clase_id"": 40, ""prob"": 0.00043}, {""clase_id"": 29, ""prob"": 0.00038}]"
102483,43,0.91589,"[{""clase_id"": 43, ""prob"": 0.91589}, {""clase_id"": 3, ""prob"": 0.02935}, {""clase_id"": 10, ""prob"": 0.02155}, {""clase_id"": 41, ""prob"": 0.00302}, {""clase_id"": 18, ""prob"": 0.00219}]"
102484,43,0.99137,"[{""clase_id"": 43, ""prob"": 0.99137}, {""clase_id"": 40, ""prob"": 0.00061}, {""clase_id"": 12, ""prob"": 0.00055}, {""clase_id"": 52, ""prob"": 0.00043}, {""clase_id"": 29, ""prob"": 0.00043}]"
102485,43,0.99267,"[{""clase_id"": 43, ""prob"": 0.99267}, {""clase_id"": 12, ""prob"": 0.00059}, {""clase_id"": 39, ""prob"": 0.00047}, {""clase_id"": 40, ""prob"": 0.00031}, {""clase_id"": 41, ""prob"": 0.00027}]"
102486,43,0.99226,"[{""clase_id"": 43, ""prob"": 0.99226}, {""clase_id"": 40, ""prob"": 0.00068}, {""clase_id"": 12, ""prob"": 0.00045}, {""clase_id"": 39, ""prob"": 0.00042}, {""clase_id"": 41, ""prob"": 0.00036}]"
102487,43,0.99108,"[{""clase_id"": 43, ""prob"": 0.99108}, {""clase_id"": 12, ""prob"": 0.00143}, {""clase_id"": 10, ""prob"": 0.00049}, {""clase_id"": 39, ""prob"": 0.00042}, {""clase_id"": 41, ""prob"": 0.00036}]"
102488,43,0.9924,"[{""clase_id"": 43, ""prob"": 0.9924}, {""clase_id"": 40, ""prob"": 0.00063}, {""clase_id"": 12, ""prob"": 0.00043}, {""clase_id"": 41, ""prob"": 0.00034}, {""clase_id"": 39, ""prob"": 0.00033}]"
102489,43,0.99244,"[{""clase_id"": 43, ""prob"": 0.99244}, {""clase_id"": 39, ""prob"": 0.00058}, {""clase_id"": 12, ""prob"": 0.00057}, {""clase_id"": 29, ""prob"": 0.00053}, {""clase_id"": 40, ""prob"": 0.00044}]"
102490,43,0.99258,"[{""clase_id"": 43, ""prob"": 0.99258}, {""clase_id"": 39, ""prob"": 0.00073}, {""clase_id"": 12, ""prob"": 0.0006}, {""clase_id"": 40, ""prob"": 0.00039}, {""clase_id"": 29, ""prob"": 0.00038}]"
102491,24,0.86376,"[{""clase_id"": 24, ""prob"": 0.86376}, {""clase_id"": 43, ""prob"": 0.05304}, {""clase_id"": 12, ""prob"": 0.01947}, {""clase_id"": 10, ""prob"": 0.01487}, {""clase_id"": 39, ""prob"": 0.00793}]"
102492,43,0.99095,"[{""clase_id"": 43, ""prob"": 0.99095}, {""clase_id"": 39, ""prob"": 0.00071}, {""clase_id"": 12, ""prob"": 0.00057}, {""clase_id"": 29, ""prob"": 0.00053}, {""clase_id"": 57, ""prob"": 0.00048}]"
102493,43,0.98034,"[{""clase_id"": 43, ""prob"": 0.98034}, {""clase_id"": 10, ""prob"": 0.00245}, {""clase_id"": 39, ""prob"": 0.00214}, {""clase_id"": 40, ""prob"": 0.00207}, {""clase_id"": 29, ""prob"": 0.002}]"
102494,43,0.99243,"[{""clase_id"": 43, ""prob"": 0.99243}, {""clase_id"": 12, ""prob"": 0.00052}, {""clase_id"": 39, ""prob"": 0.00052}, {""clase_id"": 10, ""prob"": 0.00042}, {""clase_id"": 40, ""prob"": 0.00036}]"
102495,43,0.99127,"[{""clase_id"": 43, ""prob"": 0.99127}, {""clase_id"": 3, ""prob"": 0.00096}, {""clase_id"": 10, ""prob"": 0.00063}, {""clase_id"": 29, ""prob"": 0.00054}, {""clase_id"": 39, ""prob"": 0.00048}]"
102496,43,0.9928,"[{""clase_id"": 43, ""prob"": 0.9928}, {""clase_id"": 39, ""prob"": 0.00054}, {""clase_id"": 10, ""prob"": 0.00046}, {""clase_id"": 29, ""prob"": 0.00045}, {""clase_id"": 3, ""prob"": 0.00045}]"
102497,43,0.99227,"[{""clase_id"": 43, ""prob"": 0.99227}, {""clase_id"": 40, ""prob"": 0.00069}, {""clase_id"": 39, ""prob"": 0.00038}, {""clase_id"": 41, ""prob"": 0.00037}, {""clase_id"": 12, ""prob"": 0.00034}]"
102498,43,0.99188,"[{""clase_id"": 43, ""prob"": 0.99188}, {""clase_id"": 40, ""prob"": 0.00071}, {""clase_id"": 12, ""prob"": 0.00056}, {""clase_id"": 29, ""prob"": 0.00047}, {""clase_id"": 3, ""prob"": 0.0003}]"
102499,37,0.35859,"[{""clase_id"": 37, ""prob"": 0.35859}, {""clase_id"": 29, ""prob"": 0.34161}, {""clase_id"": 39, ""prob"": 0.02777}, {""clase_id"": 54, ""prob"": 0.02691}, {""clase_id"": 10, ""prob"": 0.0234}]"
102500,15,0.89919,"[{""clase_id"": 15, ""prob"": 0.89919}, {""clase_id"": 57, ""prob"": 0.05132}, {""clase_id"": 43, ""prob"": 0.00857}, {""clase_id"": 10, ""prob"": 0.00619}, {""clase_id"": 39, ""prob"": 0.00443}]"
102501,43,0.99246,"[{""clase_id"": 43, ""prob"": 0.99246}, {""clase_id"": 40, ""prob"": 0.00059}, {""clase_id"": 39, ""prob"": 0.00039}, {""clase_id"": 41, ""prob"": 0.00035}, {""clase_id"": 12, ""prob"": 0.00034}]"
102502,43,0.99133,"[{""clase_id"": 43, ""prob"": 0.99133}, {""clase_id"": 40, ""prob"": 0.00091}, {""clase_id"": 29, ""prob"": 0.00048}, {""clase_id"": 10, ""prob"": 0.00042}, {""clase_id"": 3, ""prob"": 0.00041}]"
102503,40,0.8394,"[{""clase_id"": 40, ""prob"": 0.8394}, {""clase_id"": 37, ""prob"": 0.09199}, {""clase_id"": 29, ""prob"": 0.02161}, {""clase_id"": 72, ""prob"": 0.02006}, {""clase_id"": 16, ""prob"": 0.00123}]"
102504,43,0.99247,"[{""clase_id"": 43, ""prob"": 0.99247}, {""clase_id"": 40, ""prob"": 0.00055}, {""clase_id"": 39, ""prob"": 0.00043}, {""clase_id"": 12, ""prob"": 0.00038}, {""clase_id"": 41, ""prob"": 0.00034}]"
102505,43,0.99287,"[{""clase_id"": 43, ""prob"": 0.99287}, {""clase_id"": 40, ""prob"": 0.00054}, {""clase_id"": 12, ""prob"": 0.0004}, {""clase_id"": 39, ""prob"": 0.00039}, {""clase_id"": 29, ""prob"": 0.00037}]"
102506,43,0.98783,"[{""clase_id"": 43, ""prob"": 0.98783}, {""clase_id"": 12, ""prob"": 0.00222}, {""clase_id"": 10, ""prob"": 0.00093}, {""clase_id"": 41, ""prob"": 0.00084}, {""clase_id"": 11, ""prob"": 0.0008}]"
102507,43,0.99272,"[{""clase_id"": 43, ""prob"": 0.99272}, {""clase_id"": 40, ""prob"": 0.00059}, {""clase_id"": 29, ""prob"": 0.00042}, {""clase_id"": 12, ""prob"": 0.00037}, {""clase_id"": 39, ""prob"": 0.00034}]"
102508,43,0.99156,"[{""clase_id"": 43, ""prob"": 0.99156}, {""clase_id"": 10, ""prob"": 0.00111}, {""clase_id"": 12, ""prob"": 0.00071}, {""clase_id"": 52, ""prob"": 0.00031}, {""clase_id"": 3, ""prob"": 0.0003}]"
102509,43,0.99241,"[{""clase_id"": 43, ""prob"": 0.99241}, {""clase_id"": 12, ""prob"": 0.00082}, {""clase_id"": 10, ""prob"": 0.00056}, {""clase_id"": 29, ""prob"": 0.00047}, {""clase_id"": 3, ""prob"": 0.00039}]"
102510,43,0.9848,"[{""clase_id"": 43, ""prob"": 0.9848}, {""clase_id"": 10, ""prob"": 0.00436}, {""clase_id"": 12, ""prob"": 0.00093}, {""clase_id"": 41, ""prob"": 0.0009}, {""clase_id"": 3, ""prob"": 0.00077}]"
102511,43,0.99115,"[{""clase_id"": 43, ""prob"": 0.99115}, {""clase_id"": 12, ""prob"": 0.00092}, {""clase_id"": 39, ""prob"": 0.00059}, {""clase_id"": 10, ""prob"": 0.00058}, {""clase_id"": 3, ""prob"": 0.00055}]"
102512,43,0.99132,"[{""clase_id"": 43, ""prob"": 0.99132}, {""clase_id"": 40, ""prob"": 0.00067}, {""clase_id"": 39, ""prob"": 0.0006}, {""clase_id"": 41, ""prob"": 0.00047}, {""clase_id"": 10, ""prob"": 0.00046}]"
102513,41,0.79812,"[{""clase_id"": 41, ""prob"": 0.79812}, {""clase_id"": 11, ""prob"": 0.10702}, {""clase_id"": 43, ""prob"": 0.04211}, {""clase_id"": 18, ""prob"": 0.00463}, {""clase_id"": 39, ""prob"": 0.0028}]"
102514,43,0.99242,"[{""clase_id"": 43, ""prob"": 0.99242}, {""clase_id"": 10, ""prob"": 0.00045}, {""clase_id"": 3, ""prob"": 0.00042}, {""clase_id"": 40, ""prob"": 0.0004}, {""clase_id"": 39, ""prob"": 0.00039}]"
102515,43,0.99194,"[{""clase_id"": 43, ""prob"": 0.99194}, {""clase_id"": 3, ""prob"": 0.0008}, {""clase_id"": 10, ""prob"": 0.00077}, {""clase_id"": 29, ""prob"": 0.0005}, {""clase_id"": 39, ""prob"": 0.00042}]"
102516,43,0.99243,"[{""clase_id"": 43, ""prob"": 0.99243}, {""clase_id"": 40, ""prob"": 0.00064}, {""clase_id"": 12, ""prob"": 0.00049}, {""clase_id"": 41, ""prob"": 0.00038}, {""clase_id"": 39, ""prob"": 0.00038}]"
102517,43,0.9918,"[{""clase_id"": 43, ""prob"": 0.9918}, {""clase_id"": 40, ""prob"": 0.00082}, {""clase_id"": 29, ""prob"": 0.00056}, {""clase_id"": 12, ""prob"": 0.00044}, {""clase_id"": 3, ""prob"": 0.00035}]"
102518,43,0.99207,"[{""clase_id"": 43, ""prob"": 0.99207}, {""clase_id"": 40, ""prob"": 0.00045}, {""clase_id"": 12, ""prob"": 0.00044}, {""clase_id"": 39, ""prob"": 0.00043}, {""clase_id"": 41, ""prob"": 0.00041}]"
102519,43,0.99262,"[{""clase_id"": 43, ""prob"": 0.99262}, {""clase_id"": 12, ""prob"": 0.00044}, {""clase_id"": 39, ""prob"": 0.00043}, {""clase_id"": 10, ""prob"": 0.0004}, {""clase_id"": 40, ""prob"": 0.00038}]"
102520,72,0.93123,"[{""clase_id"": 72, ""prob"": 0.93123}, {""clase_id"": 29, ""prob"": 0.02531}, {""clase_id"": 37, ""prob"": 0.01713}, {""clase_id"": 40, ""prob"": 0.0037}, {""clase_id"": 23, ""prob"": 0.00227}]"
102521,72,0.97484,"[{""clase_id"": 72, ""prob"": 0.97484}, {""clase_id"": 37, ""prob"": 0.00306}, {""clase_id"": 29, ""prob"": 0.00272}, {""clase_id"": 40, ""prob"": 0.00181}, {""clase_id"": 23, ""prob"": 0.00158}]"
102522,72,0.97091,"[{""clase_id"": 72, ""prob"": 0.97091}, {""clase_id"": 29, ""prob"": 0.00394}, {""clase_id"": 37, ""prob"": 0.00303}, {""clase_id"": 40, ""prob"": 0.00206}, {""clase_id"": 14, ""prob"": 0.00184}]"
102523,14,0.95482,"[{""clase_id"": 14, ""prob"": 0.95482}, {""clase_id"": 72, ""prob"": 0.01056}, {""clase_id"": 23, ""prob"": 0.00445}, {""clase_id"": 68, ""prob"": 0.00345}, {""clase_id"": 43, ""prob"": 0.00187}]"
102524,72,0.93491,"[{""clase_id"": 72, ""prob"": 0.93491}, {""clase_id"": 29, ""prob"": 0.02715}, {""clase_id"": 37, ""prob"": 0.00924}, {""clase_id"": 23, ""prob"": 0.00288}, {""clase_id"": 40, ""prob"": 0.00286}]"
102525,72,0.9447,"[{""clase_id"": 72, ""prob"": 0.9447}, {""clase_id"": 40, ""prob"": 0.00676}, {""clase_id"": 29, ""prob"": 0.00673}, {""clase_id"": 14, ""prob"": 0.00499}, {""clase_id"": 25, ""prob"": 0.0038}]"
102526,29,0.98169,"[{""clase_id"": 29, ""prob"": 0.98169}, {""clase_id"": 72, ""prob"": 0.00421}, {""clase_id"": 23, ""prob"": 0.00293}, {""clase_id"": 37, ""prob"": 0.00136}, {""clase_id"": 4, ""prob"": 0.00059}]"
102527,72,0.97056,"[{""clase_id"": 72, ""prob"": 0.97056}, {""clase_id"": 29, ""prob"": 0.0042}, {""clase_id"": 40, ""prob"": 0.00258}, {""clase_id"": 23, ""prob"": 0.0023}, {""clase_id"": 37, ""prob"": 0.00179}]"
102528,72,0.9631,"[{""clase_id"": 72, ""prob"": 0.9631}, {""clase_id"": 29, ""prob"": 0.00722}, {""clase_id"": 40, ""prob"": 0.0057}, {""clase_id"": 37, ""prob"": 0.00261}, {""clase_id"": 23, ""prob"": 0.00254}]"
102529,72,0.97137,"[{""clase_id"": 72, ""prob"": 0.97137}, {""clase_id"": 29, ""prob"": 0.0042}, {""clase_id"": 37, ""prob"": 0.00248}, {""clase_id"": 23, ""prob"": 0.00224}, {""clase_id"": 14, ""prob"": 0.00185}]"
102530,72,0.94402,"[{""clase_id"": 72, ""prob"": 0.94402}, {""clase_id"": 29, ""prob"": 0.01667}, {""clase_id"": 37, ""prob"": 0.01369}, {""clase_id"": 40, ""prob"": 0.00232}, {""clase_id"": 23, ""prob"": 0.00225}]"
102531,29,0.83944,"[{""clase_id"": 29, ""prob"": 0.83944}, {""clase_id"": 72, ""prob"": 0.05225}, {""clase_id"": 40, ""prob"": 0.04715}, {""clase_id"": 37, ""prob"": 0.02588}, {""clase_id"": 4, ""prob"": 0.00319}]"
102532,72,0.8772,"[{""clase_id"": 72, ""prob"": 0.8772}, {""clase_id"": 29, ""prob"": 0.05802}, {""clase_id"": 40, ""prob"": 0.00944}, {""clase_id"": 37, ""prob"": 0.00803}, {""clase_id"": 4, ""prob"": 0.00567}]"
102533,72,0.97046,"[{""clase_id"": 72, ""prob"": 0.97046}, {""clase_id"": 29, ""prob"": 0.00526}, {""clase_id"": 37, ""prob"": 0.00482}, {""clase_id"": 40, ""prob"": 0.00218}, {""clase_id"": 23, ""prob"": 0.00168}]"
102534,72,0.94422,"[{""clase_id"": 72, ""prob"": 0.94422}, {""clase_id"": 29, ""prob"": 0.01678}, {""clase_id"": 40, ""prob"": 0.00833}, {""clase_id"": 37, ""prob"": 0.00533}, {""clase_id"": 23, ""prob"": 0.0024}]"
102535,72,0.96723,"[{""clase_id"": 72, ""prob"": 0.96723}, {""clase_id"": 40, ""prob"": 0.00618}, {""clase_id"": 29, ""prob"": 0.00409}, {""clase_id"": 37, ""prob"": 0.00215}, {""clase_id"": 23, ""prob"": 0.00185}]"
102536,72,0.94455,"[{""clase_id"": 72, ""prob"": 0.94455}, {""clase_id"": 29, ""prob"": 0.01232}, {""clase_id"": 40, ""prob"": 0.01087}, {""clase_id"": 37, ""prob"": 0.00461}, {""clase_id"": 7, ""prob"": 0.00214}]"
102537,72,0.96748,"[{""clase_id"": 72, ""prob"": 0.96748}, {""clase_id"": 29, ""prob"": 0.00605}, {""clase_id"": 40, ""prob"": 0.00412}, {""clase_id"": 37, ""prob"": 0.00246}, {""clase_id"": 23, ""prob"": 0.00225}]"
102538,72,0.96609,"[{""clase_id"": 72, ""prob"": 0.96609}, {""clase_id"": 29, ""prob"": 0.00676}, {""clase_id"": 37, ""prob"": 0.0033}, {""clase_id"": 23, ""prob"": 0.00251}, {""clase_id"": 40, ""prob"": 0.00188}]"
102539,72,0.96408,"[{""clase_id"": 72, ""prob"": 0.96408}, {""clase_id"": 14, ""prob"": 0.00457}, {""clase_id"": 29, ""prob"": 0.00439}, {""clase_id"": 40, ""prob"": 0.00395}, {""clase_id"": 37, ""prob"": 0.00223}]"
102540,72,0.96728,"[{""clase_id"": 72, ""prob"": 0.96728}, {""clase_id"": 29, ""prob"": 0.00401}, {""clase_id"": 40, ""prob"": 0.00379}, {""clase_id"": 14, ""prob"": 0.00259}, {""clase_id"": 23, ""prob"": 0.00235}]"
102541,72,0.96817,"[{""clase_id"": 72, ""prob"": 0.96817}, {""clase_id"": 29, ""prob"": 0.00457}, {""clase_id"": 40, ""prob"": 0.00305}, {""clase_id"": 14, ""prob"": 0.00289}, {""clase_id"": 23, ""prob"": 0.00253}]"
102542,72,0.94113,"[{""clase_id"": 72, ""prob"": 0.94113}, {""clase_id"": 37, ""prob"": 0.0184}, {""clase_id"": 29, ""prob"": 0.01366}, {""clase_id"": 23, ""prob"": 0.00277}, {""clase_id"": 40, ""prob"": 0.00215}]"
102543,72,0.96692,"[{""clase_id"": 72, ""prob"": 0.96692}, {""clase_id"": 29, ""prob"": 0.00601}, {""clase_id"": 40, ""prob"": 0.00378}, {""clase_id"": 23, ""prob"": 0.00258}, {""clase_id"": 37, ""prob"": 0.00213}]"
102544,14,0.99199,"[{""clase_id"": 14, ""prob"": 0.99199}, {""clase_id"": 25, ""prob"": 0.00152}, {""clase_id"": 41, ""prob"": 0.00049}, {""clase_id"": 49, ""prob"": 0.00039}, {""clase_id"": 33, ""prob"": 0.00032}]"
102545,72,0.91209,"[{""clase_id"": 72, ""prob"": 0.91209}, {""clase_id"": 29, ""prob"": 0.01582}, {""clase_id"": 14, ""prob"": 0.01444}, {""clase_id"": 23, ""prob"": 0.00721}, {""clase_id"": 37, ""prob"": 0.00717}]"
102546,72,0.9639,"[{""clase_id"": 72, ""prob"": 0.9639}, {""clase_id"": 40, ""prob"": 0.00526}, {""clase_id"": 29, ""prob"": 0.00413}, {""clase_id"": 37, ""prob"": 0.00373}, {""clase_id"": 14, ""prob"": 0.00299}]"
102547,72,0.94236,"[{""clase_id"": 72, ""prob"": 0.94236}, {""clase_id"": 29, ""prob"": 0.02139}, {""clase_id"": 37, ""prob"": 0.00523}, {""clase_id"": 23, ""prob"": 0.00393}, {""clase_id"": 40, ""prob"": 0.00283}]"
102548,72,0.76651,"[{""clase_id"": 72, ""prob"": 0.76651}, {""clase_id"": 29, ""prob"": 0.12206}, {""clase_id"": 37, ""prob"": 0.01804}, {""clase_id"": 23, ""prob"": 0.01194}, {""clase_id"": 40, ""prob"": 0.00951}]"
102549,72,0.97307,"[{""clase_id"": 72, ""prob"": 0.97307}, {""clase_id"": 29, ""prob"": 0.0034}, {""clase_id"": 37, ""prob"": 0.0026}, {""clase_id"": 40, ""prob"": 0.00197}, {""clase_id"": 23, ""prob"": 0.00171}]"
102550,72,0.92294,"[{""clase_id"": 72, ""prob"": 0.92294}, {""clase_id"": 37, ""prob"": 0.04244}, {""clase_id"": 29, ""prob"": 0.00596}, {""clase_id"": 40, ""prob"": 0.00359}, {""clase_id"": 2, ""prob"": 0.0026}]"
102551,72,0.97134,"[{""clase_id"": 72, ""prob"": 0.97134}, {""clase_id"": 37, ""prob"": 0.00432}, {""clase_id"": 29, ""prob"": 0.00359}, {""clase_id"": 40, ""prob"": 0.00197}, {""clase_id"": 14, ""prob"": 0.00139}]"
102552,72,0.96467,"[{""clase_id"": 72, ""prob"": 0.96467}, {""clase_id"": 37, ""prob"": 0.00781}, {""clase_id"": 29, ""prob"": 0.006}, {""clase_id"": 23, ""prob"": 0.00206}, {""clase_id"": 40, ""prob"": 0.0013}]"
102553,72,0.96956,"[{""clase_id"": 72, ""prob"": 0.96956}, {""clase_id"": 29, ""prob"": 0.00345}, {""clase_id"": 37, ""prob"": 0.00337}, {""clase_id"": 14, ""prob"": 0.00206}, {""clase_id"": 23, ""prob"": 0.00174}]"
102554,72,0.97233,"[{""clase_id"": 72, ""prob"": 0.97233}, {""clase_id"": 29, ""prob"": 0.00376}, {""clase_id"": 40, ""prob"": 0.00284}, {""clase_id"": 23, ""prob"": 0.00199}, {""clase_id"": 37, ""prob"": 0.00187}]"
102555,72,0.97347,"[{""clase_id"": 72, ""prob"": 0.97347}, {""clase_id"": 29, ""prob"": 0.00401}, {""clase_id"": 37, ""prob"": 0.00369}, {""clase_id"": 40, ""prob"": 0.00172}, {""clase_id"": 23, ""prob"": 0.00169}]"
102556,72,0.96935,"[{""clase_id"": 72, ""prob"": 0.96935}, {""clase_id"": 40, ""prob"": 0.00432}, {""clase_id"": 29, ""prob"": 0.0043}, {""clase_id"": 37, ""prob"": 0.00313}, {""clase_id"": 23, ""prob"": 0.00188}]"
102557,72,0.95848,"[{""clase_id"": 72, ""prob"": 0.95848}, {""clase_id"": 29, ""prob"": 0.00829}, {""clase_id"": 40, ""prob"": 0.00694}, {""clase_id"": 37, ""prob"": 0.00397}, {""clase_id"": 23, ""prob"": 0.00215}]"
102558,72,0.83898,"[{""clase_id"": 72, ""prob"": 0.83898}, {""clase_id"": 40, ""prob"": 0.09673}, {""clase_id"": 37, ""prob"": 0.02103}, {""clase_id"": 29, ""prob"": 0.00784}, {""clase_id"": 2, ""prob"": 0.00272}]"
102559,72,0.96313,"[{""clase_id"": 72, ""prob"": 0.96313}, {""clase_id"": 29, ""prob"": 0.007}, {""clase_id"": 40, ""prob"": 0.00465}, {""clase_id"": 23, ""prob"": 0.00335}, {""clase_id"": 37, ""prob"": 0.00265}]"
102560,76,0.97707,"[{""clase_id"": 76, ""prob"": 0.97707}, {""clase_id"": 17, ""prob"": 0.00988}, {""clase_id"": 75, ""prob"": 0.00519}, {""clase_id"": 31, ""prob"": 0.00065}, {""clase_id"": 32, ""prob"": 0.00061}]"
102561,76,0.81913,"[{""clase_id"": 76, ""prob"": 0.81913}, {""clase_id"": 17, ""prob"": 0.1672}, {""clase_id"": 75, ""prob"": 0.00168}, {""clase_id"": 31, ""prob"": 0.00089}, {""clase_id"": 32, ""prob"": 0.00078}]"
102562,76,0.98594,"[{""clase_id"": 76, ""prob"": 0.98594}, {""clase_id"": 17, ""prob"": 0.00692}, {""clase_id"": 32, ""prob"": 0.00135}, {""clase_id"": 19, ""prob"": 0.00055}, {""clase_id"": 26, ""prob"": 0.0004}]"
102563,76,0.66398,"[{""clase_id"": 76, ""prob"": 0.66398}, {""clase_id"": 17, ""prob"": 0.20741}, {""clase_id"": 32, ""prob"": 0.10287}, {""clase_id"": 21, ""prob"": 0.00154}, {""clase_id"": 33, ""prob"": 0.00152}]"
102564,76,0.99326,"[{""clase_id"": 76, ""prob"": 0.99326}, {""clase_id"": 17, ""prob"": 0.00218}, {""clase_id"": 26, ""prob"": 0.00051}, {""clase_id"": 19, ""prob"": 0.00043}, {""clase_id"": 75, ""prob"": 0.00036}]"
102565,76,0.98535,"[{""clase_id"": 76, ""prob"": 0.98535}, {""clase_id"": 17, ""prob"": 0.00523}, {""clase_id"": 19, ""prob"": 0.00236}, {""clase_id"": 31, ""prob"": 0.00091}, {""clase_id"": 32, ""prob"": 0.00056}]"
102566,76,0.99076,"[{""clase_id"": 76, ""prob"": 0.99076}, {""clase_id"": 26, ""prob"": 0.002}, {""clase_id"": 19, ""prob"": 0.00135}, {""clase_id"": 17, ""prob"": 0.00069}, {""clase_id"": 75, ""prob"": 0.00066}]"
102567,76,0.99087,"[{""clase_id"": 76, ""prob"": 0.99087}, {""clase_id"": 17, ""prob"": 0.00289}, {""clase_id"": 26, ""prob"": 0.00138}, {""clase_id"": 75, ""prob"": 0.00056}, {""clase_id"": 32, ""prob"": 0.00044}]"
102568,76,0.98934,"[{""clase_id"": 76, ""prob"": 0.98934}, {""clase_id"": 17, ""prob"": 0.00533}, {""clase_id"": 26, ""prob"": 0.00058}, {""clase_id"": 32, ""prob"": 0.00052}, {""clase_id"": 19, ""prob"": 0.00048}]"
102569,76,0.87615,"[{""clase_id"": 76, ""prob"": 0.87615}, {""clase_id"": 17, ""prob"": 0.11184}, {""clase_id"": 31, ""prob"": 0.00107}, {""clase_id"": 32, ""prob"": 0.0008}, {""clase_id"": 49, ""prob"": 0.00047}]"
102570,76,0.99111,"[{""clase_id"": 76, ""prob"": 0.99111}, {""clase_id"": 17, ""prob"": 0.00258}, {""clase_id"": 75, ""prob"": 0.0014}, {""clase_id"": 19, ""prob"": 0.00057}, {""clase_id"": 26, ""prob"": 0.00053}]"
102571,31,0.72445,"[{""clase_id"": 31, ""prob"": 0.72445}, {""clase_id"": 76, ""prob"": 0.12891}, {""clase_id"": 19, ""prob"": 0.08223}, {""clase_id"": 17, ""prob"": 0.01274}, {""clase_id"": 57, ""prob"": 0.00363}]"
102572,76,0.97824,"[{""clase_id"": 76, ""prob"": 0.97824}, {""clase_id"": 17, ""prob"": 0.01308}, {""clase_id"": 19, ""prob"": 0.00139}, {""clase_id"": 31, ""prob"": 0.00125}, {""clase_id"": 32, ""prob"": 0.00061}]"
102573,76,0.98472,"[{""clase_id"": 76, ""prob"": 0.98472}, {""clase_id"": 26, ""prob"": 0.00675}, {""clase_id"": 19, ""prob"": 0.00141}, {""clase_id"": 17, ""prob"": 0.00081}, {""clase_id"": 75, ""prob"": 0.00063}]"
102574,76,0.99299,"[{""clase_id"": 76, ""prob"": 0.99299}, {""clase_id"": 26, ""prob"": 0.00091}, {""clase_id"": 17, ""prob"": 0.00076}, {""clase_id"": 75, ""prob"": 0.00073}, {""clase_id"": 19, ""prob"": 0.00072}]"
102575,76,0.92578,"[{""clase_id"": 76, ""prob"": 0.92578}, {""clase_id"": 19, ""prob"": 0.0244}, {""clase_id"": 17, ""prob"": 0.0171}, {""clase_id"": 31, ""prob"": 0.00815}, {""clase_id"": 32, ""prob"": 0.00191}]"
102576,76,0.98851,"[{""clase_id"": 76, ""prob"": 0.98851}, {""clase_id"": 19, ""prob"": 0.00319}, {""clase_id"": 17, ""prob"": 0.00211}, {""clase_id"": 75, ""prob"": 0.00073}, {""clase_id"": 26, ""prob"": 0.00045}]"
102577,76,0.99237,"[{""clase_id"": 76, ""prob"": 0.99237}, {""clase_id"": 26, ""prob"": 0.00128}, {""clase_id"": 17, ""prob"": 0.0012}, {""clase_id"": 19, ""prob"": 0.00069}, {""clase_id"": 75, ""prob"": 0.00042}]"
102578,76,0.99247,"[{""clase_id"": 76, ""prob"": 0.99247}, {""clase_id"": 17, ""prob"": 0.00166}, {""clase_id"": 19, ""prob"": 0.00081}, {""clase_id"": 75, ""prob"": 0.00073}, {""clase_id"": 26, ""prob"": 0.00037}]"
102579,76,0.58376,"[{""clase_id"": 76, ""prob"": 0.58376}, {""clase_id"": 19, ""prob"": 0.36948}, {""clase_id"": 31, ""prob"": 0.00612}, {""clase_id"": 17, ""prob"": 0.00478}, {""clase_id"": 26, ""prob"": 0.00442}]"
102580,76,0.81292,"[{""clase_id"": 76, ""prob"": 0.81292}, {""clase_id"": 17, ""prob"": 0.17564}, {""clase_id"": 32, ""prob"": 0.00138}, {""clase_id"": 31, ""prob"": 0.0012}, {""clase_id"": 61, ""prob"": 0.0005}]"
102581,76,0.86908,"[{""clase_id"": 76, ""prob"": 0.86908}, {""clase_id"": 17, ""prob"": 0.11746}, {""clase_id"": 31, ""prob"": 0.0022}, {""clase_id"": 32, ""prob"": 0.00182}, {""clase_id"": 61, ""prob"": 0.00104}]"
102582,76,0.99337,"[{""clase_id"": 76, ""prob"": 0.99337}, {""clase_id"": 17, ""prob"": 0.00124}, {""clase_id"": 26, ""prob"": 0.00089}, {""clase_id"": 19, ""prob"": 0.00062}, {""clase_id"": 75, ""prob"": 0.00035}]"
102583,76,0.99051,"[{""clase_id"": 76, ""prob"": 0.99051}, {""clase_id"": 17, ""prob"": 0.00338}, {""clase_id"": 32, ""prob"": 0.00091}, {""clase_id"": 26, ""prob"": 0.00089}, {""clase_id"": 75, ""prob"": 0.00037}]"
102584,76,0.98954,"[{""clase_id"": 76, ""prob"": 0.98954}, {""clase_id"": 17, ""prob"": 0.00532}, {""clase_id"": 75, ""prob"": 0.00068}, {""clase_id"": 26, ""prob"": 0.00057}, {""clase_id"": 32, ""prob"": 0.00034}]"
102585,76,0.9717,"[{""clase_id"": 76, ""prob"": 0.9717}, {""clase_id"": 17, ""prob"": 0.01056}, {""clase_id"": 32, ""prob"": 0.00995}, {""clase_id"": 31, ""prob"": 0.00082}, {""clase_id"": 26, ""prob"": 0.00067}]"
102586,76,0.9887,"[{""clase_id"": 76, ""prob"": 0.9887}, {""clase_id"": 17, ""prob"": 0.00557}, {""clase_id"": 19, ""prob"": 0.00089}, {""clase_id"": 75, ""prob"": 0.00049}, {""clase_id"": 26, ""prob"": 0.00033}]"
102587,76,0.97412,"[{""clase_id"": 76, ""prob"": 0.97412}, {""clase_id"": 17, ""prob"": 0.0153}, {""clase_id"": 32, ""prob"": 0.00284}, {""clase_id"": 19, ""prob"": 0.00061}, {""clase_id"": 31, ""prob"": 0.00056}]"
102588,76,0.9881,"[{""clase_id"": 76, ""prob"": 0.9881}, {""clase_id"": 17, ""prob"": 0.00708}, {""clase_id"": 32, ""prob"": 0.00048}, {""clase_id"": 26, ""prob"": 0.00041}, {""clase_id"": 75, ""prob"": 0.0003}]"
102589,76,0.98007,"[{""clase_id"": 76, ""prob"": 0.98007}, {""clase_id"": 75, ""prob"": 0.01045}, {""clase_id"": 17, ""prob"": 0.002}, {""clase_id"": 26, ""prob"": 0.00081}, {""clase_id"": 46, ""prob"": 0.00054}]"
102590,76,0.99112,"[{""clase_id"": 76, ""prob"": 0.99112}, {""clase_id"": 17, ""prob"": 0.00373}, {""clase_id"": 75, ""prob"": 0.00045}, {""clase_id"": 19, ""prob"": 0.00044}, {""clase_id"": 26, ""prob"": 0.00029}]"
102591,76,0.99245,"[{""clase_id"": 76, ""prob"": 0.99245}, {""clase_id"": 17, ""prob"": 0.00143}, {""clase_id"": 32, ""prob"": 0.00126}, {""clase_id"": 26, ""prob"": 0.00073}, {""clase_id"": 19, ""prob"": 0.00031}]"
102592,76,0.99091,"[{""clase_id"": 76, ""prob"": 0.99091}, {""clase_id"": 17, ""prob"": 0.00198}, {""clase_id"": 75, ""prob"": 0.00191}, {""clase_id"": 26, ""prob"": 0.00085}, {""clase_id"": 19, ""prob"": 0.00042}]"
102593,76,0.9933,"[{""clase_id"": 76, ""prob"": 0.9933}, {""clase_id"": 17, ""prob"": 0.00167}, {""clase_id"": 26, ""prob"": 0.00084}, {""clase_id"": 19, ""prob"": 0.00049}, {""clase_id"": 75, ""prob"": 0.00041}]"
102594,76,0.99376,"[{""clase_id"": 76, ""prob"": 0.99376}, {""clase_id"": 17, ""prob"": 0.00104}, {""clase_id"": 26, ""prob"": 0.00077}, {""clase_id"": 19, ""prob"": 0.00059}, {""clase_id"": 75, ""prob"": 0.00035}]"
102595,76,0.99126,"[{""clase_id"": 76, ""prob"": 0.99126}, {""clase_id"": 17, ""prob"": 0.00403}, {""clase_id"": 26, ""prob"": 0.00051}, {""clase_id"": 75, ""prob"": 0.0004}, {""clase_id"": 19, ""prob"": 0.00034}]"
102596,76,0.99039,"[{""clase_id"": 76, ""prob"": 0.99039}, {""clase_id"": 26, ""prob"": 0.00236}, {""clase_id"": 32, ""prob"": 0.00087}, {""clase_id"": 17, ""prob"": 0.00078}, {""clase_id"": 19, ""prob"": 0.00057}]"
102597,76,0.98344,"[{""clase_id"": 76, ""prob"": 0.98344}, {""clase_id"": 19, ""prob"": 0.00645}, {""clase_id"": 17, ""prob"": 0.00193}, {""clase_id"": 26, ""prob"": 0.00104}, {""clase_id"": 75, ""prob"": 0.00078}]"
102598,76,0.99231,"[{""clase_id"": 76, ""prob"": 0.99231}, {""clase_id"": 26, ""prob"": 0.00132}, {""clase_id"": 19, ""prob"": 0.00103}, {""clase_id"": 17, ""prob"": 0.00084}, {""clase_id"": 75, ""prob"": 0.00054}]"
102599,76,0.96037,"[{""clase_id"": 76, ""prob"": 0.96037}, {""clase_id"": 17, ""prob"": 0.01303}, {""clase_id"": 32, ""prob"": 0.005}, {""clase_id"": 46, ""prob"": 0.00464}, {""clase_id"": 75, ""prob"": 0.0034}]"
102600,37,0.98866,"[{""clase_id"": 37, ""prob"": 0.98866}, {""clase_id"": 29, ""prob"": 0.00248}, {""clase_id"": 72, ""prob"": 0.0009}, {""clase_id"": 36, ""prob"": 0.0005}, {""clase_id"": 40, ""prob"": 0.00043}]"
102601,37,0.98802,"[{""clase_id"": 37, ""prob"": 0.98802}, {""clase_id"": 29, ""prob"": 0.00119}, {""clase_id"": 72, ""prob"": 0.0008}, {""clase_id"": 36, ""prob"": 0.00058}, {""clase_id"": 58, ""prob"": 0.00056}]"
102602,37,0.98812,"[{""clase_id"": 37, ""prob"": 0.98812}, {""clase_id"": 29, ""prob"": 0.00172}, {""clase_id"": 40, ""prob"": 0.00115}, {""clase_id"": 72, ""prob"": 0.00091}, {""clase_id"": 36, ""prob"": 0.00048}]"
102603,37,0.98744,"[{""clase_id"": 37, ""prob"": 0.98744}, {""clase_id"": 29, ""prob"": 0.00169}, {""clase_id"": 72, ""prob"": 0.00077}, {""clase_id"": 36, ""prob"": 0.00057}, {""clase_id"": 58, ""prob"": 0.00047}]"
102604,40,0.71841,"[{""clase_id"": 40, ""prob"": 0.71841}, {""clase_id"": 72, ""prob"": 0.09896}, {""clase_id"": 29, ""prob"": 0.05427}, {""clase_id"": 37, ""prob"": 0.03512}, {""clase_id"": 2, ""prob"": 0.02063}]"
102605,37,0.98734,"[{""clase_id"": 37, ""prob"": 0.98734}, {""clase_id"": 29, ""prob"": 0.00132}, {""clase_id"": 72, ""prob"": 0.0007}, {""clase_id"": 36, ""prob"": 0.00069}, {""clase_id"": 58, ""prob"": 0.00057}]"
102606,40,0.6628,"[{""clase_id"": 40, ""prob"": 0.6628}, {""clase_id"": 37, ""prob"": 0.27065}, {""clase_id"": 72, ""prob"": 0.0175}, {""clase_id"": 29, ""prob"": 0.0068}, {""clase_id"": 30, ""prob"": 0.00284}]"
102607,37,0.98356,"[{""clase_id"": 37, ""prob"": 0.98356}, {""clase_id"": 29, ""prob"": 0.00367}, {""clase_id"": 72, ""prob"": 0.00304}, {""clase_id"": 36, ""prob"": 0.0005}, {""clase_id"": 40, ""prob"": 0.00046}]"
102608,37,0.9877,"[{""clase_id"": 37, ""prob"": 0.9877}, {""clase_id"": 29, ""prob"": 0.00119}, {""clase_id"": 72, ""prob"": 0.00089}, {""clase_id"": 36, ""prob"": 0.00063}, {""clase_id"": 58, ""prob"": 0.00052}]"
102609,37,0.98812,"[{""clase_id"": 37, ""prob"": 0.98812}, {""clase_id"": 29, ""prob"": 0.00226}, {""clase_id"": 72, ""prob"": 0.00064}, {""clase_id"": 36, ""prob"": 0.00056}, {""clase_id"": 58, ""prob"": 0.00053}]"
102610,37,0.97463,"[{""clase_id"": 37, ""prob"": 0.97463}, {""clase_id"": 29, ""prob"": 0.01409}, {""clase_id"": 72, ""prob"": 0.00085}, {""clase_id"": 36, ""prob"": 0.00075}, {""clase_id"": 58, ""prob"": 0.00063}]"
102611,37,0.98793,"[{""clase_id"": 37, ""prob"": 0.98793}, {""clase_id"": 29, ""prob"": 0.0021}, {""clase_id"": 72, ""prob"": 0.00065}, {""clase_id"": 36, ""prob"": 0.00054}, {""clase_id"": 58, ""prob"": 0.00053}]"
102612,37,0.9872,"[{""clase_id"": 37, ""prob"": 0.9872}, {""clase_id"": 72, ""prob"": 0.00185}, {""clase_id"": 29, ""prob"": 0.00179}, {""clase_id"": 40, ""prob"": 0.00063}, {""clase_id"": 36, ""prob"": 0.00052}]"
102613,37,0.98624,"[{""clase_id"": 37, ""prob"": 0.98624}, {""clase_id"": 29, ""prob"": 0.00418}, {""clase_id"": 72, ""prob"": 0.00103}, {""clase_id"": 36, ""prob"": 0.0006}, {""clase_id"": 40, ""prob"": 0.00056}]"
102614,37,0.98818,"[{""clase_id"": 37, ""prob"": 0.98818}, {""clase_id"": 29, ""prob"": 0.00141}, {""clase_id"": 72, ""prob"": 0.00076}, {""clase_id"": 36, ""prob"": 0.00058}, {""clase_id"": 58, ""prob"": 0.00046}]"
102615,37,0.98801,"[{""clase_id"": 37, ""prob"": 0.98801}, {""clase_id"": 29, ""prob"": 0.00146}, {""clase_id"": 72, ""prob"": 0.00087}, {""clase_id"": 36, ""prob"": 0.0006}, {""clase_id"": 25, ""prob"": 0.00044}]"
102616,37,0.95966,"[{""clase_id"": 37, ""prob"": 0.95966}, {""clase_id"": 29, ""prob"": 0.02816}, {""clase_id"": 72, ""prob"": 0.00126}, {""clase_id"": 36, ""prob"": 0.00082}, {""clase_id"": 58, ""prob"": 0.00065}]"
102617,37,0.40179,"[{""clase_id"": 37, ""prob"": 0.40179}, {""clase_id"": 29, ""prob"": 0.27829}, {""clase_id"": 40, ""prob"": 0.21735}, {""clase_id"": 72, ""prob"": 0.04673}, {""clase_id"": 4, ""prob"": 0.00459}]"
102618,37,0.98726,"[{""clase_id"": 37, ""prob"": 0.98726}, {""clase_id"": 29, ""prob"": 0.00192}, {""clase_id"": 72, ""prob"": 0.0007}, {""clase_id"": 36, ""prob"": 0.00066}, {""clase_id"": 58, ""prob"": 0.0006}]"
102619,40,0.60648,"[{""clase_id"": 40, ""prob"": 0.60648}, {""clase_id"": 37, ""prob"": 0.31639}, {""clase_id"": 29, ""prob"": 0.02253}, {""clase_id"": 72, ""prob"": 0.02011}, {""clase_id"": 16, ""prob"": 0.00138}]"
102620,37,0.98731,"[{""clase_id"": 37, ""prob"": 0.98731}, {""clase_id"": 29, ""prob"": 0.00163}, {""clase_id"": 72, ""prob"": 0.00096}, {""clase_id"": 36, ""prob"": 0.00063}, {""clase_id"": 58, ""prob"": 0.00044}]"
102621,37,0.98858,"[{""clase_id"": 37, ""prob"": 0.98858}, {""clase_id"": 29, ""prob"": 0.00141}, {""clase_id"": 72, ""prob"": 0.00115}, {""clase_id"": 36, ""prob"": 0.00053}, {""clase_id"": 40, ""prob"": 0.00039}]"
102622,40,0.9164,"[{""clase_id"": 40, ""prob"": 0.9164}, {""clase_id"": 72, ""prob"": 0.03156}, {""clase_id"": 37, ""prob"": 0.02918}, {""clase_id"": 29, ""prob"": 0.0024}, {""clase_id"": 2, ""prob"": 0.00083}]"
102623,37,0.98787,"[{""clase_id"": 37, ""prob"": 0.98787}, {""clase_id"": 29, ""prob"": 0.00143}, {""clase_id"": 72, ""prob"": 0.00084}, {""clase_id"": 36, ""prob"": 0.00054}, {""clase_id"": 58, ""prob"": 0.00052}]"
102624,37,0.98802,"[{""clase_id"": 37, ""prob"": 0.98802}, {""clase_id"": 29, ""prob"": 0.00115}, {""clase_id"": 72, ""prob"": 0.00104}, {""clase_id"": 36, ""prob"": 0.00061}, {""clase_id"": 40, ""prob"": 0.00052}]"
102625,37,0.9834,"[{""clase_id"": 37, ""prob"": 0.9834}, {""clase_id"": 29, ""prob"": 0.00309}, {""clase_id"": 72, ""prob"": 0.0009}, {""clase_id"": 40, ""prob"": 0.00079}, {""clase_id"": 36, ""prob"": 0.00072}]"
102626,37,0.98809,"[{""clase_id"": 37, ""prob"": 0.98809}, {""clase_id"": 29, ""prob"": 0.00192}, {""clase_id"": 72, ""prob"": 0.00076}, {""clase_id"": 36, ""prob"": 0.00054}, {""clase_id"": 58, ""prob"": 0.0005}]"
102627,37,0.98742,"[{""clase_id"": 37, ""prob"": 0.98742}, {""clase_id"": 29, ""prob"": 0.00123}, {""clase_id"": 72, ""prob"": 0.00077}, {""clase_id"": 36, ""prob"": 0.00062}, {""clase_id"": 58, ""prob"": 0.00056}]"
102628,37,0.9878,"[{""clase_id"": 37, ""prob"": 0.9878}, {""clase_id"": 29, ""prob"": 0.0018}, {""clase_id"": 72, ""prob"": 0.00073}, {""clase_id"": 36, ""prob"": 0.00064}, {""clase_id"": 58, ""prob"": 0.00064}]"
102629,37,0.9883,"[{""clase_id"": 37, ""prob"": 0.9883}, {""clase_id"": 29, ""prob"": 0.00133}, {""clase_id"": 72, ""prob"": 0.00082}, {""clase_id"": 36, ""prob"": 0.00056}, {""clase_id"": 58, ""prob"": 0.00048}]"
102630,37,0.98189,"[{""clase_id"": 37, ""prob"": 0.98189}, {""clase_id"": 29, ""prob"": 0.00502}, {""clase_id"": 72, ""prob"": 0.00342}, {""clase_id"": 36, ""prob"": 0.0005}, {""clase_id"": 25, ""prob"": 0.00042}]"
102631,37,0.98751,"[{""clase_id"": 37, ""prob"": 0.98751}, {""clase_id"": 29, ""prob"": 0.00172}, {""clase_id"": 72, ""prob"": 0.00072}, {""clase_id"": 36, ""prob"": 0.00059}, {""clase_id"": 58, ""prob"": 0.00056}]"
102632,37,0.9874,"[{""clase_id"": 37, ""prob"": 0.9874}, {""clase_id"": 29, ""prob"": 0.00141}, {""clase_id"": 72, ""prob"": 0.00067}, {""clase_id"": 36, ""prob"": 0.00063}, {""clase_id"": 58, ""prob"": 0.00062}]"
102633,37,0.98809,"[{""clase_id"": 37, ""prob"": 0.98809}, {""clase_id"": 29, ""prob"": 0.00208}, {""clase_id"": 72, ""prob"": 0.0008}, {""clase_id"": 36, ""prob"": 0.00056}, {""clase_id"": 58, ""prob"": 0.00049}]"
102634,37,0.98649,"[{""clase_id"": 37, ""prob"": 0.98649}, {""clase_id"": 29, ""prob"": 0.00257}, {""clase_id"": 72, ""prob"": 0.00079}, {""clase_id"": 58, ""prob"": 0.00059}, {""clase_id"": 36, ""prob"": 0.00057}]"
102635,37,0.98754,"[{""clase_id"": 37, ""prob"": 0.98754}, {""clase_id"": 29, ""prob"": 0.00151}, {""clase_id"": 58, ""prob"": 0.00067}, {""clase_id"": 72, ""prob"": 0.00063}, {""clase_id"": 36, ""prob"": 0.00062}]"
102636,41,0.68346,"[{""clase_id"": 41, ""prob"": 0.68346}, {""clase_id"": 43, ""prob"": 0.11493}, {""clase_id"": 18, ""prob"": 0.03711}, {""clase_id"": 3, ""prob"": 0.03481}, {""clase_id"": 42, ""prob"": 0.01238}]"
102637,29,0.99337,"[{""clase_id"": 29, ""prob"": 0.99337}, {""clase_id"": 23, ""prob"": 0.00074}, {""clase_id"": 37, ""prob"": 0.00072}, {""clase_id"": 72, ""prob"": 0.00033}, {""clase_id"": 43, ""prob"": 0.00031}]"
102638,37,0.98566,"[{""clase_id"": 37, ""prob"": 0.98566}, {""clase_id"": 29, ""prob"": 0.00357}, {""clase_id"": 36, ""prob"": 0.00081}, {""clase_id"": 72, ""prob"": 0.00063}, {""clase_id"": 58, ""prob"": 0.00062}]"
102639,37,0.98814,"[{""clase_id"": 37, ""prob"": 0.98814}, {""clase_id"": 29, ""prob"": 0.00142}, {""clase_id"": 72, ""prob"": 0.00078}, {""clase_id"": 36, ""prob"": 0.00053}, {""clase_id"": 58, ""prob"": 0.00051}]"
102640,59,0.98904,"[{""clase_id"": 59, ""prob"": 0.98904}, {""clase_id"": 61, ""prob"": 0.00152}, {""clase_id"": 62, ""prob"": 0.00112}, {""clase_id"": 71, ""prob"": 0.00101}, {""clase_id"": 47, ""prob"": 0.00067}]"
102641,59,0.96679,"[{""clase_id"": 59, ""prob"": 0.96679}, {""clase_id"": 47, ""prob"": 0.00664}, {""clase_id"": 71, ""prob"": 0.006}, {""clase_id"": 61, ""prob"": 0.0057}, {""clase_id"": 62, ""prob"": 0.00351}]"
102642,61,0.55246,"[{""clase_id"": 61, ""prob"": 0.55246}, {""clase_id"": 59, ""prob"": 0.42069}, {""clase_id"": 47, ""prob"": 0.0117}, {""clase_id"": 71, ""prob"": 0.00087}, {""clase_id"": 44, ""prob"": 0.00071}]"
102643,59,0.98886,"[{""clase_id"": 59, ""prob"": 0.98886}, {""clase_id"": 47, ""prob"": 0.00167}, {""clase_id"": 62, ""prob"": 0.00142}, {""clase_id"": 61, ""prob"": 0.00115}, {""clase_id"": 71, ""prob"": 0.00097}]"
102644,59,0.99032,"[{""clase_id"": 59, ""prob"": 0.99032}, {""clase_id"": 61, ""prob"": 0.00203}, {""clase_id"": 71, ""prob"": 0.00073}, {""clase_id"": 25, ""prob"": 0.00068}, {""clase_id"": 62, ""prob"": 0.00045}]"
102645,59,0.99127,"[{""clase_id"": 59, ""prob"": 0.99127}, {""clase_id"": 47, ""prob"": 0.00097}, {""clase_id"": 61, ""prob"": 0.00087}, {""clase_id"": 25, ""prob"": 0.00072}, {""clase_id"": 62, ""prob"": 0.00055}]"
102646,59,0.99082,"[{""clase_id"": 59, ""prob"": 0.99082}, {""clase_id"": 47, ""prob"": 0.00147}, {""clase_id"": 61, ""prob"": 0.00081}, {""clase_id"": 25, ""prob"": 0.00067}, {""clase_id"": 71, ""prob"": 0.00054}]"
102647,59,0.98809,"[{""clase_id"": 59, ""prob"": 0.98809}, {""clase_id"": 62, ""prob"": 0.00109}, {""clase_id"": 25, ""prob"": 0.00101}, {""clase_id"": 47, ""prob"": 0.00095}, {""clase_id"": 71, ""prob"": 0.00094}]"
102648,59,0.99104,"[{""clase_id"": 59, ""prob"": 0.99104}, {""clase_id"": 61, ""prob"": 0.00122}, {""clase_id"": 47, ""prob"": 0.0011}, {""clase_id"": 25, ""prob"": 0.00074}, {""clase_id"": 71, ""prob"": 0.00057}]"
102649,61,0.95551,"[{""clase_id"": 61, ""prob"": 0.95551}, {""clase_id"": 59, ""prob"": 0.03456}, {""clase_id"": 47, ""prob"": 0.00278}, {""clase_id"": 76, ""prob"": 0.00037}, {""clase_id"": 6, ""prob"": 0.00034}]"
102650,59,0.98954,"[{""clase_id"": 59, ""prob"": 0.98954}, {""clase_id"": 47, ""prob"": 0.00238}, {""clase_id"": 61, ""prob"": 0.00119}, {""clase_id"": 71, ""prob"": 0.00116}, {""clase_id"": 62, ""prob"": 0.0006}]"
102651,59,0.99123,"[{""clase_id"": 59, ""prob"": 0.99123}, {""clase_id"": 61, ""prob"": 0.00134}, {""clase_id"": 47, ""prob"": 0.00112}, {""clase_id"": 25, ""prob"": 0.00087}, {""clase_id"": 62, ""prob"": 0.00044}]"
102652,59,0.98975,"[{""clase_id"": 59, ""prob"": 0.98975}, {""clase_id"": 61, ""prob"": 0.00305}, {""clase_id"": 47, ""prob"": 0.00143}, {""clase_id"": 62, ""prob"": 0.00052}, {""clase_id"": 71, ""prob"": 0.00034}]"
102653,61,0.82091,"[{""clase_id"": 61, ""prob"": 0.82091}, {""clase_id"": 59, ""prob"": 0.16309}, {""clase_id"": 47, ""prob"": 0.00319}, {""clase_id"": 44, ""prob"": 0.00055}, {""clase_id"": 6, ""prob"": 0.00055}]"
102654,61,0.67856,"[{""clase_id"": 61, ""prob"": 0.67856}, {""clase_id"": 59, ""prob"": 0.30022}, {""clase_id"": 47, ""prob"": 0.00608}, {""clase_id"": 2, ""prob"": 0.00098}, {""clase_id"": 62, ""prob"": 0.00083}]"
102655,61,0.8975,"[{""clase_id"": 61, ""prob"": 0.8975}, {""clase_id"": 59, ""prob"": 0.09076}, {""clase_id"": 47, ""prob"": 0.00211}, {""clase_id"": 2, ""prob"": 0.00055}, {""clase_id"": 44, ""prob"": 0.00039}]"
102656,59,0.52984,"[{""clase_id"": 59, ""prob"": 0.52984}, {""clase_id"": 61, ""prob"": 0.45134}, {""clase_id"": 47, ""prob"": 0.00364}, {""clase_id"": 62, ""prob"": 0.00068}, {""clase_id"": 44, ""prob"": 0.00065}]"
102657,25,0.57776,"[{""clase_id"": 25, ""prob"": 0.57776}, {""clase_id"": 59, ""prob"": 0.29915}, {""clase_id"": 27, ""prob"": 0.02902}, {""clase_id"": 35, ""prob"": 0.01273}, {""clase_id"": 20, ""prob"": 0.00693}]"
102658,59,0.99014,"[{""clase_id"": 59, ""prob"": 0.99014}, {""clase_id"": 61, ""prob"": 0.00245}, {""clase_id"": 47, ""prob"": 0.00088}, {""clase_id"": 25, ""prob"": 0.00064}, {""clase_id"": 62, ""prob"": 0.00063}]"
102659,59,0.96,"[{""clase_id"": 59, ""prob"": 0.96}, {""clase_id"": 61, ""prob"": 0.02957}, {""clase_id"": 47, ""prob"": 0.00147}, {""clase_id"": 71, ""prob"": 0.00111}, {""clase_id"": 44, ""prob"": 0.00044}]"
102660,59,0.98888,"[{""clase_id"": 59, ""prob"": 0.98888}, {""clase_id"": 71, ""prob"": 0.00142}, {""clase_id"": 25, ""prob"": 0.00093}, {""clase_id"": 61, ""prob"": 0.0009}, {""clase_id"": 62, ""prob"": 0.00071}]"
102661,59,0.99106,"[{""clase_id"": 59, ""prob"": 0.99106}, {""clase_id"": 47, ""prob"": 0.00114}, {""clase_id"": 25, ""prob"": 0.00094}, {""clase_id"": 61, ""prob"": 0.00094}, {""clase_id"": 62, ""prob"": 0.00049}]"
102662,59,0.98545,"[{""clase_id"": 59, ""prob"": 0.98545}, {""clase_id"": 61, ""prob"": 0.00599}, {""clase_id"": 71, ""prob"": 0.00084}, {""clase_id"": 62, ""prob"": 0.00058}, {""clase_id"": 44, ""prob"": 0.00057}]"
102663,47,0.59358,"[{""clase_id"": 47, ""prob"": 0.59358}, {""clase_id"": 59, ""prob"": 0.35991}, {""clase_id"": 61, ""prob"": 0.01645}, {""clase_id"": 62, ""prob"": 0.00385}, {""clase_id"": 71, ""prob"": 0.00285}]"
102664,59,0.98398,"[{""clase_id"": 59, ""prob"": 0.98398}, {""clase_id"": 62, ""prob"": 0.00314}, {""clase_id"": 61, ""prob"": 0.00222}, {""clase_id"": 47, ""prob"": 0.00207}, {""clase_id"": 60, ""prob"": 0.00144}]"
102665,59,0.9889,"[{""clase_id"": 59, ""prob"": 0.9889}, {""clase_id"": 47, ""prob"": 0.00192}, {""clase_id"": 61, ""prob"": 0.00087}, {""clase_id"": 71, ""prob"": 0.00082}, {""clase_id"": 25, ""prob"": 0.00067}]"
102666,59,0.99144,"[{""clase_id"": 59, ""prob"": 0.99144}, {""clase_id"": 61, ""prob"": 0.00127}, {""clase_id"": 47, ""prob"": 0.00104}, {""clase_id"": 71, ""prob"": 0.0005}, {""clase_id"": 25, ""prob"": 0.00049}]"
102667,59,0.98736,"[{""clase_id"": 59, ""prob"": 0.98736}, {""clase_id"": 62, ""prob"": 0.00148}, {""clase_id"": 47, ""prob"": 0.00126}, {""clase_id"": 60, ""prob"": 0.00124}, {""clase_id"": 61, ""prob"": 0.00096}]"
102668,59,0.9908,"[{""clase_id"": 59, ""prob"": 0.9908}, {""clase_id"": 61, ""prob"": 0.00143}, {""clase_id"": 47, ""prob"": 0.00086}, {""clase_id"": 25, ""prob"": 0.00071}, {""clase_id"": 71, ""prob"": 0.00067}]"
102669,59,0.95239,"[{""clase_id"": 59, ""prob"": 0.95239}, {""clase_id"": 47, ""prob"": 0.02686}, {""clase_id"": 61, ""prob"": 0.00535}, {""clase_id"": 62, ""prob"": 0.00427}, {""clase_id"": 2, ""prob"": 0.00086}]"
102670,59,0.92298,"[{""clase_id"": 59, ""prob"": 0.92298}, {""clase_id"": 62, ""prob"": 0.04645}, {""clase_id"": 25, ""prob"": 0.00196}, {""clase_id"": 47, ""prob"": 0.00182}, {""clase_id"": 60, ""prob"": 0.00179}]"
102671,59,0.98839,"[{""clase_id"": 59, ""prob"": 0.98839}, {""clase_id"": 61, ""prob"": 0.00307}, {""clase_id"": 47, ""prob"": 0.00158}, {""clase_id"": 71, ""prob"": 0.00075}, {""clase_id"": 27, ""prob"": 0.00061}]"
102672,59,0.97208,"[{""clase_id"": 59, ""prob"": 0.97208}, {""clase_id"": 47, ""prob"": 0.00727}, {""clase_id"": 60, ""prob"": 0.00514}, {""clase_id"": 61, ""prob"": 0.00282}, {""clase_id"": 62, ""prob"": 0.00244}]"
102673,59,0.99064,"[{""clase_id"": 59, ""prob"": 0.99064}, {""clase_id"": 47, ""prob"": 0.00143}, {""clase_id"": 61, ""prob"": 0.00075}, {""clase_id"": 25, ""prob"": 0.00067}, {""clase_id"": 71, ""prob"": 0.00062}]"
102674,59,0.98765,"[{""clase_id"": 59, ""prob"": 0.98765}, {""clase_id"": 47, ""prob"": 0.00255}, {""clase_id"": 62, ""prob"": 0.00118}, {""clase_id"": 60, ""prob"": 0.00094}, {""clase_id"": 61, ""prob"": 0.0008}]"
102675,25,0.54191,"[{""clase_id"": 25, ""prob"": 0.54191}, {""clase_id"": 26, ""prob"": 0.27483}, {""clase_id"": 27, ""prob"": 0.07295}, {""clase_id"": 59, ""prob"": 0.03368}, {""clase_id"": 62, ""prob"": 0.00445}]"
102676,61,0.50745,"[{""clase_id"": 61, ""prob"": 0.50745}, {""clase_id"": 59, ""prob"": 0.43742}, {""clase_id"": 47, ""prob"": 0.03757}, {""clase_id"": 62, ""prob"": 0.00176}, {""clase_id"": 2, ""prob"": 0.00061}]"
102677,59,0.98987,"[{""clase_id"": 59, ""prob"": 0.98987}, {""clase_id"": 61, ""prob"": 0.00218}, {""clase_id"": 47, ""prob"": 0.00132}, {""clase_id"": 62, ""prob"": 0.00061}, {""clase_id"": 25, ""prob"": 0.00048}]"
102678,59,0.95785,"[{""clase_id"": 59, ""prob"": 0.95785}, {""clase_id"": 47, ""prob"": 0.0153}, {""clase_id"": 62, ""prob"": 0.00951}, {""clase_id"": 61, ""prob"": 0.00449}, {""clase_id"": 2, ""prob"": 0.00109}]"
102679,59,0.99097,"[{""clase_id"": 59, ""prob"": 0.99097}, {""clase_id"": 25, ""prob"": 0.00109}, {""clase_id"": 47, ""prob"": 0.00109}, {""clase_id"": 61, ""prob"": 0.00094}, {""clase_id"": 62, ""prob"": 0.00046}]"
102680,5,0.99026,"[{""clase_id"": 5, ""prob"": 0.99026}, {""clase_id"": 66, ""prob"": 0.00124}, {""clase_id"": 6, ""prob"": 0.00096}, {""clase_id"": 67, ""prob"": 0.00069}, {""clase_id"": 65, ""prob"": 0.00061}]"
102681,5,0.99152,"[{""clase_id"": 5, ""prob"": 0.99152}, {""clase_id"": 48, ""prob"": 0.00186}, {""clase_id"": 67, ""prob"": 0.00102}, {""clase_id"": 66, ""prob"": 0.00068}, {""clase_id"": 56, ""prob"": 0.00053}]"
102682,5,0.97649,"[{""clase_id"": 5, ""prob"": 0.97649}, {""clase_id"": 66, ""prob"": 0.0105}, {""clase_id"": 67, ""prob"": 0.00564}, {""clase_id"": 48, ""prob"": 0.00239}, {""clase_id"": 56, ""prob"": 0.00063}]"
102683,5,0.99134,"[{""clase_id"": 5, ""prob"": 0.99134}, {""clase_id"": 48, ""prob"": 0.00127}, {""clase_id"": 67, ""prob"": 0.00098}, {""clase_id"": 66, ""prob"": 0.00077}, {""clase_id"": 56, ""prob"": 0.0007}]"
102684,5,0.9876,"[{""clase_id"": 5, ""prob"": 0.9876}, {""clase_id"": 67, ""prob"": 0.00402}, {""clase_id"": 48, ""prob"": 0.00231}, {""clase_id"": 56, ""prob"": 0.00074}, {""clase_id"": 66, ""prob"": 0.00055}]"
102685,67,0.98309,"[{""clase_id"": 67, ""prob"": 0.98309}, {""clase_id"": 5, ""prob"": 0.00877}, {""clase_id"": 56, ""prob"": 0.00061}, {""clase_id"": 65, ""prob"": 0.0005}, {""clase_id"": 48, ""prob"": 0.00049}]"
102686,5,0.9919,"[{""clase_id"": 5, ""prob"": 0.9919}, {""clase_id"": 66, ""prob"": 0.00073}, {""clase_id"": 67, ""prob"": 0.00066}, {""clase_id"": 56, ""prob"": 0.00063}, {""clase_id"": 6, ""prob"": 0.00046}]"
102687,67,0.99177,"[{""clase_id"": 67, ""prob"": 0.99177}, {""clase_id"": 5, ""prob"": 0.00215}, {""clase_id"": 12, ""prob"": 0.00059}, {""clase_id"": 48, ""prob"": 0.00054}, {""clase_id"": 9, ""prob"": 0.00038}]"
102688,5,0.33985,"[{""clase_id"": 5, ""prob"": 0.33985}, {""clase_id"": 64, ""prob"": 0.28346}, {""clase_id"": 66, ""prob"": 0.25105}, {""clase_id"": 48, ""prob"": 0.01579}, {""clase_id"": 7, ""prob"": 0.01537}]"
102689,5,0.99156,"[{""clase_id"": 5, ""prob"": 0.99156}, {""clase_id"": 66, ""prob"": 0.00183}, {""clase_id"": 48, ""prob"": 0.00095}, {""clase_id"": 6, ""prob"": 0.00079}, {""clase_id"": 67, ""prob"": 0.00065}]"
102690,5,0.74424,"[{""clase_id"": 5, ""prob"": 0.74424}, {""clase_id"": 66, ""prob"": 0.22846}, {""clase_id"": 48, ""prob"": 0.00371}, {""clase_id"": 64, ""prob"": 0.00358}, {""clase_id"": 67, ""prob"": 0.00273}]"
102691,5,0.80163,"[{""clase_id"": 5, ""prob"": 0.80163}, {""clase_id"": 67, ""prob"": 0.17616}, {""clase_id"": 56, ""prob"": 0.00322}, {""clase_id"": 66, ""prob"": 0.00173}, {""clase_id"": 48, ""prob"": 0.00119}]"
102692,5,0.9912,"[{""clase_id"": 5, ""prob"": 0.9912}, {""clase_id"": 6, ""prob"": 0.00092}, {""clase_id"": 66, ""prob"": 0.00079}, {""clase_id"": 67, ""prob"": 0.00074}, {""clase_id"": 48, ""prob"": 0.00051}]"
102693,5,0.88579,"[{""clase_id"": 5, ""prob"": 0.88579}, {""clase_id"": 48, ""prob"": 0.06624}, {""clase_id"": 66, ""prob"": 0.03137}, {""clase_id"": 67, ""prob"": 0.00377}, {""clase_id"": 35, ""prob"": 0.00166}]"
102694,66,0.94864,"[{""clase_id"": 66, ""prob"": 0.94864}, {""clase_id"": 5, ""prob"": 0.02549}, {""clase_id"": 48, ""prob"": 0.01459}, {""clase_id"": 67, ""prob"": 0.00286}, {""clase_id"": 8, ""prob"": 0.00105}]"
102695,5,0.99263,"[{""clase_id"": 5, ""prob"": 0.99263}, {""clase_id"": 48, ""prob"": 0.00125}, {""clase_id"": 66, ""prob"": 0.00083}, {""clase_id"": 67, ""prob"": 0.00076}, {""clase_id"": 6, ""prob"": 0.00047}]"
102696,5,0.99154,"[{""clase_id"": 5, ""prob"": 0.99154}, {""clase_id"": 6, ""prob"": 0.00079}, {""clase_id"": 67, ""prob"": 0.00073}, {""clase_id"": 66, ""prob"": 0.00059}, {""clase_id"": 56, ""prob"": 0.00057}]"
102697,5,0.97677,"[{""clase_id"": 5, ""prob"": 0.97677}, {""clase_id"": 6, ""prob"": 0.0081}, {""clase_id"": 66, ""prob"": 0.00273}, {""clase_id"": 67, ""prob"": 0.0014}, {""clase_id"": 48, ""prob"": 0.00129}]"
102698,5,0.99011,"[{""clase_id"": 5, ""prob"": 0.99011}, {""clase_id"": 67, ""prob"": 0.00089}, {""clase_id"": 65, ""prob"": 0.00084}, {""clase_id"": 66, ""prob"": 0.00082}, {""clase_id"": 6, ""prob"": 0.00074}]"
102699,5,0.99202,"[{""clase_id"": 5, ""prob"": 0.99202}, {""clase_id"": 67, ""prob"": 0.00157}, {""clase_id"": 6, ""prob"": 0.00062}, {""clase_id"": 48, ""prob"": 0.00061}, {""clase_id"": 66, ""prob"": 0.00054}]"
102700,5,0.97841,"[{""clase_id"": 5, ""prob"": 0.97841}, {""clase_id"": 67, ""prob"": 0.00672}, {""clase_id"": 66, ""prob"": 0.00323}, {""clase_id"": 48, ""prob"": 0.00254}, {""clase_id"": 56, ""prob"": 0.00101}]"
102701,66,0.98296,"[{""clase_id"": 66, ""prob"": 0.98296}, {""clase_id"": 5, ""prob"": 0.01018}, {""clase_id"": 48, ""prob"": 0.00086}, {""clase_id"": 6, ""prob"": 0.00071}, {""clase_id"": 67, ""prob"": 0.00061}]"
102702,5,0.98561,"[{""clase_id"": 5, ""prob"": 0.98561}, {""clase_id"": 66, ""prob"": 0.00461}, {""clase_id"": 48, ""prob"": 0.0029}, {""clase_id"": 67, ""prob"": 0.00226}, {""clase_id"": 56, ""prob"": 0.00054}]"
102703,35,0.87072,"[{""clase_id"": 35, ""prob"": 0.87072}, {""clase_id"": 5, ""prob"": 0.03806}, {""clase_id"": 7, ""prob"": 0.0306}, {""clase_id"": 27, ""prob"": 0.03029}, {""clase_id"": 48, ""prob"": 0.00507}]"
102704,5,0.96905,"[{""clase_id"": 5, ""prob"": 0.96905}, {""clase_id"": 67, ""prob"": 0.02198}, {""clase_id"": 48, ""prob"": 0.00132}, {""clase_id"": 56, ""prob"": 0.00085}, {""clase_id"": 66, ""prob"": 0.00079}]"
102705,5,0.9925,"[{""clase_id"": 5, ""prob"": 0.9925}, {""clase_id"": 67, ""prob"": 0.00127}, {""clase_id"": 66, ""prob"": 0.00092}, {""clase_id"": 48, ""prob"": 0.0009}, {""clase_id"": 56, ""prob"": 0.00042}]"
102706,5,0.9322,"[{""clase_id"": 5, ""prob"": 0.9322}, {""clase_id"": 66, ""prob"": 0.05084}, {""clase_id"": 48, ""prob"": 0.00383}, {""clase_id"": 27, ""prob"": 0.00198}, {""clase_id"": 67, ""prob"": 0.00122}]"
102707,5,0.98957,"[{""clase_id"": 5, ""prob"": 0.98957}, {""clase_id"": 67, ""prob"": 0.00415}, {""clase_id"": 66, ""prob"": 0.00088}, {""clase_id"": 48, ""prob"": 0.00075}, {""clase_id"": 6, ""prob"": 0.00068}]"
102708,67,0.72667,"[{""clase_id"": 67, ""prob"": 0.72667}, {""clase_id"": 5, ""prob"": 0.23888}, {""clase_id"": 48, ""prob"": 0.01559}, {""clase_id"": 66, ""prob"": 0.00552}, {""clase_id"": 56, ""prob"": 0.00148}]"
102709,5,0.99141,"[{""clase_id"": 5, ""prob"": 0.99141}, {""clase_id"": 67, ""prob"": 0.00076}, {""clase_id"": 56, ""prob"": 0.00072}, {""clase_id"": 48, ""prob"": 0.00066}, {""clase_id"": 66, ""prob"": 0.00065}]"
102710,5,0.99093,"[{""clase_id"": 5, ""prob"": 0.99093}, {""clase_id"": 6, ""prob"": 0.00117}, {""clase_id"": 66, ""prob"": 0.00116}, {""clase_id"": 67, ""prob"": 0.00061}, {""clase_id"": 48, ""prob"": 0.00045}]"
102711,48,0.97134,"[{""clase_id"": 48, ""prob"": 0.97134}, {""clase_id"": 5, ""prob"": 0.01317}, {""clase_id"": 67, ""prob"": 0.00496}, {""clase_id"": 56, ""prob"": 0.00115}, {""clase_id"": 66, ""prob"": 0.00104}]"
102712,5,0.99072,"[{""clase_id"": 5, ""prob"": 0.99072}, {""clase_id"": 6, ""prob"": 0.00096}, {""clase_id"": 67, ""prob"": 0.00082}, {""clase_id"": 66, ""prob"": 0.00062}, {""clase_id"": 56, ""prob"": 0.00055}]"
102713,67,0.796,"[{""clase_id"": 67, ""prob"": 0.796}, {""clase_id"": 5, ""prob"": 0.12518}, {""clase_id"": 50, ""prob"": 0.03244}, {""clase_id"": 66, ""prob"": 0.01373}, {""clase_id"": 48, ""prob"": 0.00295}]"
102714,5,0.99215,"[{""clase_id"": 5, ""prob"": 0.99215}, {""clase_id"": 6, ""prob"": 0.00109}, {""clase_id"": 66, ""prob"": 0.00086}, {""clase_id"": 67, ""prob"": 0.00084}, {""clase_id"": 48, ""prob"": 0.00053}]"
102715,5,0.96348,"[{""clase_id"": 5, ""prob"": 0.96348}, {""clase_id"": 66, ""prob"": 0.02087}, {""clase_id"": 6, ""prob"": 0.00502}, {""clase_id"": 67, ""prob"": 0.00346}, {""clase_id"": 48, ""prob"": 0.00081}]"
102716,5,0.99132,"[{""clase_id"": 5, ""prob"": 0.99132}, {""clase_id"": 67, ""prob"": 0.00108}, {""clase_id"": 66, ""prob"": 0.00088}, {""clase_id"": 48, ""prob"": 0.0007}, {""clase_id"": 56, ""prob"": 0.00069}]"
102717,5,0.99008,"[{""clase_id"": 5, ""prob"": 0.99009}, {""clase_id"": 67, ""prob"": 0.00236}, {""clase_id"": 48, ""prob"": 0.00063}, {""clase_id"": 6, ""prob"": 0.00063}, {""clase_id"": 56, ""prob"": 0.00045}]"
102718,5,0.98837,"[{""clase_id"": 5, ""prob"": 0.98837}, {""clase_id"": 65, ""prob"": 0.00169}, {""clase_id"": 67, ""prob"": 0.00163}, {""clase_id"": 66, ""prob"": 0.00101}, {""clase_id"": 56, ""prob"": 0.00095}]"
102719,5,0.9914,"[{""clase_id"": 5, ""prob"": 0.9914}, {""clase_id"": 67, ""prob"": 0.00144}, {""clase_id"": 56, ""prob"": 0.0008}, {""clase_id"": 48, ""prob"": 0.00077}, {""clase_id"": 65, ""prob"": 0.00044}]"
102720,20,0.9907,"[{""clase_id"": 20, ""prob"": 0.9907}, {""clase_id"": 19, ""prob"": 0.00156}, {""clase_id"": 22, ""prob"": 0.00138}, {""clase_id"": 35, ""prob"": 0.00071}, {""clase_id"": 46, ""prob"": 0.00034}]"
102721,20,0.99141,"[{""clase_id"": 20, ""prob"": 0.99141}, {""clase_id"": 19, ""prob"": 0.00234}, {""clase_id"": 46, ""prob"": 0.00095}, {""clase_id"": 28, ""prob"": 0.00062}, {""clase_id"": 35, ""prob"": 0.00031}]"
102722,20,0.98967,"[{""clase_id"": 20, ""prob"": 0.98967}, {""clase_id"": 19, ""prob"": 0.0041}, {""clase_id"": 46, ""prob"": 0.0009}, {""clase_id"": 28, ""prob"": 0.00036}, {""clase_id"": 22, ""prob"": 0.00035}]"
102723,20,0.98616,"[{""clase_id"": 20, ""prob"": 0.98616}, {""clase_id"": 46, ""prob"": 0.00417}, {""clase_id"": 19, ""prob"": 0.00165}, {""clase_id"": 28, ""prob"": 0.0005}, {""clase_id"": 35, ""prob"": 0.00042}]"
102724,20,0.99126,"[{""clase_id"": 20, ""prob"": 0.99126}, {""clase_id"": 46, ""prob"": 0.00192}, {""clase_id"": 75, ""prob"": 0.0006}, {""clase_id"": 19, ""prob"": 0.00047}, {""clase_id"": 28, ""prob"": 0.00044}]"
102725,20,0.99365,"[{""clase_id"": 20, ""prob"": 0.99365}, {""clase_id"": 19, ""prob"": 0.00131}, {""clase_id"": 35, ""prob"": 0.00049}, {""clase_id"": 46, ""prob"": 0.0004}, {""clase_id"": 28, ""prob"": 0.00034}]"
102726,20,0.98944,"[{""clase_id"": 20, ""prob"": 0.98944}, {""clase_id"": 19, ""prob"": 0.00334}, {""clase_id"": 46, ""prob"": 0.00231}, {""clase_id"": 28, ""prob"": 0.00054}, {""clase_id"": 26, ""prob"": 0.00037}]"
102727,20,0.9929,"[{""clase_id"": 20, ""prob"": 0.9929}, {""clase_id"": 35, ""prob"": 0.001}, {""clase_id"": 46, ""prob"": 0.00086}, {""clase_id"": 19, ""prob"": 0.00041}, {""clase_id"": 26, ""prob"": 0.00036}]"
102728,20,0.99118,"[{""clase_id"": 20, ""prob"": 0.99118}, {""clase_id"": 46, ""prob"": 0.00132}, {""clase_id"": 35, ""prob"": 0.0008}, {""clase_id"": 59, ""prob"": 0.00042}, {""clase_id"": 26, ""prob"": 0.00042}]"
102729,20,0.99065,"[{""clase_id"": 20, ""prob"": 0.99065}, {""clase_id"": 35, ""prob"": 0.00107}, {""clase_id"": 46, ""prob"": 0.00086}, {""clase_id"": 22, ""prob"": 0.00047}, {""clase_id"": 19, ""prob"": 0.00038}]"
102730,20,0.99163,"[{""clase_id"": 20, ""prob"": 0.99163}, {""clase_id"": 19, ""prob"": 0.00132}, {""clase_id"": 16, ""prob"": 0.00075}, {""clase_id"": 22, ""prob"": 0.00072}, {""clase_id"": 46, ""prob"": 0.00059}]"
102731,20,0.99423,"[{""clase_id"": 20, ""prob"": 0.99423}, {""clase_id"": 46, ""prob"": 0.00058}, {""clase_id"": 35, ""prob"": 0.00058}, {""clase_id"": 19, ""prob"": 0.00036}, {""clase_id"": 28, ""prob"": 0.00036}]"
102732,20,0.99184,"[{""clase_id"": 20, ""prob"": 0.99184}, {""clase_id"": 19, ""prob"": 0.00139}, {""clase_id"": 28, ""prob"": 0.00094}, {""clase_id"": 46, ""prob"": 0.00092}, {""clase_id"": 16, ""prob"": 0.00043}]"
102733,20,0.99283,"[{""clase_id"": 20, ""prob"": 0.99283}, {""clase_id"": 19, ""prob"": 0.00111}, {""clase_id"": 28, ""prob"": 0.00064}, {""clase_id"": 46, ""prob"": 0.00057}, {""clase_id"": 35, ""prob"": 0.00048}]"
102734,20,0.99382,"[{""clase_id"": 20, ""prob"": 0.99382}, {""clase_id"": 35, ""prob"": 0.00059}, {""clase_id"": 19, ""prob"": 0.00058}, {""clase_id"": 46, ""prob"": 0.00046}, {""clase_id"": 28, ""prob"": 0.00043}]"
102735,20,0.98878,"[{""clase_id"": 20, ""prob"": 0.98878}, {""clase_id"": 19, ""prob"": 0.00182}, {""clase_id"": 22, ""prob"": 0.00134}, {""clase_id"": 41, ""prob"": 0.00084}, {""clase_id"": 35, ""prob"": 0.00063}]"
102736,20,0.99433,"[{""clase_id"": 20, ""prob"": 0.99433}, {""clase_id"": 19, ""prob"": 0.00075}, {""clase_id"": 46, ""prob"": 0.00061}, {""clase_id"": 28, ""prob"": 0.00047}, {""clase_id"": 35, ""prob"": 0.00033}]"
102737,20,0.9804,"[{""clase_id"": 20, ""prob"": 0.9804}, {""clase_id"": 19, ""prob"": 0.00739}, {""clase_id"": 46, ""prob"": 0.00387}, {""clase_id"": 26, ""prob"": 0.00089}, {""clase_id"": 28, ""prob"": 0.00075}]"
102738,20,0.99007,"[{""clase_id"": 20, ""prob"": 0.99007}, {""clase_id"": 46, ""prob"": 0.00171}, {""clase_id"": 19, ""prob"": 0.00122}, {""clase_id"": 28, ""prob"": 0.0008}, {""clase_id"": 26, ""prob"": 0.00054}]"
102739,20,0.99227,"[{""clase_id"": 20, ""prob"": 0.99227}, {""clase_id"": 19, ""prob"": 0.00178}, {""clase_id"": 46, ""prob"": 0.00071}, {""clase_id"": 28, ""prob"": 0.00062}, {""clase_id"": 35, ""prob"": 0.00035}]"
102740,20,0.9942,"[{""clase_id"": 20, ""prob"": 0.9942}, {""clase_id"": 46, ""prob"": 0.00104}, {""clase_id"": 19, ""prob"": 0.00057}, {""clase_id"": 28, ""prob"": 0.00035}, {""clase_id"": 35, ""prob"": 0.00034}]"
102741,20,0.99273,"[{""clase_id"": 20, ""prob"": 0.99273}, {""clase_id"": 35, ""prob"": 0.00082}, {""clase_id"": 22, ""prob"": 0.00042}, {""clase_id"": 28, ""prob"": 0.00038}, {""clase_id"": 46, ""prob"": 0.00038}]"
102742,20,0.99317,"[{""clase_id"": 20, ""prob"": 0.99317}, {""clase_id"": 19, ""prob"": 0.00152}, {""clase_id"": 46, ""prob"": 0.00072}, {""clase_id"": 28, ""prob"": 0.00047}, {""clase_id"": 35, ""prob"": 0.00034}]"
102743,20,0.99325,"[{""clase_id"": 20, ""prob"": 0.99325}, {""clase_id"": 46, ""prob"": 0.00127}, {""clase_id"": 19, ""prob"": 0.00049}, {""clase_id"": 35, ""prob"": 0.00048}, {""clase_id"": 28, ""prob"": 0.00042}]"
102744,20,0.99131,"[{""clase_id"": 20, ""prob"": 0.99131}, {""clase_id"": 19, ""prob"": 0.00295}, {""clase_id"": 46, ""prob"": 0.00121}, {""clase_id"": 28, ""prob"": 0.00045}, {""clase_id"": 35, ""prob"": 0.00029}]"
102745,20,0.95711,"[{""clase_id"": 20, ""prob"": 0.95711}, {""clase_id"": 41, ""prob"": 0.01216}, {""clase_id"": 22, ""prob"": 0.00678}, {""clase_id"": 35, ""prob"": 0.00262}, {""clase_id"": 18, ""prob"": 0.00197}]"
102746,22,0.40456,"[{""clase_id"": 22, ""prob"": 0.40456}, {""clase_id"": 20, ""prob"": 0.31365}, {""clase_id"": 16, ""prob"": 0.16862}, {""clase_id"": 28, ""prob"": 0.02517}, {""clase_id"": 8, ""prob"": 0.01342}]"
102747,20,0.99263,"[{""clase_id"": 20, ""prob"": 0.99263}, {""clase_id"": 46, ""prob"": 0.00111}, {""clase_id"": 35, ""prob"": 0.0008}, {""clase_id"": 19, ""prob"": 0.00044}, {""clase_id"": 28, ""prob"": 0.00037}]"
102748,20,0.99135,"[{""clase_id"": 20, ""prob"": 0.99135}, {""clase_id"": 19, ""prob"": 0.00158}, {""clase_id"": 46, ""prob"": 0.00087}, {""clase_id"": 18, ""prob"": 0.00055}, {""clase_id"": 35, ""prob"": 0.00046}]"
102749,20,0.93879,"[{""clase_id"": 20, ""prob"": 0.93879}, {""clase_id"": 19, ""prob"": 0.04128}, {""clase_id"": 28, ""prob"": 0.00517}, {""clase_id"": 46, ""prob"": 0.00115}, {""clase_id"": 3, ""prob"": 0.00104}]"
102750,20,0.99101,"[{""clase_id"": 20, ""prob"": 0.99101}, {""clase_id"": 19, ""prob"": 0.00219}, {""clase_id"": 28, ""prob"": 0.00079}, {""clase_id"": 46, ""prob"": 0.00051}, {""clase_id"": 22, ""prob"": 0.00049}]"
102751,20,0.99128,"[{""clase_id"": 20, ""prob"": 0.99128}, {""clase_id"": 35, ""prob"": 0.00095}, {""clase_id"": 19, ""prob"": 0.00068}, {""clase_id"": 22, ""prob"": 0.00056}, {""clase_id"": 46, ""prob"": 0.00048}]"
102752,20,0.99131,"[{""clase_id"": 20, ""prob"": 0.99131}, {""clase_id"": 19, ""prob"": 0.00158}, {""clase_id"": 28, ""prob"": 0.00137}, {""clase_id"": 46, ""prob"": 0.00102}, {""clase_id"": 16, ""prob"": 0.00038}]"
102753,20,0.98801,"[{""clase_id"": 20, ""prob"": 0.98801}, {""clase_id"": 35, ""prob"": 0.0021}, {""clase_id"": 19, ""prob"": 0.0012}, {""clase_id"": 46, ""prob"": 0.00093}, {""clase_id"": 28, ""prob"": 0.00048}]"
102754,20,0.99329,"[{""clase_id"": 20, ""prob"": 0.99329}, {""clase_id"": 19, ""prob"": 0.00079}, {""clase_id"": 46, ""prob"": 0.00068}, {""clase_id"": 35, ""prob"": 0.00062}, {""clase_id"": 18, ""prob"": 0.00035}]"
102755,20,0.99241,"[{""clase_id"": 20, ""prob"": 0.99241}, {""clase_id"": 28, ""prob"": 0.00073}, {""clase_id"": 46, ""prob"": 0.00063}, {""clase_id"": 35, ""prob"": 0.00054}, {""clase_id"": 16, ""prob"": 0.00044}]"
102756,20,0.99072,"[{""clase_id"": 20, ""prob"": 0.99072}, {""clase_id"": 28, ""prob"": 0.00153}, {""clase_id"": 16, ""prob"": 0.00081}, {""clase_id"": 46, ""prob"": 0.00071}, {""clase_id"": 35, ""prob"": 0.00057}]"
102757,20,0.99339,"[{""clase_id"": 20, ""prob"": 0.99339}, {""clase_id"": 19, ""prob"": 0.00073}, {""clase_id"": 35, ""prob"": 0.00062}, {""clase_id"": 46, ""prob"": 0.00049}, {""clase_id"": 28, ""prob"": 0.00033}]"
102758,20,0.98789,"[{""clase_id"": 20, ""prob"": 0.98789}, {""clase_id"": 46, ""prob"": 0.00566}, {""clase_id"": 19, ""prob"": 0.00113}, {""clase_id"": 28, ""prob"": 0.00054}, {""clase_id"": 35, ""prob"": 0.00026}]"
102759,20,0.99057,"[{""clase_id"": 20, ""prob"": 0.99057}, {""clase_id"": 19, ""prob"": 0.00162}, {""clase_id"": 35, ""prob"": 0.00098}, {""clase_id"": 46, ""prob"": 0.00084}, {""clase_id"": 28, ""prob"": 0.00037}]"
102760,31,0.99338,"[{""clase_id"": 31, ""prob"": 0.99338}, {""clase_id"": 17, ""prob"": 0.00068}, {""clase_id"": 57, ""prob"": 0.00054}, {""clase_id"": 33, ""prob"": 0.00033}, {""clase_id"": 36, ""prob"": 0.00029}]"
102761,32,0.99113,"[{""clase_id"": 32, ""prob"": 0.99113}, {""clase_id"": 17, ""prob"": 0.00186}, {""clase_id"": 76, ""prob"": 0.00177}, {""clase_id"": 33, ""prob"": 0.00033}, {""clase_id"": 62, ""prob"": 0.00026}]"
102762,31,0.99435,"[{""clase_id"": 31, ""prob"": 0.99435}, {""clase_id"": 57, ""prob"": 0.00055}, {""clase_id"": 17, ""prob"": 0.00048}, {""clase_id"": 36, ""prob"": 0.00036}, {""clase_id"": 33, ""prob"": 0.00026}]"
102763,32,0.9935,"[{""clase_id"": 32, ""prob"": 0.9935}, {""clase_id"": 62, ""prob"": 0.00036}, {""clase_id"": 76, ""prob"": 0.00034}, {""clase_id"": 17, ""prob"": 0.00033}, {""clase_id"": 2, ""prob"": 0.00028}]"
102764,32,0.47513,"[{""clase_id"": 32, ""prob"": 0.47513}, {""clase_id"": 31, ""prob"": 0.43379}, {""clase_id"": 36, ""prob"": 0.01952}, {""clase_id"": 33, ""prob"": 0.0093}, {""clase_id"": 60, ""prob"": 0.00818}]"
102765,31,0.98952,"[{""clase_id"": 31, ""prob"": 0.98952}, {""clase_id"": 57, ""prob"": 0.00176}, {""clase_id"": 17, ""prob"": 0.00117}, {""clase_id"": 52, ""prob"": 0.00064}, {""clase_id"": 36, ""prob"": 0.00054}]"
102766,31,0.99245,"[{""clase_id"": 31, ""prob"": 0.99245}, {""clase_id"": 57, ""prob"": 0.00077}, {""clase_id"": 36, ""prob"": 0.00048}, {""clase_id"": 29, ""prob"": 0.00033}, {""clase_id"": 17, ""prob"": 0.00032}]"
102767,31,0.99431,"[{""clase_id"": 31, ""prob"": 0.99431}, {""clase_id"": 17, ""prob"": 0.00046}, {""clase_id"": 36, ""prob"": 0.00039}, {""clase_id"": 57, ""prob"": 0.00034}, {""clase_id"": 33, ""prob"": 0.00034}]"
102768,31,0.99067,"[{""clase_id"": 31, ""prob"": 0.99067}, {""clase_id"": 57, ""prob"": 0.00118}, {""clase_id"": 36, ""prob"": 0.0007}, {""clase_id"": 43, ""prob"": 0.00064}, {""clase_id"": 33, ""prob"": 0.00058}]"
102769,31,0.97931,"[{""clase_id"": 31, ""prob"": 0.97931}, {""clase_id"": 17, ""prob"": 0.01025}, {""clase_id"": 57, ""prob"": 0.00111}, {""clase_id"": 76, ""prob"": 0.00064}, {""clase_id"": 32, ""prob"": 0.00056}]"
102770,31,0.99265,"[{""clase_id"": 31, ""prob"": 0.99265}, {""clase_id"": 36, ""prob"": 0.00092}, {""clase_id"": 57, ""prob"": 0.00077}, {""clase_id"": 17, ""prob"": 0.00034}, {""clase_id"": 33, ""prob"": 0.00024}]"
102771,31,0.99383,"[{""clase_id"": 31, ""prob"": 0.99383}, {""clase_id"": 17, ""prob"": 0.00083}, {""clase_id"": 57, ""prob"": 0.00051}, {""clase_id"": 36, ""prob"": 0.00046}, {""clase_id"": 64, ""prob"": 0.00028}]"
102772,31,0.99291,"[{""clase_id"": 31, ""prob"": 0.99291}, {""clase_id"": 36, ""prob"": 0.0008}, {""clase_id"": 33, ""prob"": 0.00056}, {""clase_id"": 57, ""prob"": 0.00053}, {""clase_id"": 29, ""prob"": 0.00031}]"
102773,31,0.99383,"[{""clase_id"": 31, ""prob"": 0.99383}, {""clase_id"": 33, ""prob"": 0.00061}, {""clase_id"": 17, ""prob"": 0.00048}, {""clase_id"": 36, ""prob"": 0.00046}, {""clase_id"": 57, ""prob"": 0.00042}]"
102774,31,0.99431,"[{""clase_id"": 31, ""prob"": 0.99431}, {""clase_id"": 17, ""prob"": 0.00053}, {""clase_id"": 36, ""prob"": 0.00052}, {""clase_id"": 57, ""prob"": 0.00031}, {""clase_id"": 64, ""prob"": 0.00028}]"
102775,31,0.99396,"[{""clase_id"": 31, ""prob"": 0.99396}, {""clase_id"": 17, ""prob"": 0.0006}, {""clase_id"": 36, ""prob"": 0.00043}, {""clase_id"": 64, ""prob"": 0.0004}, {""clase_id"": 57, ""prob"": 0.00035}]"
102776,31,0.98751,"[{""clase_id"": 31, ""prob"": 0.98751}, {""clase_id"": 57, ""prob"": 0.00281}, {""clase_id"": 17, ""prob"": 0.00072}, {""clase_id"": 52, ""prob"": 0.00062}, {""clase_id"": 36, ""prob"": 0.00055}]"
102777,31,0.98869,"[{""clase_id"": 31, ""prob"": 0.98869}, {""clase_id"": 36, ""prob"": 0.00241}, {""clase_id"": 57, ""prob"": 0.00174}, {""clase_id"": 17, ""prob"": 0.00043}, {""clase_id"": 43, ""prob"": 0.00031}]"
102778,31,0.9927,"[{""clase_id"": 31, ""prob"": 0.9927}, {""clase_id"": 57, ""prob"": 0.00098}, {""clase_id"": 17, ""prob"": 0.00066}, {""clase_id"": 36, ""prob"": 0.00031}, {""clase_id"": 52, ""prob"": 0.0003}]"
102779,31,0.98798,"[{""clase_id"": 31, ""prob"": 0.98798}, {""clase_id"": 33, ""prob"": 0.00156}, {""clase_id"": 57, ""prob"": 0.00105}, {""clase_id"": 56, ""prob"": 0.00064}, {""clase_id"": 52, ""prob"": 0.00059}]"
102780,31,0.99305,"[{""clase_id"": 31, ""prob"": 0.99305}, {""clase_id"": 33, ""prob"": 0.00063}, {""clase_id"": 57, ""prob"": 0.00052}, {""clase_id"": 17, ""prob"": 0.00049}, {""clase_id"": 64, ""prob"": 0.00039}]"
102781,31,0.99317,"[{""clase_id"": 31, ""prob"": 0.99317}, {""clase_id"": 57, ""prob"": 0.00104}, {""clase_id"": 17, ""prob"": 0.00064}, {""clase_id"": 36, ""prob"": 0.00039}, {""clase_id"": 76, ""prob"": 0.0003}]"
102782,31,0.99427,"[{""clase_id"": 31, ""prob"": 0.99427}, {""clase_id"": 17, ""prob"": 0.00056}, {""clase_id"": 57, ""prob"": 0.00039}, {""clase_id"": 36, ""prob"": 0.00037}, {""clase_id"": 33, ""prob"": 0.00034}]"
102783,31,0.99353,"[{""clase_id"": 31, ""prob"": 0.99353}, {""clase_id"": 17, ""prob"": 0.00075}, {""clase_id"": 57, ""prob"": 0.00053}, {""clase_id"": 33, ""prob"": 0.00033}, {""clase_id"": 36, ""prob"": 0.00032}]"
102784,31,0.97363,"[{""clase_id"": 31, ""prob"": 0.97363}, {""clase_id"": 57, ""prob"": 0.00543}, {""clase_id"": 43, ""prob"": 0.0027}, {""clase_id"": 33, ""prob"": 0.00186}, {""clase_id"": 56, ""prob"": 0.00102}]"
102785,56,0.93211,"[{""clase_id"": 56, ""prob"": 0.93211}, {""clase_id"": 57, ""prob"": 0.02116}, {""clase_id"": 64, ""prob"": 0.01463}, {""clase_id"": 31, ""prob"": 0.00628}, {""clase_id"": 5, ""prob"": 0.00202}]"
102786,31,0.99419,"[{""clase_id"": 31, ""prob"": 0.99419}, {""clase_id"": 17, ""prob"": 0.00048}, {""clase_id"": 36, ""prob"": 0.0004}, {""clase_id"": 57, ""prob"": 0.00033}, {""clase_id"": 64, ""prob"": 0.00031}]"
102787,31,0.96159,"[{""clase_id"": 31, ""prob"": 0.96159}, {""clase_id"": 33, ""prob"": 0.01}, {""clase_id"": 57, ""prob"": 0.00487}, {""clase_id"": 56, ""prob"": 0.00351}, {""clase_id"": 50, ""prob"": 0.00176}]"
102788,31,0.99185,"[{""clase_id"": 31, ""prob"": 0.99185}, {""clase_id"": 36, ""prob"": 0.00091}, {""clase_id"": 57, ""prob"": 0.00068}, {""clase_id"": 29, ""prob"": 0.00038}, {""clase_id"": 52, ""prob"": 0.0003}]"
102789,31,0.99276,"[{""clase_id"": 31, ""prob"": 0.99276}, {""clase_id"": 57, ""prob"": 0.00083}, {""clase_id"": 17, ""prob"": 0.00072}, {""clase_id"": 33, ""prob"": 0.0004}, {""clase_id"": 56, ""prob"": 0.00037}]"
102790,31,0.99418,"[{""clase_id"": 31, ""prob"": 0.99418}, {""clase_id"": 17, ""prob"": 0.00083}, {""clase_id"": 36, ""prob"": 0.00033}, {""clase_id"": 33, ""prob"": 0.0003}, {""clase_id"": 57, ""prob"": 0.0003}]"
102791,31,0.98982,"[{""clase_id"": 31, ""prob"": 0.98982}, {""clase_id"": 57, ""prob"": 0.00148}, {""clase_id"": 64, ""prob"": 0.00094}, {""clase_id"": 52, ""prob"": 0.00077}, {""clase_id"": 17, ""prob"": 0.00058}]"
102792,31,0.99295,"[{""clase_id"": 31, ""prob"": 0.99295}, {""clase_id"": 57, ""prob"": 0.00081}, {""clase_id"": 17, ""prob"": 0.00059}, {""clase_id"": 36, ""prob"": 0.00044}, {""clase_id"": 56, ""prob"": 0.00029}]"
102793,31,0.99369,"[{""clase_id"": 31, ""prob"": 0.99369}, {""clase_id"": 57, ""prob"": 0.00062}, {""clase_id"": 17, ""prob"": 0.00053}, {""clase_id"": 36, ""prob"": 0.00044}, {""clase_id"": 33, ""prob"": 0.00027}]"
102794,31,0.98998,"[{""clase_id"": 31, ""prob"": 0.98998}, {""clase_id"": 17, ""prob"": 0.00273}, {""clase_id"": 57, ""prob"": 0.00092}, {""clase_id"": 33, ""prob"": 0.00043}, {""clase_id"": 76, ""prob"": 0.00034}]"
102795,31,0.98994,"[{""clase_id"": 31, ""prob"": 0.98994}, {""clase_id"": 17, ""prob"": 0.00172}, {""clase_id"": 33, ""prob"": 0.00166}, {""clase_id"": 76, ""prob"": 0.00063}, {""clase_id"": 57, ""prob"": 0.00056}]"
102796,31,0.99251,"[{""clase_id"": 31, ""prob"": 0.99251}, {""clase_id"": 33, ""prob"": 0.00064}, {""clase_id"": 57, ""prob"": 0.00051}, {""clase_id"": 64, ""prob"": 0.00047}, {""clase_id"": 36, ""prob"": 0.00045}]"
102797,31,0.99035,"[{""clase_id"": 31, ""prob"": 0.99035}, {""clase_id"": 57, ""prob"": 0.00139}, {""clase_id"": 17, ""prob"": 0.00114}, {""clase_id"": 36, ""prob"": 0.0005}, {""clase_id"": 43, ""prob"": 0.00045}]"
102798,31,0.99242,"[{""clase_id"": 31, ""prob"": 0.99242}, {""clase_id"": 17, ""prob"": 0.00087}, {""clase_id"": 36, ""prob"": 0.00074}, {""clase_id"": 33, ""prob"": 0.00061}, {""clase_id"": 57, ""prob"": 0.00048}]"
102799,31,0.99323,"[{""clase_id"": 31, ""prob"": 0.99323}, {""clase_id"": 33, ""prob"": 0.00058}, {""clase_id"": 57, ""prob"": 0.00058}, {""clase_id"": 36, ""prob"": 0.00051}, {""clase_id"": 17, ""prob"": 0.0004}]"
102800,57,0.99314,"[{""clase_id"": 57, ""prob"": 0.99314}, {""clase_id"": 56, ""prob"": 0.0006}, {""clase_id"": 15, ""prob"": 0.00057}, {""clase_id"": 39, ""prob"": 0.00052}, {""clase_id"": 54, ""prob"": 0.0005}]"
102801,57,0.99222,"[{""clase_id"": 57, ""prob"": 0.99222}, {""clase_id"": 54, ""prob"": 0.00084}, {""clase_id"": 60, ""prob"": 0.00058}, {""clase_id"": 31, ""prob"": 0.00056}, {""clase_id"": 39, ""prob"": 0.00055}]"
102802,57,0.81581,"[{""clase_id"": 57, ""prob"": 0.81581}, {""clase_id"": 15, ""prob"": 0.0753}, {""clase_id"": 54, ""prob"": 0.04822}, {""clase_id"": 39, ""prob"": 0.01908}, {""clase_id"": 73, ""prob"": 0.00972}]"
102803,57,0.98997,"[{""clase_id"": 57, ""prob"": 0.98997}, {""clase_id"": 54, ""prob"": 0.00141}, {""clase_id"": 62, ""prob"": 0.00088}, {""clase_id"": 15, ""prob"": 0.00086}, {""clase_id"": 39, ""prob"": 0.00076}]"
102804,57,0.9719,"[{""clase_id"": 57, ""prob"": 0.9719}, {""clase_id"": 56, ""prob"": 0.015}, {""clase_id"": 62, ""prob"": 0.00183}, {""clase_id"": 60, ""prob"": 0.00143}, {""clase_id"": 31, ""prob"": 0.00079}]"
102805,57,0.99214,"[{""clase_id"": 57, ""prob"": 0.99214}, {""clase_id"": 56, ""prob"": 0.00086}, {""clase_id"": 54, ""prob"": 0.00069}, {""clase_id"": 62, ""prob"": 0.00057}, {""clase_id"": 60, ""prob"": 0.00054}]"
102806,57,0.99117,"[{""clase_id"": 57, ""prob"": 0.99117}, {""clase_id"": 56, ""prob"": 0.00106}, {""clase_id"": 15, ""prob"": 0.00074}, {""clase_id"": 31, ""prob"": 0.0007}, {""clase_id"": 60, ""prob"": 0.00058}]"
102807,57,0.99154,"[{""clase_id"": 57, ""prob"": 0.99154}, {""clase_id"": 54, ""prob"": 0.00135}, {""clase_id"": 62, ""prob"": 0.00086}, {""clase_id"": 56, ""prob"": 0.00053}, {""clase_id"": 60, ""prob"": 0.00041}]"
102808,57,0.99291,"[{""clase_id"": 57, ""prob"": 0.99291}, {""clase_id"": 15, ""prob"": 0.00056}, {""clase_id"": 56, ""prob"": 0.00055}, {""clase_id"": 54, ""prob"": 0.00055}, {""clase_id"": 39, ""prob"": 0.0005}]"
102809,57,0.98544,"[{""clase_id"": 57, ""prob"": 0.98544}, {""clase_id"": 56, ""prob"": 0.00275}, {""clase_id"": 15, ""prob"": 0.00268}, {""clase_id"": 31, ""prob"": 0.00149}, {""clase_id"": 54, ""prob"": 0.00049}]"
102810,57,0.98665,"[{""clase_id"": 57, ""prob"": 0.98665}, {""clase_id"": 56, ""prob"": 0.00247}, {""clase_id"": 62, ""prob"": 0.0017}, {""clase_id"": 15, ""prob"": 0.00145}, {""clase_id"": 31, ""prob"": 0.00066}]"
102811,57,0.98835,"[{""clase_id"": 57, ""prob"": 0.98835}, {""clase_id"": 62, ""prob"": 0.0021}, {""clase_id"": 56, ""prob"": 0.00113}, {""clase_id"": 54, ""prob"": 0.00104}, {""clase_id"": 31, ""prob"": 0.00065}]"
102812,57,0.9925,"[{""clase_id"": 57, ""prob"": 0.9925}, {""clase_id"": 54, ""prob"": 0.00092}, {""clase_id"": 39, ""prob"": 0.00067}, {""clase_id"": 15, ""prob"": 0.00051}, {""clase_id"": 56, ""prob"": 0.00048}]"
102813,57,0.93618,"[{""clase_id"": 57, ""prob"": 0.93618}, {""clase_id"": 56, ""prob"": 0.04698}, {""clase_id"": 60, ""prob"": 0.00134}, {""clase_id"": 31, ""prob"": 0.00128}, {""clase_id"": 4, ""prob"": 0.00118}]"
102814,57,0.98008,"[{""clase_id"": 57, ""prob"": 0.98008}, {""clase_id"": 56, ""prob"": 0.00886}, {""clase_id"": 60, ""prob"": 0.00163}, {""clase_id"": 31, ""prob"": 0.00089}, {""clase_id"": 62, ""prob"": 0.0007}]"
102815,57,0.98831,"[{""clase_id"": 57, ""prob"": 0.98831}, {""clase_id"": 31, ""prob"": 0.00156}, {""clase_id"": 60, ""prob"": 0.00128}, {""clase_id"": 56, ""prob"": 0.00126}, {""clase_id"": 15, ""prob"": 0.00079}]"
102816,57,0.99102,"[{""clase_id"": 57, ""prob"": 0.99102}, {""clase_id"": 56, ""prob"": 0.00124}, {""clase_id"": 62, ""prob"": 0.00101}, {""clase_id"": 15, ""prob"": 0.00083}, {""clase_id"": 60, ""prob"": 0.00058}]"
102817,57,0.99265,"[{""clase_id"": 57, ""prob"": 0.99265}, {""clase_id"": 54, ""prob"": 0.00094}, {""clase_id"": 56, ""prob"": 0.00074}, {""clase_id"": 39, ""prob"": 0.00052}, {""clase_id"": 31, ""prob"": 0.00042}]"
102818,57,0.99112,"[{""clase_id"": 57, ""prob"": 0.99112}, {""clase_id"": 54, ""prob"": 0.00095}, {""clase_id"": 39, ""prob"": 0.00082}, {""clase_id"": 15, ""prob"": 0.0007}, {""clase_id"": 31, ""prob"": 0.00057}]"
102819,57,0.99224,"[{""clase_id"": 57, ""prob"": 0.99224}, {""clase_id"": 54, ""prob"": 0.00101}, {""clase_id"": 56, ""prob"": 0.00082}, {""clase_id"": 62, ""prob"": 0.00048}, {""clase_id"": 15, ""prob"": 0.00041}]"
102820,57,0.94907,"[{""clase_id"": 57, ""prob"": 0.94907}, {""clase_id"": 54, ""prob"": 0.0349}, {""clase_id"": 62, ""prob"": 0.0015}, {""clase_id"": 39, ""prob"": 0.00119}, {""clase_id"": 73, ""prob"": 0.00117}]"
102821,57,0.99015,"[{""clase_id"": 57, ""prob"": 0.99015}, {""clase_id"": 56, ""prob"": 0.00198}, {""clase_id"": 62, ""prob"": 0.00114}, {""clase_id"": 54, ""prob"": 0.0006}, {""clase_id"": 15, ""prob"": 0.00058}]"
102822,57,0.9179,"[{""clase_id"": 57, ""prob"": 0.9179}, {""clase_id"": 56, ""prob"": 0.06713}, {""clase_id"": 31, ""prob"": 0.00104}, {""clase_id"": 58, ""prob"": 0.00097}, {""clase_id"": 60, ""prob"": 0.00089}]"
102823,57,0.98393,"[{""clase_id"": 57, ""prob"": 0.98393}, {""clase_id"": 56, ""prob"": 0.00791}, {""clase_id"": 31, ""prob"": 0.00068}, {""clase_id"": 58, ""prob"": 0.0006}, {""clase_id"": 54, ""prob"": 0.00047}]"
102824,57,0.99203,"[{""clase_id"": 57, ""prob"": 0.99203}, {""clase_id"": 56, ""prob"": 0.00075}, {""clase_id"": 31, ""prob"": 0.00074}, {""clase_id"": 54, ""prob"": 0.00065}, {""clase_id"": 60, ""prob"": 0.00053}]"
102825,57,0.99129,"[{""clase_id"": 57, ""prob"": 0.99129}, {""clase_id"": 56, ""prob"": 0.00205}, {""clase_id"": 15, ""prob"": 0.00076}, {""clase_id"": 62, ""prob"": 0.00052}, {""clase_id"": 60, ""prob"": 0.00041}]"
102826,57,0.99186,"[{""clase_id"": 57, ""prob"": 0.99186}, {""clase_id"": 54, ""prob"": 0.00089}, {""clase_id"": 62, ""prob"": 0.00076}, {""clase_id"": 31, ""prob"": 0.00059}, {""clase_id"": 15, ""prob"": 0.00051}]"
102827,57,0.99144,"[{""clase_id"": 57, ""prob"": 0.99144}, {""clase_id"": 54, ""prob"": 0.00109}, {""clase_id"": 62, ""prob"": 0.00067}, {""clase_id"": 56, ""prob"": 0.00063}, {""clase_id"": 60, ""prob"": 0.00047}]"
102828,57,0.99177,"[{""clase_id"": 57, ""prob"": 0.99177}, {""clase_id"": 56, ""prob"": 0.00139}, {""clase_id"": 31, ""prob"": 0.00058}, {""clase_id"": 60, ""prob"": 0.00051}, {""clase_id"": 39, ""prob"": 0.00049}]"
102829,54,0.74943,"[{""clase_id"": 54, ""prob"": 0.74943}, {""clase_id"": 62, ""prob"": 0.20006}, {""clase_id"": 57, ""prob"": 0.02113}, {""clase_id"": 65, ""prob"": 0.00356}, {""clase_id"": 58, ""prob"": 0.00263}]"
102830,57,0.96023,"[{""clase_id"": 57, ""prob"": 0.96023}, {""clase_id"": 56, ""prob"": 0.02769}, {""clase_id"": 31, ""prob"": 0.00135}, {""clase_id"": 15, ""prob"": 0.00083}, {""clase_id"": 60, ""prob"": 0.00077}]"
102831,57,0.99134,"[{""clase_id"": 57, ""prob"": 0.99134}, {""clase_id"": 56, ""prob"": 0.00089}, {""clase_id"": 31, ""prob"": 0.00073}, {""clase_id"": 54, ""prob"": 0.00063}, {""clase_id"": 62, ""prob"": 0.00059}]"
102832,57,0.99128,"[{""clase_id"": 57, ""prob"": 0.99128}, {""clase_id"": 54, ""prob"": 0.00152}, {""clase_id"": 62, ""prob"": 0.00069}, {""clase_id"": 31, ""prob"": 0.00054}, {""clase_id"": 56, ""prob"": 0.00052}]"
102833,57,0.98941,"[{""clase_id"": 57, ""prob"": 0.98941}, {""clase_id"": 31, ""prob"": 0.00166}, {""clase_id"": 60, ""prob"": 0.00089}, {""clase_id"": 56, ""prob"": 0.00084}, {""clase_id"": 54, ""prob"": 0.00078}]"
102834,57,0.99083,"[{""clase_id"": 57, ""prob"": 0.99083}, {""clase_id"": 56, ""prob"": 0.00153}, {""clase_id"": 15, ""prob"": 0.00094}, {""clase_id"": 31, ""prob"": 0.00076}, {""clase_id"": 54, ""prob"": 0.00048}]"
102835,57,0.755,"[{""clase_id"": 57, ""prob"": 0.755}, {""clase_id"": 62, ""prob"": 0.1395}, {""clase_id"": 54, ""prob"": 0.05273}, {""clase_id"": 58, ""prob"": 0.00718}, {""clase_id"": 60, ""prob"": 0.00565}]"
102836,57,0.99154,"[{""clase_id"": 57, ""prob"": 0.99154}, {""clase_id"": 56, ""prob"": 0.0009}, {""clase_id"": 31, ""prob"": 0.00087}, {""clase_id"": 39, ""prob"": 0.00068}, {""clase_id"": 15, ""prob"": 0.00063}]"
102837,57,0.9916,"[{""clase_id"": 57, ""prob"": 0.9916}, {""clase_id"": 54, ""prob"": 0.00085}, {""clase_id"": 31, ""prob"": 0.00071}, {""clase_id"": 62, ""prob"": 0.00067}, {""clase_id"": 60, ""prob"": 0.00061}]"
102838,57,0.99088,"[{""clase_id"": 57, ""prob"": 0.99088}, {""clase_id"": 56, ""prob"": 0.0009}, {""clase_id"": 54, ""prob"": 0.00076}, {""clase_id"": 15, ""prob"": 0.00074}, {""clase_id"": 62, ""prob"": 0.00067}]"
102839,57,0.99179,"[{""clase_id"": 57, ""prob"": 0.99179}, {""clase_id"": 54, ""prob"": 0.00108}, {""clase_id"": 56, ""prob"": 0.00067}, {""clase_id"": 62, ""prob"": 0.00059}, {""clase_id"": 31, ""prob"": 0.00051}]"
102840,0,0.99536,"[{""clase_id"": 0, ""prob"": 0.99536}, {""clase_id"": 49, ""prob"": 0.0003}, {""clase_id"": 63, ""prob"": 0.00017}, {""clase_id"": 40, ""prob"": 0.00016}, {""clase_id"": 9, ""prob"": 0.00015}]"
102841,0,0.99534,"[{""clase_id"": 0, ""prob"": 0.99534}, {""clase_id"": 49, ""prob"": 0.00032}, {""clase_id"": 9, ""prob"": 0.00017}, {""clase_id"": 40, ""prob"": 0.00017}, {""clase_id"": 63, ""prob"": 0.00016}]"
102842,0,0.99563,"[{""clase_id"": 0, ""prob"": 0.99563}, {""clase_id"": 49, ""prob"": 0.0003}, {""clase_id"": 40, ""prob"": 0.00016}, {""clase_id"": 63, ""prob"": 0.00015}, {""clase_id"": 9, ""prob"": 0.00015}]"
102843,0,0.99552,"[{""clase_id"": 0, ""prob"": 0.99552}, {""clase_id"": 49, ""prob"": 0.00032}, {""clase_id"": 40, ""prob"": 0.00017}, {""clase_id"": 9, ""prob"": 0.00016}, {""clase_id"": 63, ""prob"": 0.00015}]"
102844,0,0.99562,"[{""clase_id"": 0, ""prob"": 0.99562}, {""clase_id"": 49, ""prob"": 0.0003}, {""clase_id"": 40, ""prob"": 0.00017}, {""clase_id"": 9, ""prob"": 0.00016}, {""clase_id"": 63, ""prob"": 0.00015}]"
102845,0,0.99554,"[{""clase_id"": 0, ""prob"": 0.99554}, {""clase_id"": 49, ""prob"": 0.00026}, {""clase_id"": 40, ""prob"": 0.00017}, {""clase_id"": 66, ""prob"": 0.00016}, {""clase_id"": 9, ""prob"": 0.00016}]"
102846,0,0.99534,"[{""clase_id"": 0, ""prob"": 0.99534}, {""clase_id"": 49, ""prob"": 0.00035}, {""clase_id"": 63, ""prob"": 0.00017}, {""clase_id"": 66, ""prob"": 0.00016}, {""clase_id"": 40, ""prob"": 0.00016}]"
102847,0,0.99488,"[{""clase_id"": 0, ""prob"": 0.99488}, {""clase_id"": 40, ""prob"": 0.00021}, {""clase_id"": 13, ""prob"": 0.00021}, {""clase_id"": 63, ""prob"": 0.0002}, {""clase_id"": 61, ""prob"": 0.0002}]"
102848,0,0.98302,"[{""clase_id"": 0, ""prob"": 0.98302}, {""clase_id"": 13, ""prob"": 0.00187}, {""clase_id"": 49, ""prob"": 0.00132}, {""clase_id"": 23, ""prob"": 0.00122}, {""clase_id"": 63, ""prob"": 0.00088}]"
102849,0,0.99322,"[{""clase_id"": 0, ""prob"": 0.99322}, {""clase_id"": 13, ""prob"": 0.0008}, {""clase_id"": 11, ""prob"": 0.00034}, {""clase_id"": 40, ""prob"": 0.00031}, {""clase_id"": 9, ""prob"": 0.00031}]"
102850,0,0.99458,"[{""clase_id"": 0, ""prob"": 0.99458}, {""clase_id"": 49, ""prob"": 0.00046}, {""clase_id"": 26, ""prob"": 0.00021}, {""clase_id"": 63, ""prob"": 0.0002}, {""clase_id"": 9, ""prob"": 0.00019}]"
102851,0,0.9953,"[{""clase_id"": 0, ""prob"": 0.9953}, {""clase_id"": 49, ""prob"": 0.0003}, {""clase_id"": 63, ""prob"": 0.00017}, {""clase_id"": 66, ""prob"": 0.00017}, {""clase_id"": 40, ""prob"": 0.00017}]"
102852,14,0.77948,"[{""clase_id"": 14, ""prob"": 0.77948}, {""clase_id"": 41, ""prob"": 0.09954}, {""clase_id"": 18, ""prob"": 0.01323}, {""clase_id"": 49, ""prob"": 0.01091}, {""clase_id"": 11, ""prob"": 0.0089}]"
102853,0,0.99522,"[{""clase_id"": 0, ""prob"": 0.99522}, {""clase_id"": 13, ""prob"": 0.00027}, {""clase_id"": 40, ""prob"": 0.00021}, {""clase_id"": 49, ""prob"": 0.00021}, {""clase_id"": 63, ""prob"": 0.00018}]"
102854,0,0.99525,"[{""clase_id"": 0, ""prob"": 0.99525}, {""clase_id"": 49, ""prob"": 0.00039}, {""clase_id"": 63, ""prob"": 0.00018}, {""clase_id"": 9, ""prob"": 0.00016}, {""clase_id"": 66, ""prob"": 0.00015}]"
102855,0,0.99553,"[{""clase_id"": 0, ""prob"": 0.99553}, {""clase_id"": 49, ""prob"": 0.00032}, {""clase_id"": 40, ""prob"": 0.00018}, {""clase_id"": 14, ""prob"": 0.00015}, {""clase_id"": 9, ""prob"": 0.00015}]"
102856,0,0.99544,"[{""clase_id"": 0, ""prob"": 0.99544}, {""clase_id"": 49, ""prob"": 0.00026}, {""clase_id"": 40, ""prob"": 0.00017}, {""clase_id"": 63, ""prob"": 0.00017}, {""clase_id"": 9, ""prob"": 0.00015}]"
102857,0,0.99536,"[{""clase_id"": 0, ""prob"": 0.99536}, {""clase_id"": 49, ""prob"": 0.00029}, {""clase_id"": 40, ""prob"": 0.00017}, {""clase_id"": 63, ""prob"": 0.00016}, {""clase_id"": 61, ""prob"": 0.00015}]"
102858,0,0.97649,"[{""clase_id"": 0, ""prob"": 0.97649}, {""clase_id"": 49, ""prob"": 0.00427}, {""clase_id"": 61, ""prob"": 0.00125}, {""clase_id"": 63, ""prob"": 0.00085}, {""clase_id"": 66, ""prob"": 0.00078}]"
102859,0,0.99502,"[{""clase_id"": 0, ""prob"": 0.99502}, {""clase_id"": 49, ""prob"": 0.00027}, {""clase_id"": 13, ""prob"": 0.00022}, {""clase_id"": 40, ""prob"": 0.00021}, {""clase_id"": 63, ""prob"": 0.0002}]"
102860,0,0.99536,"[{""clase_id"": 0, ""prob"": 0.99536}, {""clase_id"": 49, ""prob"": 0.00025}, {""clase_id"": 63, ""prob"": 0.0002}, {""clase_id"": 9, ""prob"": 0.00019}, {""clase_id"": 40, ""prob"": 0.00018}]"
102861,0,0.99408,"[{""clase_id"": 0, ""prob"": 0.99408}, {""clase_id"": 49, ""prob"": 0.00047}, {""clase_id"": 63, ""prob"": 0.00023}, {""clase_id"": 61, ""prob"": 0.0002}, {""clase_id"": 14, ""prob"": 0.00018}]"
102862,0,0.99524,"[{""clase_id"": 0, ""prob"": 0.99524}, {""clase_id"": 49, ""prob"": 0.00033}, {""clase_id"": 40, ""prob"": 0.00017}, {""clase_id"": 9, ""prob"": 0.00016}, {""clase_id"": 63, ""prob"": 0.00015}]"
102863,0,0.9832,"[{""clase_id"": 0, ""prob"": 0.9832}, {""clase_id"": 49, ""prob"": 0.00214}, {""clase_id"": 14, ""prob"": 0.00139}, {""clase_id"": 13, ""prob"": 0.00125}, {""clase_id"": 40, ""prob"": 0.00058}]"
102864,0,0.99368,"[{""clase_id"": 0, ""prob"": 0.99368}, {""clase_id"": 49, ""prob"": 0.00084}, {""clase_id"": 40, ""prob"": 0.00021}, {""clase_id"": 14, ""prob"": 0.0002}, {""clase_id"": 63, ""prob"": 0.0002}]"
102865,0,0.99433,"[{""clase_id"": 0, ""prob"": 0.99433}, {""clase_id"": 49, ""prob"": 0.00029}, {""clase_id"": 40, ""prob"": 0.00021}, {""clase_id"": 9, ""prob"": 0.00021}, {""clase_id"": 66, ""prob"": 0.0002}]"
102866,0,0.99483,"[{""clase_id"": 0, ""prob"": 0.99483}, {""clase_id"": 49, ""prob"": 0.00034}, {""clase_id"": 63, ""prob"": 0.00022}, {""clase_id"": 40, ""prob"": 0.00018}, {""clase_id"": 9, ""prob"": 0.00016}]"
102867,0,0.99564,"[{""clase_id"": 0, ""prob"": 0.99564}, {""clase_id"": 49, ""prob"": 0.00031}, {""clase_id"": 40, ""prob"": 0.00017}, {""clase_id"": 63, ""prob"": 0.00015}, {""clase_id"": 9, ""prob"": 0.00015}]"
102868,0,0.99558,"[{""clase_id"": 0, ""prob"": 0.99558}, {""clase_id"": 49, ""prob"": 0.0003}, {""clase_id"": 40, ""prob"": 0.00017}, {""clase_id"": 9, ""prob"": 0.00016}, {""clase_id"": 63, ""prob"": 0.00015}]"
102869,0,0.9956,"[{""clase_id"": 0, ""prob"": 0.9956}, {""clase_id"": 49, ""prob"": 0.00032}, {""clase_id"": 40, ""prob"": 0.00018}, {""clase_id"": 61, ""prob"": 0.00015}, {""clase_id"": 66, ""prob"": 0.00015}]"
102870,0,0.99514,"[{""clase_id"": 0, ""prob"": 0.99514}, {""clase_id"": 49, ""prob"": 0.00038}, {""clase_id"": 9, ""prob"": 0.00017}, {""clase_id"": 63, ""prob"": 0.00017}, {""clase_id"": 14, ""prob"": 0.00015}]"
102871,0,0.99536,"[{""clase_id"": 0, ""prob"": 0.99536}, {""clase_id"": 49, ""prob"": 0.00033}, {""clase_id"": 40, ""prob"": 0.00017}, {""clase_id"": 63, ""prob"": 0.00015}, {""clase_id"": 9, ""prob"": 0.00015}]"
102872,0,0.99074,"[{""clase_id"": 0, ""prob"": 0.99074}, {""clase_id"": 49, ""prob"": 0.0006}, {""clase_id"": 13, ""prob"": 0.00053}, {""clase_id"": 40, ""prob"": 0.0005}, {""clase_id"": 9, ""prob"": 0.00049}]"
102873,0,0.99454,"[{""clase_id"": 0, ""prob"": 0.99454}, {""clase_id"": 13, ""prob"": 0.00033}, {""clase_id"": 40, ""prob"": 0.00026}, {""clase_id"": 49, ""prob"": 0.00024}, {""clase_id"": 63, ""prob"": 0.00021}]"
102874,0,0.99542,"[{""clase_id"": 0, ""prob"": 0.99542}, {""clase_id"": 49, ""prob"": 0.0003}, {""clase_id"": 40, ""prob"": 0.00021}, {""clase_id"": 9, ""prob"": 0.00016}, {""clase_id"": 63, ""prob"": 0.00016}]"
102875,0,0.99543,"[{""clase_id"": 0, ""prob"": 0.99543}, {""clase_id"": 49, ""prob"": 0.00033}, {""clase_id"": 9, ""prob"": 0.00016}, {""clase_id"": 40, ""prob"": 0.00016}, {""clase_id"": 63, ""prob"": 0.00016}]"
102876,0,0.99507,"[{""clase_id"": 0, ""prob"": 0.99507}, {""clase_id"": 13, ""prob"": 0.00026}, {""clase_id"": 49, ""prob"": 0.00023}, {""clase_id"": 9, ""prob"": 0.00023}, {""clase_id"": 40, ""prob"": 0.00021}]"
102877,0,0.99524,"[{""clase_id"": 0, ""prob"": 0.99524}, {""clase_id"": 13, ""prob"": 0.00025}, {""clase_id"": 49, ""prob"": 0.00025}, {""clase_id"": 40, ""prob"": 0.0002}, {""clase_id"": 63, ""prob"": 0.00018}]"
102878,0,0.99531,"[{""clase_id"": 0, ""prob"": 0.99531}, {""clase_id"": 49, ""prob"": 0.00023}, {""clase_id"": 13, ""prob"": 0.00021}, {""clase_id"": 40, ""prob"": 0.0002}, {""clase_id"": 63, ""prob"": 0.00018}]"
102879,0,0.99551,"[{""clase_id"": 0, ""prob"": 0.99551}, {""clase_id"": 49, ""prob"": 0.00032}, {""clase_id"": 63, ""prob"": 0.00015}, {""clase_id"": 40, ""prob"": 0.00015}, {""clase_id"": 9, ""prob"": 0.00015}]"
102880,19,0.99463,"[{""clase_id"": 19, ""prob"": 0.99463}, {""clase_id"": 20, ""prob"": 0.00064}, {""clase_id"": 15, ""prob"": 0.00063}, {""clase_id"": 3, ""prob"": 0.00041}, {""clase_id"": 76, ""prob"": 0.00028}]"
102881,19,0.9951,"[{""clase_id"": 19, ""prob"": 0.9951}, {""clase_id"": 15, ""prob"": 0.00066}, {""clase_id"": 76, ""prob"": 0.00055}, {""clase_id"": 20, ""prob"": 0.0004}, {""clase_id"": 28, ""prob"": 0.00019}]"
102882,19,0.99467,"[{""clase_id"": 19, ""prob"": 0.99467}, {""clase_id"": 15, ""prob"": 0.00096}, {""clase_id"": 76, ""prob"": 0.00042}, {""clase_id"": 28, ""prob"": 0.00029}, {""clase_id"": 20, ""prob"": 0.00028}]"
102883,19,0.99351,"[{""clase_id"": 19, ""prob"": 0.99351}, {""clase_id"": 3, ""prob"": 0.00065}, {""clase_id"": 20, ""prob"": 0.00063}, {""clase_id"": 15, ""prob"": 0.00054}, {""clase_id"": 28, ""prob"": 0.00034}]"
102884,19,0.99392,"[{""clase_id"": 19, ""prob"": 0.99392}, {""clase_id"": 15, ""prob"": 0.00113}, {""clase_id"": 76, ""prob"": 0.00059}, {""clase_id"": 20, ""prob"": 0.00048}, {""clase_id"": 64, ""prob"": 0.00027}]"
102885,19,0.9944,"[{""clase_id"": 19, ""prob"": 0.9944}, {""clase_id"": 15, ""prob"": 0.00126}, {""clase_id"": 76, ""prob"": 0.00047}, {""clase_id"": 20, ""prob"": 0.00047}, {""clase_id"": 64, ""prob"": 0.00031}]"
102886,19,0.99352,"[{""clase_id"": 19, ""prob"": 0.99352}, {""clase_id"": 76, ""prob"": 0.00151}, {""clase_id"": 15, ""prob"": 0.00089}, {""clase_id"": 20, ""prob"": 0.00036}, {""clase_id"": 28, ""prob"": 0.00023}]"
102887,19,0.99388,"[{""clase_id"": 19, ""prob"": 0.99388}, {""clase_id"": 15, ""prob"": 0.00184}, {""clase_id"": 76, ""prob"": 0.00038}, {""clase_id"": 20, ""prob"": 0.00031}, {""clase_id"": 64, ""prob"": 0.00025}]"
102888,19,0.99501,"[{""clase_id"": 19, ""prob"": 0.99501}, {""clase_id"": 76, ""prob"": 0.00065}, {""clase_id"": 15, ""prob"": 0.00062}, {""clase_id"": 20, ""prob"": 0.00049}, {""clase_id"": 64, ""prob"": 0.00021}]"
102889,19,0.99467,"[{""clase_id"": 19, ""prob"": 0.99467}, {""clase_id"": 15, ""prob"": 0.00115}, {""clase_id"": 76, ""prob"": 0.00032}, {""clase_id"": 20, ""prob"": 0.0003}, {""clase_id"": 64, ""prob"": 0.00025}]"
102890,15,0.97711,"[{""clase_id"": 15, ""prob"": 0.97711}, {""clase_id"": 19, ""prob"": 0.01198}, {""clase_id"": 64, ""prob"": 0.00356}, {""clase_id"": 34, ""prob"": 0.00106}, {""clase_id"": 57, ""prob"": 0.00067}]"
102891,19,0.99136,"[{""clase_id"": 19, ""prob"": 0.99136}, {""clase_id"": 15, ""prob"": 0.002}, {""clase_id"": 64, ""prob"": 0.00072}, {""clase_id"": 76, ""prob"": 0.0007}, {""clase_id"": 20, ""prob"": 0.00062}]"
102892,19,0.99314,"[{""clase_id"": 19, ""prob"": 0.99314}, {""clase_id"": 15, ""prob"": 0.00154}, {""clase_id"": 76, ""prob"": 0.00054}, {""clase_id"": 20, ""prob"": 0.00048}, {""clase_id"": 64, ""prob"": 0.00033}]"
102893,19,0.98663,"[{""clase_id"": 19, ""prob"": 0.98663}, {""clase_id"": 20, ""prob"": 0.00345}, {""clase_id"": 15, ""prob"": 0.00181}, {""clase_id"": 28, ""prob"": 0.00124}, {""clase_id"": 76, ""prob"": 0.0009}]"
102894,19,0.99408,"[{""clase_id"": 19, ""prob"": 0.99408}, {""clase_id"": 15, ""prob"": 0.00099}, {""clase_id"": 76, ""prob"": 0.00084}, {""clase_id"": 20, ""prob"": 0.00041}, {""clase_id"": 64, ""prob"": 0.0003}]"
102895,19,0.99499,"[{""clase_id"": 19, ""prob"": 0.99499}, {""clase_id"": 76, ""prob"": 0.0007}, {""clase_id"": 15, ""prob"": 0.00054}, {""clase_id"": 20, ""prob"": 0.00032}, {""clase_id"": 3, ""prob"": 0.00022}]"
102896,19,0.99495,"[{""clase_id"": 19, ""prob"": 0.99495}, {""clase_id"": 15, ""prob"": 0.00092}, {""clase_id"": 20, ""prob"": 0.00061}, {""clase_id"": 76, ""prob"": 0.00032}, {""clase_id"": 28, ""prob"": 0.00022}]"
102897,19,0.99386,"[{""clase_id"": 19, ""prob"": 0.99386}, {""clase_id"": 15, ""prob"": 0.00165}, {""clase_id"": 64, ""prob"": 0.0004}, {""clase_id"": 20, ""prob"": 0.00036}, {""clase_id"": 76, ""prob"": 0.00032}]"
102898,19,0.99427,"[{""clase_id"": 19, ""prob"": 0.99427}, {""clase_id"": 3, ""prob"": 0.00061}, {""clase_id"": 15, ""prob"": 0.0006}, {""clase_id"": 20, ""prob"": 0.00034}, {""clase_id"": 76, ""prob"": 0.00027}]"
102899,19,0.99439,"[{""clase_id"": 19, ""prob"": 0.99439}, {""clase_id"": 15, ""prob"": 0.00109}, {""clase_id"": 76, ""prob"": 0.00044}, {""clase_id"": 20, ""prob"": 0.00032}, {""clase_id"": 28, ""prob"": 0.00025}]"
102900,19,0.9949,"[{""clase_id"": 19, ""prob"": 0.9949}, {""clase_id"": 76, ""prob"": 0.00059}, {""clase_id"": 15, ""prob"": 0.00049}, {""clase_id"": 20, ""prob"": 0.00032}, {""clase_id"": 28, ""prob"": 0.00027}]"
102901,19,0.99314,"[{""clase_id"": 19, ""prob"": 0.99314}, {""clase_id"": 20, ""prob"": 0.0011}, {""clase_id"": 15, ""prob"": 0.00099}, {""clase_id"": 28, ""prob"": 0.00033}, {""clase_id"": 34, ""prob"": 0.00028}]"
102902,19,0.98018,"[{""clase_id"": 19, ""prob"": 0.98018}, {""clase_id"": 76, ""prob"": 0.01025}, {""clase_id"": 46, ""prob"": 0.00125}, {""clase_id"": 20, ""prob"": 0.00096}, {""clase_id"": 75, ""prob"": 0.00069}]"
102903,19,0.9939,"[{""clase_id"": 19, ""prob"": 0.9939}, {""clase_id"": 15, ""prob"": 0.00146}, {""clase_id"": 20, ""prob"": 0.00055}, {""clase_id"": 64, ""prob"": 0.00027}, {""clase_id"": 76, ""prob"": 0.00025}]"
102904,19,0.9936,"[{""clase_id"": 19, ""prob"": 0.9936}, {""clase_id"": 15, ""prob"": 0.00107}, {""clase_id"": 20, ""prob"": 0.00048}, {""clase_id"": 76, ""prob"": 0.00047}, {""clase_id"": 64, ""prob"": 0.00034}]"
102905,19,0.9169,"[{""clase_id"": 19, ""prob"": 0.9169}, {""clase_id"": 15, ""prob"": 0.04492}, {""clase_id"": 64, ""prob"": 0.01767}, {""clase_id"": 28, ""prob"": 0.00123}, {""clase_id"": 76, ""prob"": 0.00109}]"
102906,19,0.99416,"[{""clase_id"": 19, ""prob"": 0.99416}, {""clase_id"": 76, ""prob"": 0.00103}, {""clase_id"": 15, ""prob"": 0.00056}, {""clase_id"": 20, ""prob"": 0.00049}, {""clase_id"": 28, ""prob"": 0.00026}]"
102907,19,0.99487,"[{""clase_id"": 19, ""prob"": 0.99487}, {""clase_id"": 76, ""prob"": 0.00068}, {""clase_id"": 20, ""prob"": 0.00065}, {""clase_id"": 15, ""prob"": 0.00051}, {""clase_id"": 64, ""prob"": 0.00024}]"
102908,19,0.78829,"[{""clase_id"": 19, ""prob"": 0.78829}, {""clase_id"": 3, ""prob"": 0.07399}, {""clase_id"": 60, ""prob"": 0.01501}, {""clase_id"": 76, ""prob"": 0.0113}, {""clase_id"": 57, ""prob"": 0.00868}]"
102909,19,0.9879,"[{""clase_id"": 19, ""prob"": 0.9879}, {""clase_id"": 15, ""prob"": 0.00585}, {""clase_id"": 64, ""prob"": 0.00075}, {""clase_id"": 20, ""prob"": 0.00049}, {""clase_id"": 76, ""prob"": 0.00027}]"
102910,19,0.99533,"[{""clase_id"": 19, ""prob"": 0.99533}, {""clase_id"": 20, ""prob"": 0.0007}, {""clase_id"": 76, ""prob"": 0.00045}, {""clase_id"": 15, ""prob"": 0.00041}, {""clase_id"": 3, ""prob"": 0.00023}]"
102911,19,0.99021,"[{""clase_id"": 19, ""prob"": 0.99021}, {""clase_id"": 76, ""prob"": 0.0022}, {""clase_id"": 15, ""prob"": 0.00139}, {""clase_id"": 46, ""prob"": 0.0005}, {""clase_id"": 20, ""prob"": 0.00036}]"
102912,19,0.99439,"[{""clase_id"": 19, ""prob"": 0.99439}, {""clase_id"": 15, ""prob"": 0.00104}, {""clase_id"": 20, ""prob"": 0.00055}, {""clase_id"": 76, ""prob"": 0.00036}, {""clase_id"": 64, ""prob"": 0.0003}]"
102913,19,0.99509,"[{""clase_id"": 19, ""prob"": 0.99509}, {""clase_id"": 15, ""prob"": 0.00076}, {""clase_id"": 20, ""prob"": 0.00067}, {""clase_id"": 28, ""prob"": 0.00027}, {""clase_id"": 76, ""prob"": 0.00025}]"
102914,19,0.99343,"[{""clase_id"": 19, ""prob"": 0.99343}, {""clase_id"": 15, ""prob"": 0.00167}, {""clase_id"": 20, ""prob"": 0.00046}, {""clase_id"": 76, ""prob"": 0.00038}, {""clase_id"": 64, ""prob"": 0.00036}]"
102915,19,0.92385,"[{""clase_id"": 19, ""prob"": 0.92385}, {""clase_id"": 76, ""prob"": 0.05358}, {""clase_id"": 75, ""prob"": 0.00399}, {""clase_id"": 46, ""prob"": 0.00352}, {""clase_id"": 20, ""prob"": 0.00299}]"
102916,76,0.95141,"[{""clase_id"": 76, ""prob"": 0.95141}, {""clase_id"": 19, ""prob"": 0.02356}, {""clase_id"": 75, ""prob"": 0.00846}, {""clase_id"": 17, ""prob"": 0.00285}, {""clase_id"": 26, ""prob"": 0.00239}]"
102917,76,0.9535,"[{""clase_id"": 76, ""prob"": 0.9535}, {""clase_id"": 19, ""prob"": 0.0271}, {""clase_id"": 75, ""prob"": 0.00359}, {""clase_id"": 17, ""prob"": 0.00275}, {""clase_id"": 26, ""prob"": 0.00164}]"
102918,19,0.99421,"[{""clase_id"": 19, ""prob"": 0.99421}, {""clase_id"": 15, ""prob"": 0.00107}, {""clase_id"": 20, ""prob"": 0.00061}, {""clase_id"": 76, ""prob"": 0.00034}, {""clase_id"": 28, ""prob"": 0.00027}]"
102919,19,0.9947,"[{""clase_id"": 19, ""prob"": 0.9947}, {""clase_id"": 15, ""prob"": 0.00106}, {""clase_id"": 20, ""prob"": 0.00036}, {""clase_id"": 3, ""prob"": 0.00031}, {""clase_id"": 28, ""prob"": 0.00022}]"
102920,9,0.98961,"[{""clase_id"": 9, ""prob"": 0.98961}, {""clase_id"": 67, ""prob"": 0.00068}, {""clase_id"": 24, ""prob"": 0.00049}, {""clase_id"": 55, ""prob"": 0.00042}, {""clase_id"": 17, ""prob"": 0.00032}]"
102921,9,0.99079,"[{""clase_id"": 9, ""prob"": 0.99079}, {""clase_id"": 67, ""prob"": 0.00092}, {""clase_id"": 55, ""prob"": 0.00028}, {""clase_id"": 45, ""prob"": 0.00027}, {""clase_id"": 37, ""prob"": 0.00025}]"
102922,9,0.99416,"[{""clase_id"": 9, ""prob"": 0.99416}, {""clase_id"": 67, ""prob"": 0.00047}, {""clase_id"": 55, ""prob"": 0.00031}, {""clase_id"": 45, ""prob"": 0.00022}, {""clase_id"": 39, ""prob"": 0.00017}]"
102923,9,0.99455,"[{""clase_id"": 9, ""prob"": 0.99455}, {""clase_id"": 67, ""prob"": 0.00033}, {""clase_id"": 45, ""prob"": 0.0002}, {""clase_id"": 55, ""prob"": 0.00019}, {""clase_id"": 39, ""prob"": 0.00018}]"
102924,9,0.99449,"[{""clase_id"": 9, ""prob"": 0.99449}, {""clase_id"": 55, ""prob"": 0.00022}, {""clase_id"": 73, ""prob"": 0.00021}, {""clase_id"": 67, ""prob"": 0.00019}, {""clase_id"": 45, ""prob"": 0.00018}]"
102925,9,0.99458,"[{""clase_id"": 9, ""prob"": 0.99458}, {""clase_id"": 55, ""prob"": 0.00026}, {""clase_id"": 39, ""prob"": 0.00024}, {""clase_id"": 45, ""prob"": 0.00021}, {""clase_id"": 67, ""prob"": 0.00019}]"
102926,9,0.99448,"[{""clase_id"": 9, ""prob"": 0.99448}, {""clase_id"": 67, ""prob"": 0.00024}, {""clase_id"": 55, ""prob"": 0.00023}, {""clase_id"": 45, ""prob"": 0.00018}, {""clase_id"": 39, ""prob"": 0.00016}]"
102927,9,0.94289,"[{""clase_id"": 9, ""prob"": 0.94289}, {""clase_id"": 12, ""prob"": 0.00856}, {""clase_id"": 11, ""prob"": 0.00395}, {""clase_id"": 43, ""prob"": 0.00382}, {""clase_id"": 39, ""prob"": 0.00333}]"
102928,9,0.99459,"[{""clase_id"": 9, ""prob"": 0.99459}, {""clase_id"": 67, ""prob"": 0.0003}, {""clase_id"": 55, ""prob"": 0.00029}, {""clase_id"": 45, ""prob"": 0.00023}, {""clase_id"": 39, ""prob"": 0.00016}]"
102929,9,0.9948,"[{""clase_id"": 9, ""prob"": 0.9948}, {""clase_id"": 39, ""prob"": 0.00023}, {""clase_id"": 67, ""prob"": 0.00022}, {""clase_id"": 55, ""prob"": 0.00017}, {""clase_id"": 45, ""prob"": 0.00016}]"
102930,9,0.99446,"[{""clase_id"": 9, ""prob"": 0.99446}, {""clase_id"": 55, ""prob"": 0.00022}, {""clase_id"": 67, ""prob"": 0.00021}, {""clase_id"": 39, ""prob"": 0.0002}, {""clase_id"": 45, ""prob"": 0.00018}]"
102931,9,0.99453,"[{""clase_id"": 9, ""prob"": 0.99453}, {""clase_id"": 55, ""prob"": 0.00026}, {""clase_id"": 39, ""prob"": 0.0002}, {""clase_id"": 67, ""prob"": 0.0002}, {""clase_id"": 41, ""prob"": 0.00018}]"
102932,9,0.99497,"[{""clase_id"": 9, ""prob"": 0.99497}, {""clase_id"": 67, ""prob"": 0.00025}, {""clase_id"": 45, ""prob"": 0.0002}, {""clase_id"": 39, ""prob"": 0.00019}, {""clase_id"": 55, ""prob"": 0.00017}]"
102933,9,0.99484,"[{""clase_id"": 9, ""prob"": 0.99484}, {""clase_id"": 55, ""prob"": 0.00024}, {""clase_id"": 67, ""prob"": 0.00021}, {""clase_id"": 45, ""prob"": 0.00018}, {""clase_id"": 39, ""prob"": 0.00016}]"
102934,9,0.99488,"[{""clase_id"": 9, ""prob"": 0.99488}, {""clase_id"": 67, ""prob"": 0.00025}, {""clase_id"": 55, ""prob"": 0.0002}, {""clase_id"": 39, ""prob"": 0.00018}, {""clase_id"": 45, ""prob"": 0.00015}]"
102935,9,0.9944,"[{""clase_id"": 9, ""prob"": 0.9944}, {""clase_id"": 67, ""prob"": 0.00025}, {""clase_id"": 39, ""prob"": 0.00025}, {""clase_id"": 45, ""prob"": 0.00024}, {""clase_id"": 55, ""prob"": 0.00018}]"
102936,9,0.99475,"[{""clase_id"": 9, ""prob"": 0.99475}, {""clase_id"": 67, ""prob"": 0.00032}, {""clase_id"": 45, ""prob"": 0.0002}, {""clase_id"": 55, ""prob"": 0.0002}, {""clase_id"": 39, ""prob"": 0.00019}]"
102937,9,0.99433,"[{""clase_id"": 9, ""prob"": 0.99433}, {""clase_id"": 67, ""prob"": 0.00024}, {""clase_id"": 55, ""prob"": 0.00024}, {""clase_id"": 39, ""prob"": 0.00018}, {""clase_id"": 30, ""prob"": 0.00017}]"
102938,9,0.99469,"[{""clase_id"": 9, ""prob"": 0.99469}, {""clase_id"": 67, ""prob"": 0.00025}, {""clase_id"": 45, ""prob"": 0.00018}, {""clase_id"": 55, ""prob"": 0.00018}, {""clase_id"": 39, ""prob"": 0.00017}]"
102939,9,0.97288,"[{""clase_id"": 9, ""prob"": 0.97288}, {""clase_id"": 11, ""prob"": 0.00442}, {""clase_id"": 12, ""prob"": 0.00264}, {""clase_id"": 39, ""prob"": 0.00135}, {""clase_id"": 30, ""prob"": 0.00133}]"
102940,9,0.88204,"[{""clase_id"": 9, ""prob"": 0.88204}, {""clase_id"": 39, ""prob"": 0.03242}, {""clase_id"": 43, ""prob"": 0.0164}, {""clase_id"": 11, ""prob"": 0.00806}, {""clase_id"": 23, ""prob"": 0.0071}]"
102941,9,0.99503,"[{""clase_id"": 9, ""prob"": 0.99503}, {""clase_id"": 67, ""prob"": 0.00026}, {""clase_id"": 39, ""prob"": 0.0002}, {""clase_id"": 45, ""prob"": 0.00019}, {""clase_id"": 55, ""prob"": 0.00015}]"
102942,9,0.9951,"[{""clase_id"": 9, ""prob"": 0.9951}, {""clase_id"": 39, ""prob"": 0.00023}, {""clase_id"": 67, ""prob"": 0.0002}, {""clase_id"": 55, ""prob"": 0.00017}, {""clase_id"": 45, ""prob"": 0.00016}]"
102943,9,0.99496,"[{""clase_id"": 9, ""prob"": 0.99496}, {""clase_id"": 39, ""prob"": 0.0002}, {""clase_id"": 45, ""prob"": 0.00019}, {""clase_id"": 67, ""prob"": 0.00019}, {""clase_id"": 55, ""prob"": 0.00017}]"
102944,9,0.99453,"[{""clase_id"": 9, ""prob"": 0.99453}, {""clase_id"": 39, ""prob"": 0.00022}, {""clase_id"": 67, ""prob"": 0.00021}, {""clase_id"": 55, ""prob"": 0.0002}, {""clase_id"": 45, ""prob"": 0.00017}]"
102945,9,0.99358,"[{""clase_id"": 9, ""prob"": 0.99358}, {""clase_id"": 67, ""prob"": 0.00046}, {""clase_id"": 55, ""prob"": 0.00028}, {""clase_id"": 45, ""prob"": 0.00019}, {""clase_id"": 41, ""prob"": 0.00017}]"
102946,9,0.99439,"[{""clase_id"": 9, ""prob"": 0.99439}, {""clase_id"": 55, ""prob"": 0.00026}, {""clase_id"": 39, ""prob"": 0.00021}, {""clase_id"": 67, ""prob"": 0.0002}, {""clase_id"": 30, ""prob"": 0.00018}]"
102947,9,0.99489,"[{""clase_id"": 9, ""prob"": 0.99489}, {""clase_id"": 39, ""prob"": 0.0002}, {""clase_id"": 67, ""prob"": 0.00019}, {""clase_id"": 55, ""prob"": 0.00019}, {""clase_id"": 45, ""prob"": 0.00015}]"
102948,9,0.99173,"[{""clase_id"": 9, ""prob"": 0.99173}, {""clase_id"": 67, ""prob"": 0.00093}, {""clase_id"": 32, ""prob"": 0.00032}, {""clase_id"": 24, ""prob"": 0.00031}, {""clase_id"": 39, ""prob"": 0.00029}]"
102949,9,0.99482,"[{""clase_id"": 9, ""prob"": 0.99482}, {""clase_id"": 67, ""prob"": 0.00023}, {""clase_id"": 55, ""prob"": 0.0002}, {""clase_id"": 45, ""prob"": 0.00018}, {""clase_id"": 39, ""prob"": 0.00018}]"
102950,9,0.99417,"[{""clase_id"": 9, ""prob"": 0.99417}, {""clase_id"": 55, ""prob"": 0.00032}, {""clase_id"": 67, ""prob"": 0.00022}, {""clase_id"": 39, ""prob"": 0.0002}, {""clase_id"": 73, ""prob"": 0.00019}]"
102951,9,0.99498,"[{""clase_id"": 9, ""prob"": 0.99498}, {""clase_id"": 39, ""prob"": 0.00021}, {""clase_id"": 67, ""prob"": 0.00019}, {""clase_id"": 55, ""prob"": 0.00018}, {""clase_id"": 45, ""prob"": 0.00017}]"
102952,9,0.99498,"[{""clase_id"": 9, ""prob"": 0.99498}, {""clase_id"": 39, ""prob"": 0.00024}, {""clase_id"": 67, ""prob"": 0.00019}, {""clase_id"": 55, ""prob"": 0.00017}, {""clase_id"": 45, ""prob"": 0.00017}]"
102953,9,0.99485,"[{""clase_id"": 9, ""prob"": 0.99485}, {""clase_id"": 55, ""prob"": 0.00022}, {""clase_id"": 67, ""prob"": 0.0002}, {""clase_id"": 39, ""prob"": 0.00019}, {""clase_id"": 45, ""prob"": 0.00017}]"
102954,9,0.99422,"[{""clase_id"": 9, ""prob"": 0.99422}, {""clase_id"": 55, ""prob"": 0.00031}, {""clase_id"": 67, ""prob"": 0.00025}, {""clase_id"": 41, ""prob"": 0.00018}, {""clase_id"": 39, ""prob"": 0.00016}]"
102955,9,0.99355,"[{""clase_id"": 9, ""prob"": 0.99355}, {""clase_id"": 39, ""prob"": 0.00033}, {""clase_id"": 55, ""prob"": 0.00027}, {""clase_id"": 73, ""prob"": 0.00022}, {""clase_id"": 67, ""prob"": 0.00021}]"
102956,9,0.98376,"[{""clase_id"": 9, ""prob"": 0.98376}, {""clase_id"": 39, ""prob"": 0.00146}, {""clase_id"": 24, ""prob"": 0.00145}, {""clase_id"": 54, ""prob"": 0.00139}, {""clase_id"": 73, ""prob"": 0.00075}]"
102957,9,0.99454,"[{""clase_id"": 9, ""prob"": 0.99454}, {""clase_id"": 67, ""prob"": 0.00023}, {""clase_id"": 55, ""prob"": 0.00021}, {""clase_id"": 39, ""prob"": 0.00019}, {""clase_id"": 45, ""prob"": 0.00017}]"
102958,9,0.99444,"[{""clase_id"": 9, ""prob"": 0.99444}, {""clase_id"": 55, ""prob"": 0.00023}, {""clase_id"": 67, ""prob"": 0.00021}, {""clase_id"": 39, ""prob"": 0.00017}, {""clase_id"": 45, ""prob"": 0.00017}]"
102959,9,0.9899,"[{""clase_id"": 9, ""prob"": 0.9899}, {""clase_id"": 39, ""prob"": 0.00077}, {""clase_id"": 13, ""prob"": 0.0007}, {""clase_id"": 23, ""prob"": 0.00044}, {""clase_id"": 55, ""prob"": 0.00038}]"
102960,2,0.99203,"[{""clase_id"": 2, ""prob"": 0.99203}, {""clase_id"": 4, ""prob"": 0.00105}, {""clase_id"": 42, ""prob"": 0.00039}, {""clase_id"": 62, ""prob"": 0.00029}, {""clase_id"": 29, ""prob"": 0.00029}]"
102961,2,0.99439,"[{""clase_id"": 2, ""prob"": 0.99439}, {""clase_id"": 50, ""prob"": 0.0004}, {""clase_id"": 4, ""prob"": 0.00035}, {""clase_id"": 32, ""prob"": 0.00021}, {""clase_id"": 61, ""prob"": 0.00019}]"
102962,2,0.99414,"[{""clase_id"": 2, ""prob"": 0.99414}, {""clase_id"": 50, ""prob"": 0.00035}, {""clase_id"": 4, ""prob"": 0.0003}, {""clase_id"": 61, ""prob"": 0.0003}, {""clase_id"": 42, ""prob"": 0.00024}]"
102963,2,0.99435,"[{""clase_id"": 2, ""prob"": 0.99435}, {""clase_id"": 4, ""prob"": 0.00044}, {""clase_id"": 50, ""prob"": 0.00037}, {""clase_id"": 32, ""prob"": 0.00021}, {""clase_id"": 61, ""prob"": 0.0002}]"
102964,2,0.99293,"[{""clase_id"": 2, ""prob"": 0.99293}, {""clase_id"": 42, ""prob"": 0.00053}, {""clase_id"": 32, ""prob"": 0.0003}, {""clase_id"": 50, ""prob"": 0.00029}, {""clase_id"": 4, ""prob"": 0.00028}]"
102965,2,0.99305,"[{""clase_id"": 2, ""prob"": 0.99305}, {""clase_id"": 4, ""prob"": 0.00074}, {""clase_id"": 50, ""prob"": 0.00069}, {""clase_id"": 61, ""prob"": 0.00026}, {""clase_id"": 42, ""prob"": 0.00023}]"
102966,2,0.99424,"[{""clase_id"": 2, ""prob"": 0.99424}, {""clase_id"": 61, ""prob"": 0.00036}, {""clase_id"": 50, ""prob"": 0.00032}, {""clase_id"": 4, ""prob"": 0.00026}, {""clase_id"": 42, ""prob"": 0.00026}]"
102967,2,0.99421,"[{""clase_id"": 2, ""prob"": 0.99421}, {""clase_id"": 50, ""prob"": 0.00047}, {""clase_id"": 4, ""prob"": 0.00035}, {""clase_id"": 42, ""prob"": 0.00025}, {""clase_id"": 61, ""prob"": 0.00024}]"
102968,2,0.99365,"[{""clase_id"": 2, ""prob"": 0.99365}, {""clase_id"": 50, ""prob"": 0.00044}, {""clase_id"": 42, ""prob"": 0.00033}, {""clase_id"": 15, ""prob"": 0.00023}, {""clase_id"": 61, ""prob"": 0.00022}]"
102969,2,0.99378,"[{""clase_id"": 2, ""prob"": 0.99378}, {""clase_id"": 50, ""prob"": 0.00057}, {""clase_id"": 4, ""prob"": 0.00047}, {""clase_id"": 32, ""prob"": 0.00023}, {""clase_id"": 61, ""prob"": 0.00022}]"
102970,2,0.99429,"[{""clase_id"": 2, ""prob"": 0.99429}, {""clase_id"": 50, ""prob"": 0.00053}, {""clase_id"": 4, ""prob"": 0.00031}, {""clase_id"": 32, ""prob"": 0.00022}, {""clase_id"": 61, ""prob"": 0.00022}]"
102971,2,0.99174,"[{""clase_id"": 2, ""prob"": 0.99174}, {""clase_id"": 42, ""prob"": 0.00078}, {""clase_id"": 4, ""prob"": 0.00042}, {""clase_id"": 50, ""prob"": 0.00035}, {""clase_id"": 29, ""prob"": 0.00035}]"
102972,2,0.98948,"[{""clase_id"": 2, ""prob"": 0.98948}, {""clase_id"": 42, ""prob"": 0.00058}, {""clase_id"": 23, ""prob"": 0.00057}, {""clase_id"": 72, ""prob"": 0.00047}, {""clase_id"": 15, ""prob"": 0.00045}]"
102973,2,0.99399,"[{""clase_id"": 2, ""prob"": 0.99399}, {""clase_id"": 50, ""prob"": 0.00036}, {""clase_id"": 4, ""prob"": 0.00031}, {""clase_id"": 42, ""prob"": 0.0003}, {""clase_id"": 61, ""prob"": 0.00026}]"
102974,2,0.99346,"[{""clase_id"": 2, ""prob"": 0.99346}, {""clase_id"": 42, ""prob"": 0.00032}, {""clase_id"": 4, ""prob"": 0.00032}, {""clase_id"": 50, ""prob"": 0.00031}, {""clase_id"": 29, ""prob"": 0.00027}]"
102975,2,0.99411,"[{""clase_id"": 2, ""prob"": 0.99411}, {""clase_id"": 42, ""prob"": 0.00028}, {""clase_id"": 50, ""prob"": 0.00028}, {""clase_id"": 4, ""prob"": 0.00028}, {""clase_id"": 61, ""prob"": 0.00021}]"
102976,2,0.99408,"[{""clase_id"": 2, ""prob"": 0.99408}, {""clase_id"": 50, ""prob"": 0.00051}, {""clase_id"": 4, ""prob"": 0.00039}, {""clase_id"": 61, ""prob"": 0.00022}, {""clase_id"": 42, ""prob"": 0.00022}]"
102977,2,0.99421,"[{""clase_id"": 2, ""prob"": 0.99421}, {""clase_id"": 4, ""prob"": 0.00033}, {""clase_id"": 50, ""prob"": 0.00033}, {""clase_id"": 42, ""prob"": 0.00025}, {""clase_id"": 61, ""prob"": 0.0002}]"
102978,2,0.99338,"[{""clase_id"": 2, ""prob"": 0.99338}, {""clase_id"": 4, ""prob"": 0.0004}, {""clase_id"": 61, ""prob"": 0.00034}, {""clase_id"": 42, ""prob"": 0.00032}, {""clase_id"": 54, ""prob"": 0.00031}]"
102979,2,0.99388,"[{""clase_id"": 2, ""prob"": 0.99388}, {""clase_id"": 61, ""prob"": 0.00039}, {""clase_id"": 50, ""prob"": 0.00036}, {""clase_id"": 4, ""prob"": 0.00029}, {""clase_id"": 42, ""prob"": 0.00029}]"
102980,2,0.99371,"[{""clase_id"": 2, ""prob"": 0.99371}, {""clase_id"": 4, ""prob"": 0.00054}, {""clase_id"": 50, ""prob"": 0.00054}, {""clase_id"": 61, ""prob"": 0.00023}, {""clase_id"": 32, ""prob"": 0.00021}]"
102981,2,0.99409,"[{""clase_id"": 2, ""prob"": 0.99409}, {""clase_id"": 50, ""prob"": 0.00038}, {""clase_id"": 4, ""prob"": 0.00033}, {""clase_id"": 61, ""prob"": 0.00024}, {""clase_id"": 42, ""prob"": 0.00023}]"
102982,2,0.99349,"[{""clase_id"": 2, ""prob"": 0.99349}, {""clase_id"": 42, ""prob"": 0.00041}, {""clase_id"": 32, ""prob"": 0.00028}, {""clase_id"": 61, ""prob"": 0.00027}, {""clase_id"": 4, ""prob"": 0.00026}]"
102983,2,0.99422,"[{""clase_id"": 2, ""prob"": 0.99422}, {""clase_id"": 50, ""prob"": 0.00038}, {""clase_id"": 4, ""prob"": 0.00037}, {""clase_id"": 54, ""prob"": 0.00029}, {""clase_id"": 15, ""prob"": 0.00021}]"
102984,2,0.98845,"[{""clase_id"": 2, ""prob"": 0.98845}, {""clase_id"": 50, ""prob"": 0.00083}, {""clase_id"": 57, ""prob"": 0.00056}, {""clase_id"": 4, ""prob"": 0.00054}, {""clase_id"": 15, ""prob"": 0.00044}]"
102985,2,0.99429,"[{""clase_id"": 2, ""prob"": 0.99429}, {""clase_id"": 50, ""prob"": 0.00049}, {""clase_id"": 4, ""prob"": 0.00036}, {""clase_id"": 61, ""prob"": 0.0002}, {""clase_id"": 32, ""prob"": 0.0002}]"
102986,2,0.99408,"[{""clase_id"": 2, ""prob"": 0.99408}, {""clase_id"": 4, ""prob"": 0.00037}, {""clase_id"": 50, ""prob"": 0.0003}, {""clase_id"": 42, ""prob"": 0.00025}, {""clase_id"": 61, ""prob"": 0.00023}]"
102987,2,0.99447,"[{""clase_id"": 2, ""prob"": 0.99447}, {""clase_id"": 50, ""prob"": 0.00035}, {""clase_id"": 4, ""prob"": 0.00033}, {""clase_id"": 61, ""prob"": 0.00027}, {""clase_id"": 42, ""prob"": 0.00023}]"
102988,2,0.99324,"[{""clase_id"": 2, ""prob"": 0.99324}, {""clase_id"": 42, ""prob"": 0.00046}, {""clase_id"": 4, ""prob"": 0.00036}, {""clase_id"": 61, ""prob"": 0.00036}, {""clase_id"": 23, ""prob"": 0.00027}]"
102989,2,0.99401,"[{""clase_id"": 2, ""prob"": 0.99401}, {""clase_id"": 42, ""prob"": 0.00032}, {""clase_id"": 4, ""prob"": 0.00031}, {""clase_id"": 50, ""prob"": 0.00027}, {""clase_id"": 61, ""prob"": 0.00026}]"
102990,2,0.99375,"[{""clase_id"": 2, ""prob"": 0.99375}, {""clase_id"": 50, ""prob"": 0.00058}, {""clase_id"": 4, ""prob"": 0.00042}, {""clase_id"": 32, ""prob"": 0.00025}, {""clase_id"": 61, ""prob"": 0.00023}]"
102991,2,0.99421,"[{""clase_id"": 2, ""prob"": 0.99421}, {""clase_id"": 61, ""prob"": 0.00035}, {""clase_id"": 42, ""prob"": 0.00029}, {""clase_id"": 4, ""prob"": 0.00028}, {""clase_id"": 50, ""prob"": 0.00022}]"
102992,2,0.99286,"[{""clase_id"": 2, ""prob"": 0.99286}, {""clase_id"": 42, ""prob"": 0.00048}, {""clase_id"": 4, ""prob"": 0.0004}, {""clase_id"": 50, ""prob"": 0.0003}, {""clase_id"": 62, ""prob"": 0.00028}]"
102993,2,0.99387,"[{""clase_id"": 2, ""prob"": 0.99387}, {""clase_id"": 50, ""prob"": 0.00069}, {""clase_id"": 61, ""prob"": 0.0003}, {""clase_id"": 4, ""prob"": 0.00025}, {""clase_id"": 42, ""prob"": 0.00021}]"
102994,2,0.99324,"[{""clase_id"": 2, ""prob"": 0.99324}, {""clase_id"": 42, ""prob"": 0.00049}, {""clase_id"": 4, ""prob"": 0.00035}, {""clase_id"": 61, ""prob"": 0.0003}, {""clase_id"": 23, ""prob"": 0.00027}]"
102995,2,0.99432,"[{""clase_id"": 2, ""prob"": 0.99432}, {""clase_id"": 50, ""prob"": 0.00042}, {""clase_id"": 4, ""prob"": 0.0004}, {""clase_id"": 61, ""prob"": 0.00026}, {""clase_id"": 32, ""prob"": 0.00021}]"
102996,2,0.99434,"[{""clase_id"": 2, ""prob"": 0.99434}, {""clase_id"": 50, ""prob"": 0.00043}, {""clase_id"": 4, ""prob"": 0.00033}, {""clase_id"": 42, ""prob"": 0.00023}, {""clase_id"": 61, ""prob"": 0.00022}]"
102997,2,0.99394,"[{""clase_id"": 2, ""prob"": 0.99394}, {""clase_id"": 50, ""prob"": 0.00046}, {""clase_id"": 61, ""prob"": 0.00031}, {""clase_id"": 4, ""prob"": 0.0003}, {""clase_id"": 54, ""prob"": 0.00029}]"
102998,2,0.99329,"[{""clase_id"": 2, ""prob"": 0.99329}, {""clase_id"": 42, ""prob"": 0.00058}, {""clase_id"": 61, ""prob"": 0.00032}, {""clase_id"": 4, ""prob"": 0.00027}, {""clase_id"": 50, ""prob"": 0.00025}]"
102999,2,0.99323,"[{""clase_id"": 2, ""prob"": 0.99323}, {""clase_id"": 50, ""prob"": 0.00067}, {""clase_id"": 54, ""prob"": 0.00031}, {""clase_id"": 61, ""prob"": 0.0003}, {""clase_id"": 4, ""prob"": 0.0003}]"
103000,69,0.98261,"[{""clase_id"": 69, ""prob"": 0.98261}, {""clase_id"": 74, ""prob"": 0.00687}, {""clase_id"": 68, ""prob"": 0.00269}, {""clase_id"": 32, ""prob"": 0.00047}, {""clase_id"": 10, ""prob"": 0.00034}]"
103001,69,0.9869,"[{""clase_id"": 69, ""prob"": 0.9869}, {""clase_id"": 74, ""prob"": 0.00386}, {""clase_id"": 68, ""prob"": 0.00127}, {""clase_id"": 32, ""prob"": 0.00047}, {""clase_id"": 26, ""prob"": 0.00034}]"
103002,69,0.98599,"[{""clase_id"": 69, ""prob"": 0.98599}, {""clase_id"": 74, ""prob"": 0.00516}, {""clase_id"": 68, ""prob"": 0.00127}, {""clase_id"": 32, ""prob"": 0.00039}, {""clase_id"": 10, ""prob"": 0.00032}]"
103003,69,0.94723,"[{""clase_id"": 69, ""prob"": 0.94723}, {""clase_id"": 74, ""prob"": 0.0403}, {""clase_id"": 68, ""prob"": 0.00231}, {""clase_id"": 26, ""prob"": 0.00053}, {""clase_id"": 13, ""prob"": 0.00047}]"
103004,69,0.55483,"[{""clase_id"": 69, ""prob"": 0.55483}, {""clase_id"": 68, ""prob"": 0.40542}, {""clase_id"": 74, ""prob"": 0.01579}, {""clase_id"": 32, ""prob"": 0.00107}, {""clase_id"": 30, ""prob"": 0.00096}]"
103005,69,0.98558,"[{""clase_id"": 69, ""prob"": 0.98558}, {""clase_id"": 74, ""prob"": 0.00319}, {""clase_id"": 68, ""prob"": 0.00221}, {""clase_id"": 32, ""prob"": 0.0005}, {""clase_id"": 47, ""prob"": 0.00035}]"
103006,69,0.98533,"[{""clase_id"": 69, ""prob"": 0.98533}, {""clase_id"": 74, ""prob"": 0.00579}, {""clase_id"": 68, ""prob"": 0.00141}, {""clase_id"": 32, ""prob"": 0.00046}, {""clase_id"": 26, ""prob"": 0.00034}]"
103007,69,0.96815,"[{""clase_id"": 69, ""prob"": 0.96815}, {""clase_id"": 74, ""prob"": 0.01768}, {""clase_id"": 68, ""prob"": 0.00139}, {""clase_id"": 1, ""prob"": 0.00126}, {""clase_id"": 26, ""prob"": 0.00069}]"
103008,74,0.90804,"[{""clase_id"": 74, ""prob"": 0.90804}, {""clase_id"": 69, ""prob"": 0.05879}, {""clase_id"": 68, ""prob"": 0.00538}, {""clase_id"": 71, ""prob"": 0.00436}, {""clase_id"": 44, ""prob"": 0.00133}]"
103009,69,0.98629,"[{""clase_id"": 69, ""prob"": 0.98629}, {""clase_id"": 74, ""prob"": 0.00315}, {""clase_id"": 68, ""prob"": 0.00141}, {""clase_id"": 13, ""prob"": 0.0004}, {""clase_id"": 32, ""prob"": 0.00038}]"
103010,69,0.98233,"[{""clase_id"": 69, ""prob"": 0.98233}, {""clase_id"": 68, ""prob"": 0.00408}, {""clase_id"": 74, ""prob"": 0.00248}, {""clase_id"": 32, ""prob"": 0.00067}, {""clase_id"": 10, ""prob"": 0.00056}]"
103011,69,0.98669,"[{""clase_id"": 69, ""prob"": 0.98669}, {""clase_id"": 74, ""prob"": 0.00362}, {""clase_id"": 68, ""prob"": 0.0019}, {""clase_id"": 32, ""prob"": 0.00046}, {""clase_id"": 26, ""prob"": 0.0003}]"
103012,69,0.90478,"[{""clase_id"": 69, ""prob"": 0.90478}, {""clase_id"": 74, ""prob"": 0.08019}, {""clase_id"": 68, ""prob"": 0.00495}, {""clase_id"": 26, ""prob"": 0.00051}, {""clase_id"": 1, ""prob"": 0.00043}]"
103013,69,0.63362,"[{""clase_id"": 69, ""prob"": 0.63362}, {""clase_id"": 68, ""prob"": 0.28888}, {""clase_id"": 74, ""prob"": 0.05813}, {""clase_id"": 30, ""prob"": 0.00112}, {""clase_id"": 32, ""prob"": 0.00075}]"
103014,69,0.98494,"[{""clase_id"": 69, ""prob"": 0.98494}, {""clase_id"": 74, ""prob"": 0.00363}, {""clase_id"": 68, ""prob"": 0.00255}, {""clase_id"": 13, ""prob"": 0.00049}, {""clase_id"": 32, ""prob"": 0.00046}]"
103015,69,0.96875,"[{""clase_id"": 69, ""prob"": 0.96875}, {""clase_id"": 74, ""prob"": 0.02065}, {""clase_id"": 68, ""prob"": 0.00281}, {""clase_id"": 32, ""prob"": 0.00042}, {""clase_id"": 26, ""prob"": 0.00032}]"
103016,69,0.98082,"[{""clase_id"": 69, ""prob"": 0.98082}, {""clase_id"": 68, ""prob"": 0.00164}, {""clase_id"": 74, ""prob"": 0.00156}, {""clase_id"": 10, ""prob"": 0.00072}, {""clase_id"": 32, ""prob"": 0.00071}]"
103017,69,0.9819,"[{""clase_id"": 69, ""prob"": 0.9819}, {""clase_id"": 68, ""prob"": 0.00204}, {""clase_id"": 74, ""prob"": 0.0017}, {""clase_id"": 32, ""prob"": 0.00083}, {""clase_id"": 10, ""prob"": 0.00079}]"
103018,69,0.98522,"[{""clase_id"": 69, ""prob"": 0.98522}, {""clase_id"": 74, ""prob"": 0.00373}, {""clase_id"": 68, ""prob"": 0.00306}, {""clase_id"": 32, ""prob"": 0.00053}, {""clase_id"": 10, ""prob"": 0.00034}]"
103019,69,0.9839,"[{""clase_id"": 69, ""prob"": 0.9839}, {""clase_id"": 68, ""prob"": 0.00304}, {""clase_id"": 74, ""prob"": 0.00215}, {""clase_id"": 32, ""prob"": 0.00075}, {""clase_id"": 10, ""prob"": 0.00057}]"
103020,69,0.95222,"[{""clase_id"": 69, ""prob"": 0.95222}, {""clase_id"": 74, ""prob"": 0.03323}, {""clase_id"": 68, ""prob"": 0.00534}, {""clase_id"": 32, ""prob"": 0.00058}, {""clase_id"": 26, ""prob"": 0.00041}]"
103021,69,0.98647,"[{""clase_id"": 69, ""prob"": 0.98647}, {""clase_id"": 74, ""prob"": 0.00232}, {""clase_id"": 68, ""prob"": 0.00183}, {""clase_id"": 32, ""prob"": 0.00055}, {""clase_id"": 10, ""prob"": 0.00044}]"
103022,69,0.97979,"[{""clase_id"": 69, ""prob"": 0.97979}, {""clase_id"": 68, ""prob"": 0.00649}, {""clase_id"": 74, ""prob"": 0.00282}, {""clase_id"": 32, ""prob"": 0.00075}, {""clase_id"": 10, ""prob"": 0.00052}]"
103023,69,0.98229,"[{""clase_id"": 69, ""prob"": 0.98229}, {""clase_id"": 74, ""prob"": 0.00635}, {""clase_id"": 68, ""prob"": 0.00278}, {""clase_id"": 32, ""prob"": 0.00071}, {""clase_id"": 1, ""prob"": 0.00052}]"
103024,69,0.37453,"[{""clase_id"": 69, ""prob"": 0.37453}, {""clase_id"": 68, ""prob"": 0.26535}, {""clase_id"": 74, ""prob"": 0.26124}, {""clase_id"": 30, ""prob"": 0.01353}, {""clase_id"": 32, ""prob"": 0.00834}]"
103025,69,0.9841,"[{""clase_id"": 69, ""prob"": 0.9841}, {""clase_id"": 74, ""prob"": 0.002}, {""clase_id"": 68, ""prob"": 0.00181}, {""clase_id"": 10, ""prob"": 0.00099}, {""clase_id"": 32, ""prob"": 0.00071}]"
103026,69,0.94674,"[{""clase_id"": 69, ""prob"": 0.94674}, {""clase_id"": 74, ""prob"": 0.02705}, {""clase_id"": 68, ""prob"": 0.01633}, {""clase_id"": 30, ""prob"": 0.00041}, {""clase_id"": 10, ""prob"": 0.00041}]"
103027,69,0.97997,"[{""clase_id"": 69, ""prob"": 0.97997}, {""clase_id"": 74, ""prob"": 0.00805}, {""clase_id"": 68, ""prob"": 0.00119}, {""clase_id"": 26, ""prob"": 0.00055}, {""clase_id"": 1, ""prob"": 0.00041}]"
103028,69,0.98498,"[{""clase_id"": 69, ""prob"": 0.98498}, {""clase_id"": 74, ""prob"": 0.00197}, {""clase_id"": 68, ""prob"": 0.00153}, {""clase_id"": 13, ""prob"": 0.00058}, {""clase_id"": 32, ""prob"": 0.00051}]"
103029,69,0.98502,"[{""clase_id"": 69, ""prob"": 0.98502}, {""clase_id"": 74, ""prob"": 0.00398}, {""clase_id"": 68, ""prob"": 0.0029}, {""clase_id"": 32, ""prob"": 0.00047}, {""clase_id"": 10, ""prob"": 0.00036}]"
103030,69,0.98512,"[{""clase_id"": 69, ""prob"": 0.98512}, {""clase_id"": 68, ""prob"": 0.0033}, {""clase_id"": 74, ""prob"": 0.00281}, {""clase_id"": 32, ""prob"": 0.0006}, {""clase_id"": 10, ""prob"": 0.00045}]"
103031,69,0.98652,"[{""clase_id"": 69, ""prob"": 0.98652}, {""clase_id"": 74, ""prob"": 0.00365}, {""clase_id"": 68, ""prob"": 0.00181}, {""clase_id"": 32, ""prob"": 0.00041}, {""clase_id"": 10, ""prob"": 0.00036}]"
103032,69,0.97749,"[{""clase_id"": 69, ""prob"": 0.97749}, {""clase_id"": 68, ""prob"": 0.00575}, {""clase_id"": 74, ""prob"": 0.00322}, {""clase_id"": 13, ""prob"": 0.00084}, {""clase_id"": 32, ""prob"": 0.00083}]"
103033,69,0.98562,"[{""clase_id"": 69, ""prob"": 0.98562}, {""clase_id"": 74, ""prob"": 0.00223}, {""clase_id"": 68, ""prob"": 0.0021}, {""clase_id"": 13, ""prob"": 0.00046}, {""clase_id"": 10, ""prob"": 0.00044}]"
103034,69,0.98585,"[{""clase_id"": 69, ""prob"": 0.98585}, {""clase_id"": 74, ""prob"": 0.0023}, {""clase_id"": 68, ""prob"": 0.00176}, {""clase_id"": 32, ""prob"": 0.00051}, {""clase_id"": 13, ""prob"": 0.00044}]"
103035,69,0.58651,"[{""clase_id"": 69, ""prob"": 0.58651}, {""clase_id"": 74, ""prob"": 0.19839}, {""clase_id"": 68, ""prob"": 0.19162}, {""clase_id"": 71, ""prob"": 0.00161}, {""clase_id"": 32, ""prob"": 0.00091}]"
103036,69,0.98531,"[{""clase_id"": 69, ""prob"": 0.98531}, {""clase_id"": 74, ""prob"": 0.00551}, {""clase_id"": 68, ""prob"": 0.0016}, {""clase_id"": 13, ""prob"": 0.00037}, {""clase_id"": 26, ""prob"": 0.0003}]"
103037,69,0.98386,"[{""clase_id"": 69, ""prob"": 0.98386}, {""clase_id"": 74, ""prob"": 0.00435}, {""clase_id"": 68, ""prob"": 0.00193}, {""clase_id"": 32, ""prob"": 0.00047}, {""clase_id"": 13, ""prob"": 0.00038}]"
103038,69,0.98492,"[{""clase_id"": 69, ""prob"": 0.98492}, {""clase_id"": 68, ""prob"": 0.00276}, {""clase_id"": 74, ""prob"": 0.00224}, {""clase_id"": 32, ""prob"": 0.00055}, {""clase_id"": 10, ""prob"": 0.00045}]"
103039,69,0.98581,"[{""clase_id"": 69, ""prob"": 0.98581}, {""clase_id"": 74, ""prob"": 0.00315}, {""clase_id"": 68, ""prob"": 0.00277}, {""clase_id"": 32, ""prob"": 0.00049}, {""clase_id"": 10, ""prob"": 0.00035}]"
103040,24,0.99366,"[{""clase_id"": 24, ""prob"": 0.99366}, {""clase_id"": 10, ""prob"": 0.00036}, {""clase_id"": 39, ""prob"": 0.00034}, {""clase_id"": 54, ""prob"": 0.00029}, {""clase_id"": 33, ""prob"": 0.00026}]"
103041,24,0.99214,"[{""clase_id"": 24, ""prob"": 0.99214}, {""clase_id"": 10, ""prob"": 0.00065}, {""clase_id"": 54, ""prob"": 0.0006}, {""clase_id"": 39, ""prob"": 0.00042}, {""clase_id"": 71, ""prob"": 0.00027}]"
103042,24,0.9928,"[{""clase_id"": 24, ""prob"": 0.9928}, {""clase_id"": 33, ""prob"": 0.00051}, {""clase_id"": 30, ""prob"": 0.00026}, {""clase_id"": 10, ""prob"": 0.00023}, {""clase_id"": 50, ""prob"": 0.00022}]"
103043,24,0.99386,"[{""clase_id"": 24, ""prob"": 0.99386}, {""clase_id"": 39, ""prob"": 0.00029}, {""clase_id"": 10, ""prob"": 0.00028}, {""clase_id"": 33, ""prob"": 0.00023}, {""clase_id"": 17, ""prob"": 0.00022}]"
103044,24,0.99271,"[{""clase_id"": 24, ""prob"": 0.99271}, {""clase_id"": 54, ""prob"": 0.00053}, {""clase_id"": 10, ""prob"": 0.0005}, {""clase_id"": 39, ""prob"": 0.00038}, {""clase_id"": 12, ""prob"": 0.00028}]"
103045,24,0.99308,"[{""clase_id"": 24, ""prob"": 0.99308}, {""clase_id"": 54, ""prob"": 0.00044}, {""clase_id"": 10, ""prob"": 0.00031}, {""clase_id"": 71, ""prob"": 0.00028}, {""clase_id"": 57, ""prob"": 0.00027}]"
103046,24,0.99302,"[{""clase_id"": 24, ""prob"": 0.99302}, {""clase_id"": 54, ""prob"": 0.00035}, {""clase_id"": 10, ""prob"": 0.00035}, {""clase_id"": 39, ""prob"": 0.00032}, {""clase_id"": 17, ""prob"": 0.00025}]"
103047,24,0.9923,"[{""clase_id"": 24, ""prob"": 0.9923}, {""clase_id"": 54, ""prob"": 0.00065}, {""clase_id"": 10, ""prob"": 0.00041}, {""clase_id"": 39, ""prob"": 0.00041}, {""clase_id"": 71, ""prob"": 0.00024}]"
103048,24,0.99371,"[{""clase_id"": 24, ""prob"": 0.99371}, {""clase_id"": 10, ""prob"": 0.00033}, {""clase_id"": 33, ""prob"": 0.00031}, {""clase_id"": 39, ""prob"": 0.00029}, {""clase_id"": 30, ""prob"": 0.00024}]"
103049,24,0.99397,"[{""clase_id"": 24, ""prob"": 0.99397}, {""clase_id"": 54, ""prob"": 0.00035}, {""clase_id"": 33, ""prob"": 0.00031}, {""clase_id"": 10, ""prob"": 0.00027}, {""clase_id"": 39, ""prob"": 0.00023}]"
103050,24,0.9937,"[{""clase_id"": 24, ""prob"": 0.9937}, {""clase_id"": 10, ""prob"": 0.00027}, {""clase_id"": 33, ""prob"": 0.00026}, {""clase_id"": 54, ""prob"": 0.00025}, {""clase_id"": 30, ""prob"": 0.00024}]"
103051,24,0.97483,"[{""clase_id"": 24, ""prob"": 0.97483}, {""clase_id"": 50, ""prob"": 0.00422}, {""clase_id"": 10, ""prob"": 0.00288}, {""clase_id"": 70, ""prob"": 0.00139}, {""clase_id"": 33, ""prob"": 0.00135}]"
103052,24,0.97517,"[{""clase_id"": 24, ""prob"": 0.97517}, {""clase_id"": 36, ""prob"": 0.00435}, {""clase_id"": 33, ""prob"": 0.00152}, {""clase_id"": 54, ""prob"": 0.0012}, {""clase_id"": 31, ""prob"": 0.00091}]"
103053,24,0.9923,"[{""clase_id"": 24, ""prob"": 0.9923}, {""clase_id"": 33, ""prob"": 0.00069}, {""clase_id"": 50, ""prob"": 0.00054}, {""clase_id"": 10, ""prob"": 0.00048}, {""clase_id"": 54, ""prob"": 0.00047}]"
103054,24,0.98776,"[{""clase_id"": 24, ""prob"": 0.98776}, {""clase_id"": 9, ""prob"": 0.00162}, {""clase_id"": 54, ""prob"": 0.00126}, {""clase_id"": 39, ""prob"": 0.00072}, {""clase_id"": 33, ""prob"": 0.00056}]"
103055,24,0.99381,"[{""clase_id"": 24, ""prob"": 0.99381}, {""clase_id"": 10, ""prob"": 0.00026}, {""clase_id"": 54, ""prob"": 0.00026}, {""clase_id"": 33, ""prob"": 0.00025}, {""clase_id"": 39, ""prob"": 0.00022}]"
103056,24,0.98831,"[{""clase_id"": 24, ""prob"": 0.98831}, {""clase_id"": 54, ""prob"": 0.00175}, {""clase_id"": 50, ""prob"": 0.00084}, {""clase_id"": 36, ""prob"": 0.00072}, {""clase_id"": 33, ""prob"": 0.00059}]"
103057,24,0.99379,"[{""clase_id"": 24, ""prob"": 0.99379}, {""clase_id"": 10, ""prob"": 0.00036}, {""clase_id"": 33, ""prob"": 0.00031}, {""clase_id"": 17, ""prob"": 0.00025}, {""clase_id"": 30, ""prob"": 0.00021}]"
103058,41,0.27036,"[{""clase_id"": 41, ""prob"": 0.27036}, {""clase_id"": 24, ""prob"": 0.22675}, {""clase_id"": 70, ""prob"": 0.13537}, {""clase_id"": 10, ""prob"": 0.04257}, {""clase_id"": 11, ""prob"": 0.03223}]"
103059,24,0.99429,"[{""clase_id"": 24, ""prob"": 0.99429}, {""clase_id"": 10, ""prob"": 0.00028}, {""clase_id"": 54, ""prob"": 0.00026}, {""clase_id"": 33, ""prob"": 0.00023}, {""clase_id"": 39, ""prob"": 0.00021}]"
103060,24,0.99105,"[{""clase_id"": 24, ""prob"": 0.99105}, {""clase_id"": 33, ""prob"": 0.00086}, {""clase_id"": 54, ""prob"": 0.00042}, {""clase_id"": 50, ""prob"": 0.00039}, {""clase_id"": 36, ""prob"": 0.00035}]"
103061,24,0.98376,"[{""clase_id"": 24, ""prob"": 0.98376}, {""clase_id"": 54, ""prob"": 0.00241}, {""clase_id"": 10, ""prob"": 0.00231}, {""clase_id"": 39, ""prob"": 0.00086}, {""clase_id"": 57, ""prob"": 0.00076}]"
103062,24,0.99342,"[{""clase_id"": 24, ""prob"": 0.99342}, {""clase_id"": 39, ""prob"": 0.0003}, {""clase_id"": 33, ""prob"": 0.00027}, {""clase_id"": 17, ""prob"": 0.00024}, {""clase_id"": 30, ""prob"": 0.00023}]"
103063,24,0.9924,"[{""clase_id"": 24, ""prob"": 0.9924}, {""clase_id"": 39, ""prob"": 0.0004}, {""clase_id"": 33, ""prob"": 0.00027}, {""clase_id"": 30, ""prob"": 0.00027}, {""clase_id"": 17, ""prob"": 0.00026}]"
103064,24,0.95406,"[{""clase_id"": 24, ""prob"": 0.95406}, {""clase_id"": 10, ""prob"": 0.01415}, {""clase_id"": 69, ""prob"": 0.00175}, {""clase_id"": 22, ""prob"": 0.00158}, {""clase_id"": 30, ""prob"": 0.00144}]"
103065,24,0.99404,"[{""clase_id"": 24, ""prob"": 0.99404}, {""clase_id"": 39, ""prob"": 0.00028}, {""clase_id"": 10, ""prob"": 0.00025}, {""clase_id"": 33, ""prob"": 0.00025}, {""clase_id"": 30, ""prob"": 0.00022}]"
103066,24,0.98246,"[{""clase_id"": 24, ""prob"": 0.98246}, {""clase_id"": 12, ""prob"": 0.00291}, {""clase_id"": 67, ""prob"": 0.00109}, {""clase_id"": 17, ""prob"": 0.00081}, {""clase_id"": 9, ""prob"": 0.00066}]"
103067,24,0.99389,"[{""clase_id"": 24, ""prob"": 0.99389}, {""clase_id"": 10, ""prob"": 0.00045}, {""clase_id"": 39, ""prob"": 0.00029}, {""clase_id"": 54, ""prob"": 0.00024}, {""clase_id"": 17, ""prob"": 0.00022}]"
103068,24,0.99383,"[{""clase_id"": 24, ""prob"": 0.99383}, {""clase_id"": 33, ""prob"": 0.00028}, {""clase_id"": 10, ""prob"": 0.00027}, {""clase_id"": 39, ""prob"": 0.00027}, {""clase_id"": 30, ""prob"": 0.00025}]"
103069,24,0.99344,"[{""clase_id"": 24, ""prob"": 0.99344}, {""clase_id"": 30, ""prob"": 0.00032}, {""clase_id"": 33, ""prob"": 0.00031}, {""clase_id"": 10, ""prob"": 0.0003}, {""clase_id"": 39, ""prob"": 0.00029}]"
103070,24,0.99373,"[{""clase_id"": 24, ""prob"": 0.99373}, {""clase_id"": 10, ""prob"": 0.00035}, {""clase_id"": 39, ""prob"": 0.00032}, {""clase_id"": 54, ""prob"": 0.00027}, {""clase_id"": 30, ""prob"": 0.00025}]"
103071,24,0.97427,"[{""clase_id"": 24, ""prob"": 0.97427}, {""clase_id"": 54, ""prob"": 0.00452}, {""clase_id"": 10, ""prob"": 0.0018}, {""clase_id"": 36, ""prob"": 0.00175}, {""clase_id"": 50, ""prob"": 0.00096}]"
103072,24,0.99361,"[{""clase_id"": 24, ""prob"": 0.99361}, {""clase_id"": 10, ""prob"": 0.00035}, {""clase_id"": 33, ""prob"": 0.00031}, {""clase_id"": 54, ""prob"": 0.00028}, {""clase_id"": 39, ""prob"": 0.00021}]"
103073,24,0.99315,"[{""clase_id"": 24, ""prob"": 0.99315}, {""clase_id"": 33, ""prob"": 0.00034}, {""clase_id"": 39, ""prob"": 0.00033}, {""clase_id"": 30, ""prob"": 0.00031}, {""clase_id"": 10, ""prob"": 0.00024}]"
103074,24,0.99341,"[{""clase_id"": 24, ""prob"": 0.99341}, {""clase_id"": 10, ""prob"": 0.00032}, {""clase_id"": 39, ""prob"": 0.00027}, {""clase_id"": 30, ""prob"": 0.00025}, {""clase_id"": 54, ""prob"": 0.00024}]"
103075,24,0.99306,"[{""clase_id"": 24, ""prob"": 0.99306}, {""clase_id"": 54, ""prob"": 0.00044}, {""clase_id"": 10, ""prob"": 0.00033}, {""clase_id"": 39, ""prob"": 0.00028}, {""clase_id"": 17, ""prob"": 0.00023}]"
103076,24,0.99254,"[{""clase_id"": 24, ""prob"": 0.99254}, {""clase_id"": 36, ""prob"": 0.00035}, {""clase_id"": 54, ""prob"": 0.00034}, {""clase_id"": 39, ""prob"": 0.00033}, {""clase_id"": 33, ""prob"": 0.0003}]"
103077,24,0.99373,"[{""clase_id"": 24, ""prob"": 0.99373}, {""clase_id"": 33, ""prob"": 0.00032}, {""clase_id"": 39, ""prob"": 0.0003}, {""clase_id"": 30, ""prob"": 0.00025}, {""clase_id"": 10, ""prob"": 0.00025}]"
103078,24,0.99269,"[{""clase_id"": 24, ""prob"": 0.99269}, {""clase_id"": 33, ""prob"": 0.00038}, {""clase_id"": 39, ""prob"": 0.00034}, {""clase_id"": 10, ""prob"": 0.00028}, {""clase_id"": 30, ""prob"": 0.00027}]"
103079,24,0.99061,"[{""clase_id"": 24, ""prob"": 0.99061}, {""clase_id"": 10, ""prob"": 0.00155}, {""clase_id"": 54, ""prob"": 0.00055}, {""clase_id"": 39, ""prob"": 0.0004}, {""clase_id"": 12, ""prob"": 0.00035}]"
